#
# There is insufficient memory for the Java Runtime Environment to continue.
# Native memory allocation (mmap) failed to map 629145600 bytes for G1 virtual space
# Possible reasons:
#   The system is out of physical RAM or swap space
#   The process is running with CompressedOops enabled, and the Java Heap may be blocking the growth of the native heap
# Possible solutions:
#   Reduce memory load on the system
#   Increase physical memory or swap space
#   Check if swap backing store is full
#   Decrease Java heap size (-Xmx/-Xms)
#   Decrease number of Java threads
#   Decrease Java thread stack sizes (-Xss)
#   Set larger code cache with -XX:ReservedCodeCacheSize=
#   JVM is running with Zero Based Compressed Oops mode in which the Java heap is
#     placed in the first 32GB address space. The Java Heap base address is the
#     maximum limit for the native heap growth. Please use -XX:HeapBaseMinAddress
#     to set the Java Heap base and to place the Java Heap above 32GB virtual address.
# This output file may be truncated or incomplete.
#
#  Out of Memory Error (os_windows.cpp:3548), pid=26216, tid=27148
#
# JRE version: Java(TM) SE Runtime Environment (17.0.12+8) (build 17.0.12+8-LTS-286)
# Java VM: Java HotSpot(TM) 64-Bit Server VM (17.0.12+8-LTS-286, mixed mode, sharing, tiered, compressed oops, compressed class ptrs, g1 gc, windows-amd64)
# No core dump will be written. Minidumps are not enabled by default on client versions of Windows
#

---------------  S U M M A R Y ------------

Command Line: --add-opens=java.base/java.lang=ALL-UNNAMED --add-opens=java.base/java.lang.invoke=ALL-UNNAMED --add-opens=java.base/java.util=ALL-UNNAMED --add-opens=java.prefs/java.util.prefs=ALL-UNNAMED --add-exports=jdk.compiler/com.sun.tools.javac.api=ALL-UNNAMED --add-exports=jdk.compiler/com.sun.tools.javac.util=ALL-UNNAMED --add-opens=java.base/java.util=ALL-UNNAMED --add-opens=java.prefs/java.util.prefs=ALL-UNNAMED --add-opens=java.base/java.nio.charset=ALL-UNNAMED --add-opens=java.base/java.net=ALL-UNNAMED --add-opens=java.base/java.util.concurrent=ALL-UNNAMED --add-opens=java.base/java.util.concurrent.atomic=ALL-UNNAMED --add-opens=java.xml/javax.xml.namespace=ALL-UNNAMED -XX:MaxMetaspaceSize=512m -Xmx4096m -Dfile.encoding=windows-1252 -Duser.country=IN -Duser.language=en -Duser.variant -javaagent:C:\Users\rudra\.gradle\wrapper\dists\gradle-9.0.0-bin\d6wjpkvcgsg3oed0qlfss3wgl\gradle-9.0.0\lib\agents\gradle-instrumentation-agent-9.0.0.jar org.gradle.launcher.daemon.bootstrap.GradleDaemon 9.0.0

Host: Intel(R) Core(TM) i5-8350U CPU @ 1.70GHz, 8 cores, 7G,  Windows 11 , 64 bit Build 26100 (10.0.26100.6725)
Time: Fri Oct 24 12:45:43 2025 India Standard Time elapsed time: 6677.754592 seconds (0d 1h 51m 17s)

---------------  T H R E A D  ---------------

Current thread (0x000001cdc8e97610):  VMThread "VM Thread" [stack: 0x0000008a58b00000,0x0000008a58c00000] [id=27148]

Stack: [0x0000008a58b00000,0x0000008a58c00000]
Native frames: (J=compiled Java code, j=interpreted, Vv=VM code, C=native code)
V  [jvm.dll+0x67a04a]
V  [jvm.dll+0x7da4ed]
V  [jvm.dll+0x7dbe33]
V  [jvm.dll+0x7dc4a3]
V  [jvm.dll+0x24508f]
V  [jvm.dll+0x677089]
V  [jvm.dll+0x66bd32]
V  [jvm.dll+0x301fa6]
V  [jvm.dll+0x309546]
V  [jvm.dll+0x359d2e]
V  [jvm.dll+0x359f5f]
V  [jvm.dll+0x2d9078]
V  [jvm.dll+0x2d74ad]
V  [jvm.dll+0x2d6afc]
V  [jvm.dll+0x31a65b]
V  [jvm.dll+0x7e0d9b]
V  [jvm.dll+0x7e1ad4]
V  [jvm.dll+0x7e1fed]
V  [jvm.dll+0x7e23c4]
V  [jvm.dll+0x7e2490]
V  [jvm.dll+0x78abea]
V  [jvm.dll+0x678f35]
C  [ucrtbase.dll+0x37b0]
C  [KERNEL32.DLL+0x2e8d7]
C  [ntdll.dll+0x8c53c]

VM_Operation (0x0000008a5f3faaa0): G1CollectForAllocation, mode: safepoint, requested by thread 0x000001cdf6988750


---------------  P R O C E S S  ---------------

Threads class SMR info:
_java_thread_list=0x000001cd80bb01a0, length=171, elements={
0x000001cda58894d0, 0x000001cdc8e9e700, 0x000001cdc8e9fb40, 0x000001cdc8eb3750,
0x000001cdc8eb4020, 0x000001cdc8eb5460, 0x000001cdc8eb68a0, 0x000001cdc8ec7060,
0x000001cdc8ef09a0, 0x000001cde8118090, 0x000001cde82057b0, 0x000001cde8207100,
0x000001cde8208540, 0x000001cde82052a0, 0x000001cde82061d0, 0x000001cde8d5eef0,
0x000001cde8d5c670, 0x000001cde8d5cb80, 0x000001cde8d5f910, 0x000001cde8d5c160,
0x000001cdeb2affc0, 0x000001cdeb2afab0, 0x000001cde91e7a60, 0x000001cdec84e5b0,
0x000001cdec84eac0, 0x000001cdec84bd30, 0x000001cdec84f9f0, 0x000001cdec84ff00,
0x000001cdee27de90, 0x000001cdee27f2d0, 0x000001cde91e93b0, 0x000001cde91e9dd0,
0x000001cdf708a350, 0x000001cdee777e90, 0x000001cdecb17a90, 0x000001cdecb17580,
0x000001cdf50cad50, 0x000001cdeef4b890, 0x000001cdee777980, 0x000001cdee777470,
0x000001cdee7783a0, 0x000001cdf4a8cd70, 0x000001cdf4a8af10, 0x000001cdf4a8e1b0,
0x000001cdf4a8b420, 0x000001cdf4a8d280, 0x000001cdeef4bda0, 0x000001cdeef4ae70,
0x000001cdeef4b380, 0x000001cdeef4c2b0, 0x000001cdeef4c7c0, 0x000001cdeef4dc00,
0x000001cdeef4d6f0, 0x000001cdeef4ccd0, 0x000001cdeef4a960, 0x000001cdeef4e110,
0x000001cdedc98ec0, 0x000001cdedc97f90, 0x000001cdedc97570, 0x000001cdedc9a300,
0x000001cdedc97060, 0x000001cdedc99df0, 0x000001cdeb2b09e0, 0x000001cdeb2b04d0,
0x000001cdeb2af5a0, 0x000001cdeb2b2330, 0x000001cdeb2b2840, 0x000001cdeb2b3770,
0x000001cdeb2b3260, 0x000001cdeb2b4190, 0x000001cdedc984a0, 0x000001cdf9318ff0,
0x000001cdf9316c80, 0x000001cdf9316260, 0x000001cdf93176a0, 0x000001cdf9317bb0,
0x000001cdf93180c0, 0x000001cdf6c01ac0, 0x000001cdf6bff240, 0x000001cdf6c00680,
0x000001cdf6bff750, 0x000001cdf6c015b0, 0x000001cdf6c00b90, 0x000001cdf6c01fd0,
0x000001cdf6c010a0, 0x000001cdf6c024e0, 0x000001cdf6c029f0, 0x000001cdecb189c0,
0x000001cdecb17fa0, 0x000001cdecb1a310, 0x000001cdecb18ed0, 0x000001cdecb17070,
0x000001cdecb193e0, 0x000001cdff43e5e0, 0x000001cdedc97a80, 0x000001cdedc993d0,
0x000001cdedc998e0, 0x000001cdeb2b46a0, 0x000001cdeb2b4bb0, 0x000001cdeb2b50c0,
0x000001cdeb2b1910, 0x000001cdf6988750, 0x000001cdf69868f0, 0x000001cdf698a0a0,
0x000001cdf6988c60, 0x000001cdf6987d30, 0x000001cdf6989b90, 0x000001cdf6987310,
0x000001cdf490d460, 0x000001cdf490d970, 0x000001cdf490c530, 0x000001cdf490ca40,
0x000001cdef80ffc0, 0x000001cdef8104d0, 0x000001cdef8109e0, 0x000001cd812e2ac0,
0x000001cd812e1680, 0x000001cd812e25b0, 0x000001cd812e2fd0, 0x000001cdef80fab0,
0x000001cdef80f5a0, 0x000001cdef80f090, 0x000001cdeb2b55d0, 0x000001cdef880080,
0x000001cdef880590, 0x000001cdef880aa0, 0x000001cdef880fb0, 0x000001cdef8814c0,
0x000001cdef8819d0, 0x000001cdfe8bc310, 0x000001cdfe8bc820, 0x000001cdfe8b9070,
0x000001cdfe8b9a90, 0x000001cdfe8b9580, 0x000001cdfe8b9fa0, 0x000001cdfe8bb8f0,
0x000001cdfe8ba9c0, 0x000001cdfe8bbe00, 0x000001cdfe8baed0, 0x000001cdfe8bb3e0,
0x000001cdfe8ba4b0, 0x000001cdff43c780, 0x000001cdff43c270, 0x000001cdeb2b5ae0,
0x000001cdeb2b6a10, 0x000001cdf4a8e6c0, 0x000001cdf8211ca0, 0x000001cdf82130e0,
0x000001cdf4a8c860, 0x000001cdf50cb260, 0x000001cdf820f930, 0x000001cdf6986e00,
0x000001cdf6989680, 0x000001cdf6c00170, 0x000001cd812a08c0, 0x000001cd80e3b9b0,
0x000001cd80e3bec0, 0x000001cd80e3af90, 0x000001cdf5a7b1b0, 0x000001cdf50c7ab0,
0x000001cd80e3a060, 0x000001cd80e3b4a0, 0x000001cdeb2b5ff0, 0x000001cdeb2b6500,
0x000001cdff43cc90, 0x000001cdff43eaf0, 0x000001cd80e38710, 0x000001cdf8211280,
0x000001cdf820fe40, 0x000001cdf60d6d10, 0x000001cdf60d77b0
}

Java Threads: ( => current thread )
  0x000001cda58894d0 JavaThread "main" [_thread_blocked, id=29560, stack(0x0000008a58500000,0x0000008a58600000)]
  0x000001cdc8e9e700 JavaThread "Reference Handler" daemon [_thread_blocked, id=30960, stack(0x0000008a58c00000,0x0000008a58d00000)]
  0x000001cdc8e9fb40 JavaThread "Finalizer" daemon [_thread_blocked, id=33696, stack(0x0000008a58d00000,0x0000008a58e00000)]
  0x000001cdc8eb3750 JavaThread "Signal Dispatcher" daemon [_thread_blocked, id=6960, stack(0x0000008a58e00000,0x0000008a58f00000)]
  0x000001cdc8eb4020 JavaThread "Attach Listener" daemon [_thread_blocked, id=1192, stack(0x0000008a58f00000,0x0000008a59000000)]
  0x000001cdc8eb5460 JavaThread "Service Thread" daemon [_thread_blocked, id=34268, stack(0x0000008a59000000,0x0000008a59100000)]
  0x000001cdc8eb68a0 JavaThread "Monitor Deflation Thread" daemon [_thread_blocked, id=29112, stack(0x0000008a59100000,0x0000008a59200000)]
  0x000001cdc8ec7060 JavaThread "C2 CompilerThread0" daemon [_thread_blocked, id=26704, stack(0x0000008a59200000,0x0000008a59300000)]
  0x000001cdc8ef09a0 JavaThread "C1 CompilerThread0" daemon [_thread_blocked, id=29352, stack(0x0000008a59300000,0x0000008a59400000)]
  0x000001cde8118090 JavaThread "Sweeper thread" daemon [_thread_blocked, id=2912, stack(0x0000008a59400000,0x0000008a59500000)]
  0x000001cde82057b0 JavaThread "Common-Cleaner" daemon [_thread_blocked, id=23860, stack(0x0000008a59500000,0x0000008a59600000)]
  0x000001cde8207100 JavaThread "Notification Thread" daemon [_thread_blocked, id=8404, stack(0x0000008a59600000,0x0000008a59700000)]
  0x000001cde8208540 JavaThread "Daemon health stats" [_thread_blocked, id=11820, stack(0x0000008a59900000,0x0000008a59a00000)]
  0x000001cde82052a0 JavaThread "Incoming local TCP Connector on port 59658" [_thread_in_native, id=28972, stack(0x0000008a59800000,0x0000008a59900000)]
  0x000001cde82061d0 JavaThread "Daemon periodic checks" [_thread_blocked, id=29716, stack(0x0000008a59e00000,0x0000008a59f00000)]
  0x000001cde8d5eef0 JavaThread "Cache worker for journal cache (C:\Users\rudra\.gradle\caches\journal-1)" [_thread_blocked, id=34484, stack(0x0000008a5a600000,0x0000008a5a700000)]
  0x000001cde8d5c670 JavaThread "File lock request listener" [_thread_in_native, id=30164, stack(0x0000008a5a700000,0x0000008a5a800000)]
  0x000001cde8d5cb80 JavaThread "Cache worker for file hash cache (C:\Users\rudra\.gradle\caches\9.0.0\fileHashes)" [_thread_blocked, id=33676, stack(0x0000008a5a900000,0x0000008a5aa00000)]
  0x000001cde8d5f910 JavaThread "File watcher server" daemon [_thread_blocked, id=27560, stack(0x0000008a5ad00000,0x0000008a5ae00000)]
  0x000001cde8d5c160 JavaThread "File watcher consumer" daemon [_thread_blocked, id=22020, stack(0x0000008a5b000000,0x0000008a5b100000)]
  0x000001cdeb2affc0 JavaThread "Cache worker for file content cache (C:\Users\rudra\.gradle\caches\9.0.0\fileContent)" [_thread_blocked, id=4712, stack(0x0000008a5b200000,0x0000008a5b300000)]
  0x000001cdeb2afab0 JavaThread "jar transforms" [_thread_blocked, id=15948, stack(0x0000008a5b700000,0x0000008a5b800000)]
  0x000001cde91e7a60 JavaThread "Memory manager" [_thread_blocked, id=10696, stack(0x0000008a5d300000,0x0000008a5d400000)]
  0x000001cdec84e5b0 JavaThread "jar transforms Thread 2" [_thread_blocked, id=2180, stack(0x0000008a61900000,0x0000008a61a00000)]
  0x000001cdec84eac0 JavaThread "jar transforms Thread 3" [_thread_blocked, id=26904, stack(0x0000008a5d600000,0x0000008a5d700000)]
  0x000001cdec84bd30 JavaThread "jar transforms Thread 4" [_thread_blocked, id=35716, stack(0x0000008a61f00000,0x0000008a62000000)]
  0x000001cdec84f9f0 JavaThread "jar transforms Thread 5" [_thread_blocked, id=152, stack(0x0000008a61a00000,0x0000008a61b00000)]
  0x000001cdec84ff00 JavaThread "jar transforms Thread 6" [_thread_blocked, id=27116, stack(0x0000008a62000000,0x0000008a62100000)]
  0x000001cdee27de90 JavaThread "jar transforms Thread 7" [_thread_blocked, id=7320, stack(0x0000008a62400000,0x0000008a62500000)]
  0x000001cdee27f2d0 JavaThread "jar transforms Thread 8" [_thread_blocked, id=23600, stack(0x0000008a62500000,0x0000008a62600000)]
  0x000001cde91e93b0 JavaThread "RMI Scheduler(0)" daemon [_thread_blocked, id=26520, stack(0x0000008a5bb00000,0x0000008a5bc00000)]
  0x000001cde91e9dd0 JavaThread "RMI TCP Accept-0" daemon [_thread_in_native, id=10948, stack(0x0000008a5fb00000,0x0000008a5fc00000)]
  0x000001cdf708a350 JavaThread "Cache worker for Java compile cache (C:\Users\rudra\.gradle\caches\9.0.0\javaCompile)" [_thread_blocked, id=23768, stack(0x0000008a63300000,0x0000008a63400000)]
  0x000001cdee777e90 JavaThread "RMI TCP Accept-0" daemon [_thread_in_native, id=33244, stack(0x0000008a63400000,0x0000008a63500000)]
  0x000001cdecb17a90 JavaThread "ForkJoinPool.commonPool-worker-58" daemon [_thread_blocked, id=15092, stack(0x0000008a5ca00000,0x0000008a5cb00000)]
  0x000001cdecb17580 JavaThread "ForkJoinPool.commonPool-worker-62" daemon [_thread_blocked, id=29756, stack(0x0000008a5cd00000,0x0000008a5ce00000)]
  0x000001cdf50cad50 JavaThread "ForkJoinPool.commonPool-worker-63" daemon [_thread_blocked, id=21928, stack(0x0000008a5d000000,0x0000008a5d100000)]
  0x000001cdeef4b890 JavaThread "Daemon Thread 12" [_thread_blocked, id=18976, stack(0x0000008a58200000,0x0000008a58300000)]
  0x000001cdee777980 JavaThread "Handler for socket connection from /127.0.0.1:59658 to /127.0.0.1:60768" [_thread_in_native, id=27452, stack(0x0000008a58400000,0x0000008a58500000)]
  0x000001cdee777470 JavaThread "Cancel handler" [_thread_blocked, id=32676, stack(0x0000008a59f00000,0x0000008a5a000000)]
  0x000001cdee7783a0 JavaThread "Daemon worker Thread 12" [_thread_blocked, id=2316, stack(0x0000008a5a000000,0x0000008a5a100000)]
  0x000001cdf4a8cd70 JavaThread "Asynchronous log dispatcher for DefaultDaemonConnection: socket connection from /127.0.0.1:59658 to /127.0.0.1:60768" [_thread_blocked, id=34016, stack(0x0000008a5a100000,0x0000008a5a200000)]
  0x000001cdf4a8af10 JavaThread "Stdin handler" [_thread_blocked, id=25800, stack(0x0000008a5a200000,0x0000008a5a300000)]
  0x000001cdf4a8e1b0 JavaThread "Daemon client event forwarder" [_thread_blocked, id=12236, stack(0x0000008a5a300000,0x0000008a5a400000)]
  0x000001cdf4a8b420 JavaThread "Cache worker for file hash cache (D:\MERN\React Native\FirebaseAuth\android\.gradle\9.0.0\fileHashes)" [_thread_blocked, id=8940, stack(0x0000008a5a400000,0x0000008a5a500000)]
  0x000001cdf4a8d280 JavaThread "Cache worker for Build Output Cleanup Cache (D:\MERN\React Native\FirebaseAuth\android\.gradle\buildOutputCleanup)" [_thread_blocked, id=9696, stack(0x0000008a5a500000,0x0000008a5a600000)]
  0x000001cdeef4bda0 JavaThread "Cache worker for checksums cache (D:\MERN\React Native\FirebaseAuth\android\.gradle\9.0.0\checksums)" [_thread_blocked, id=11376, stack(0x0000008a5ae00000,0x0000008a5af00000)]
  0x000001cdeef4ae70 JavaThread "Cache worker for cache directory md-supplier (C:\Users\rudra\.gradle\caches\9.0.0\md-supplier)" [_thread_blocked, id=34264, stack(0x0000008a5af00000,0x0000008a5b000000)]
  0x000001cdeef4b380 JavaThread "Cache worker for cache directory md-rule (C:\Users\rudra\.gradle\caches\9.0.0\md-rule)" [_thread_blocked, id=18864, stack(0x0000008a5b100000,0x0000008a5b200000)]
  0x000001cdeef4c2b0 JavaThread "Cache worker for Build Output Cleanup Cache (D:\MERN\React Native\FirebaseAuth\node_modules\@react-native\gradle-plugin\.gradle\buildOutputCleanup)" [_thread_blocked, id=22212, stack(0x0000008a5b300000,0x0000008a5b400000)]
  0x000001cdeef4c7c0 JavaThread "Unconstrained build operations" [_thread_blocked, id=27464, stack(0x0000008a5b400000,0x0000008a5b500000)]
  0x000001cdeef4dc00 JavaThread "Unconstrained build operations Thread 2" [_thread_blocked, id=8216, stack(0x0000008a5b500000,0x0000008a5b600000)]
  0x000001cdeef4d6f0 JavaThread "Unconstrained build operations Thread 3" [_thread_blocked, id=4144, stack(0x0000008a5b600000,0x0000008a5b700000)]
  0x000001cdeef4ccd0 JavaThread "Unconstrained build operations Thread 4" [_thread_blocked, id=11348, stack(0x0000008a5b800000,0x0000008a5b900000)]
  0x000001cdeef4a960 JavaThread "Unconstrained build operations Thread 5" [_thread_blocked, id=19828, stack(0x0000008a5b900000,0x0000008a5ba00000)]
  0x000001cdeef4e110 JavaThread "Unconstrained build operations Thread 6" [_thread_blocked, id=28152, stack(0x0000008a5ba00000,0x0000008a5bb00000)]
  0x000001cdedc98ec0 JavaThread "Unconstrained build operations Thread 7" [_thread_blocked, id=34028, stack(0x0000008a5bc00000,0x0000008a5bd00000)]
  0x000001cdedc97f90 JavaThread "Unconstrained build operations Thread 8" [_thread_blocked, id=23412, stack(0x0000008a5bd00000,0x0000008a5be00000)]
  0x000001cdedc97570 JavaThread "Unconstrained build operations Thread 9" [_thread_blocked, id=1628, stack(0x0000008a5be00000,0x0000008a5bf00000)]
  0x000001cdedc9a300 JavaThread "Unconstrained build operations Thread 10" [_thread_blocked, id=15776, stack(0x0000008a5bf00000,0x0000008a5c000000)]
  0x000001cdedc97060 JavaThread "Unconstrained build operations Thread 11" [_thread_blocked, id=11560, stack(0x0000008a5c000000,0x0000008a5c100000)]
  0x000001cdedc99df0 JavaThread "Unconstrained build operations Thread 12" [_thread_blocked, id=13796, stack(0x0000008a5c100000,0x0000008a5c200000)]
  0x000001cdeb2b09e0 JavaThread "Unconstrained build operations Thread 13" [_thread_blocked, id=30444, stack(0x0000008a5c200000,0x0000008a5c300000)]
  0x000001cdeb2b04d0 JavaThread "Unconstrained build operations Thread 14" [_thread_blocked, id=27244, stack(0x0000008a5c300000,0x0000008a5c400000)]
  0x000001cdeb2af5a0 JavaThread "Unconstrained build operations Thread 15" [_thread_blocked, id=13120, stack(0x0000008a5c400000,0x0000008a5c500000)]
  0x000001cdeb2b2330 JavaThread "Unconstrained build operations Thread 16" [_thread_blocked, id=35752, stack(0x0000008a5c500000,0x0000008a5c600000)]
  0x000001cdeb2b2840 JavaThread "Unconstrained build operations Thread 17" [_thread_blocked, id=17668, stack(0x0000008a5c600000,0x0000008a5c700000)]
  0x000001cdeb2b3770 JavaThread "Unconstrained build operations Thread 18" [_thread_blocked, id=17412, stack(0x0000008a5c700000,0x0000008a5c800000)]
  0x000001cdeb2b3260 JavaThread "build event listener" [_thread_blocked, id=29384, stack(0x0000008a5c900000,0x0000008a5ca00000)]
  0x000001cdeb2b4190 JavaThread "ForkJoinPool.commonPool-worker-64" daemon [_thread_blocked, id=32696, stack(0x0000008a5cb00000,0x0000008a5cc00000)]
  0x000001cdedc984a0 JavaThread "included builds" [_thread_blocked, id=22244, stack(0x0000008a5d100000,0x0000008a5d200000)]
  0x000001cdf9318ff0 JavaThread "Execution worker" [_thread_blocked, id=14004, stack(0x0000008a5d200000,0x0000008a5d300000)]
  0x000001cdf9316c80 JavaThread "Execution worker Thread 2" [_thread_blocked, id=29884, stack(0x0000008a5d400000,0x0000008a5d500000)]
  0x000001cdf9316260 JavaThread "Execution worker Thread 3" [_thread_blocked, id=27204, stack(0x0000008a5d500000,0x0000008a5d600000)]
  0x000001cdf93176a0 JavaThread "Execution worker Thread 4" [_thread_blocked, id=34620, stack(0x0000008a5d700000,0x0000008a5d800000)]
  0x000001cdf9317bb0 JavaThread "Execution worker Thread 5" [_thread_blocked, id=8988, stack(0x0000008a5d800000,0x0000008a5d900000)]
  0x000001cdf93180c0 JavaThread "Execution worker Thread 6" [_thread_blocked, id=13508, stack(0x0000008a5d900000,0x0000008a5da00000)]
  0x000001cdf6c01ac0 JavaThread "Execution worker Thread 7" [_thread_blocked, id=32620, stack(0x0000008a5da00000,0x0000008a5db00000)]
  0x000001cdf6bff240 JavaThread "Cache worker for execution history cache (D:\MERN\React Native\FirebaseAuth\node_modules\@react-native\gradle-plugin\.gradle\9.0.0\executionHistory)" [_thread_blocked, id=19524, stack(0x0000008a5db00000,0x0000008a5dc00000)]
  0x000001cdf6c00680 JavaThread "Unconstrained build operations Thread 19" [_thread_blocked, id=21980, stack(0x0000008a5dc00000,0x0000008a5dd00000)]
  0x000001cdf6bff750 JavaThread "Unconstrained build operations Thread 20" [_thread_blocked, id=32392, stack(0x0000008a5dd00000,0x0000008a5de00000)]
  0x000001cdf6c015b0 JavaThread "Unconstrained build operations Thread 21" [_thread_blocked, id=10564, stack(0x0000008a5de00000,0x0000008a5df00000)]
  0x000001cdf6c00b90 JavaThread "Unconstrained build operations Thread 22" [_thread_blocked, id=4732, stack(0x0000008a5df00000,0x0000008a5e000000)]
  0x000001cdf6c01fd0 JavaThread "Unconstrained build operations Thread 23" [_thread_blocked, id=25584, stack(0x0000008a5e000000,0x0000008a5e100000)]
  0x000001cdf6c010a0 JavaThread "Unconstrained build operations Thread 24" [_thread_blocked, id=14804, stack(0x0000008a5e100000,0x0000008a5e200000)]
  0x000001cdf6c024e0 JavaThread "Unconstrained build operations Thread 25" [_thread_blocked, id=7152, stack(0x0000008a5e200000,0x0000008a5e300000)]
  0x000001cdf6c029f0 JavaThread "Unconstrained build operations Thread 26" [_thread_blocked, id=1700, stack(0x0000008a5e300000,0x0000008a5e400000)]
  0x000001cdecb189c0 JavaThread "Unconstrained build operations Thread 27" [_thread_blocked, id=32144, stack(0x0000008a5e400000,0x0000008a5e500000)]
  0x000001cdecb17fa0 JavaThread "Unconstrained build operations Thread 28" [_thread_blocked, id=6228, stack(0x0000008a5e500000,0x0000008a5e600000)]
  0x000001cdecb1a310 JavaThread "Unconstrained build operations Thread 29" [_thread_blocked, id=12840, stack(0x0000008a5e600000,0x0000008a5e700000)]
  0x000001cdecb18ed0 JavaThread "Unconstrained build operations Thread 30" [_thread_blocked, id=31804, stack(0x0000008a5e700000,0x0000008a5e800000)]
  0x000001cdecb17070 JavaThread "Unconstrained build operations Thread 31" [_thread_blocked, id=3512, stack(0x0000008a5e800000,0x0000008a5e900000)]
  0x000001cdecb193e0 JavaThread "Unconstrained build operations Thread 32" [_thread_blocked, id=10884, stack(0x0000008a5e900000,0x0000008a5ea00000)]
  0x000001cdff43e5e0 JavaThread "Unconstrained build operations Thread 33" [_thread_blocked, id=35444, stack(0x0000008a5ea00000,0x0000008a5eb00000)]
  0x000001cdedc97a80 JavaThread "Unconstrained build operations Thread 34" [_thread_blocked, id=8244, stack(0x0000008a5eb00000,0x0000008a5ec00000)]
  0x000001cdedc993d0 JavaThread "Unconstrained build operations Thread 35" [_thread_blocked, id=6116, stack(0x0000008a5ec00000,0x0000008a5ed00000)]
  0x000001cdedc998e0 JavaThread "Unconstrained build operations Thread 36" [_thread_blocked, id=26112, stack(0x0000008a5ed00000,0x0000008a5ee00000)]
  0x000001cdeb2b46a0 JavaThread "Unconstrained build operations Thread 37" [_thread_blocked, id=10008, stack(0x0000008a5ee00000,0x0000008a5ef00000)]
  0x000001cdeb2b4bb0 JavaThread "Unconstrained build operations Thread 38" [_thread_blocked, id=35556, stack(0x0000008a5f000000,0x0000008a5f100000)]
  0x000001cdeb2b50c0 JavaThread "Unconstrained build operations Thread 39" [_thread_blocked, id=7144, stack(0x0000008a5f100000,0x0000008a5f200000)]
  0x000001cdeb2b1910 JavaThread "Unconstrained build operations Thread 40" [_thread_blocked, id=12668, stack(0x0000008a5f200000,0x0000008a5f300000)]
  0x000001cdf6988750 JavaThread "Unconstrained build operations Thread 41" [_thread_blocked, id=12016, stack(0x0000008a5f300000,0x0000008a5f400000)]
  0x000001cdf69868f0 JavaThread "Unconstrained build operations Thread 42" [_thread_blocked, id=7732, stack(0x0000008a5f400000,0x0000008a5f500000)]
  0x000001cdf698a0a0 JavaThread "Unconstrained build operations Thread 43" [_thread_blocked, id=17236, stack(0x0000008a5f500000,0x0000008a5f600000)]
  0x000001cdf6988c60 JavaThread "Unconstrained build operations Thread 44" [_thread_blocked, id=1320, stack(0x0000008a5f600000,0x0000008a5f700000)]
  0x000001cdf6987d30 JavaThread "Unconstrained build operations Thread 45" [_thread_blocked, id=25200, stack(0x0000008a5f700000,0x0000008a5f800000)]
  0x000001cdf6989b90 JavaThread "Unconstrained build operations Thread 46" [_thread_blocked, id=30488, stack(0x0000008a5f800000,0x0000008a5f900000)]
  0x000001cdf6987310 JavaThread "Unconstrained build operations Thread 47" [_thread_blocked, id=16940, stack(0x0000008a5f900000,0x0000008a5fa00000)]
  0x000001cdf490d460 JavaThread "Unconstrained build operations Thread 48" [_thread_blocked, id=10952, stack(0x0000008a5fa00000,0x0000008a5fb00000)]
  0x000001cdf490d970 JavaThread "Unconstrained build operations Thread 49" [_thread_blocked, id=22544, stack(0x0000008a5fc00000,0x0000008a5fd00000)]
  0x000001cdf490c530 JavaThread "Unconstrained build operations Thread 50" [_thread_blocked, id=15256, stack(0x0000008a5fd00000,0x0000008a5fe00000)]
  0x000001cdf490ca40 JavaThread "Unconstrained build operations Thread 51" [_thread_blocked, id=20008, stack(0x0000008a5fe00000,0x0000008a5ff00000)]
  0x000001cdef80ffc0 JavaThread "Unconstrained build operations Thread 52" [_thread_blocked, id=20228, stack(0x0000008a5ff00000,0x0000008a60000000)]
  0x000001cdef8104d0 JavaThread "Unconstrained build operations Thread 53" [_thread_blocked, id=20932, stack(0x0000008a60000000,0x0000008a60100000)]
  0x000001cdef8109e0 JavaThread "Unconstrained build operations Thread 54" [_thread_blocked, id=14368, stack(0x0000008a60100000,0x0000008a60200000)]
  0x000001cd812e2ac0 JavaThread "Unconstrained build operations Thread 55" [_thread_blocked, id=33224, stack(0x0000008a60200000,0x0000008a60300000)]
  0x000001cd812e1680 JavaThread "Unconstrained build operations Thread 56" [_thread_blocked, id=24948, stack(0x0000008a60300000,0x0000008a60400000)]
  0x000001cd812e25b0 JavaThread "Unconstrained build operations Thread 57" [_thread_blocked, id=7160, stack(0x0000008a60400000,0x0000008a60500000)]
  0x000001cd812e2fd0 JavaThread "Unconstrained build operations Thread 58" [_thread_blocked, id=7624, stack(0x0000008a60500000,0x0000008a60600000)]
  0x000001cdef80fab0 JavaThread "Unconstrained build operations Thread 59" [_thread_blocked, id=11236, stack(0x0000008a60600000,0x0000008a60700000)]
  0x000001cdef80f5a0 JavaThread "Unconstrained build operations Thread 60" [_thread_blocked, id=1768, stack(0x0000008a60700000,0x0000008a60800000)]
  0x000001cdef80f090 JavaThread "Unconstrained build operations Thread 61" [_thread_blocked, id=27704, stack(0x0000008a60800000,0x0000008a60900000)]
  0x000001cdeb2b55d0 JavaThread "Unconstrained build operations Thread 62" [_thread_blocked, id=30972, stack(0x0000008a60900000,0x0000008a60a00000)]
  0x000001cdef880080 JavaThread "Unconstrained build operations Thread 63" [_thread_blocked, id=24492, stack(0x0000008a60a00000,0x0000008a60b00000)]
  0x000001cdef880590 JavaThread "Unconstrained build operations Thread 64" [_thread_blocked, id=25744, stack(0x0000008a60b00000,0x0000008a60c00000)]
  0x000001cdef880aa0 JavaThread "Unconstrained build operations Thread 65" [_thread_blocked, id=4348, stack(0x0000008a60c00000,0x0000008a60d00000)]
  0x000001cdef880fb0 JavaThread "Unconstrained build operations Thread 66" [_thread_blocked, id=33568, stack(0x0000008a60d00000,0x0000008a60e00000)]
  0x000001cdef8814c0 JavaThread "Unconstrained build operations Thread 67" [_thread_blocked, id=9852, stack(0x0000008a60e00000,0x0000008a60f00000)]
  0x000001cdef8819d0 JavaThread "Unconstrained build operations Thread 68" [_thread_blocked, id=11824, stack(0x0000008a60f00000,0x0000008a61000000)]
  0x000001cdfe8bc310 JavaThread "build event listener" [_thread_blocked, id=8592, stack(0x0000008a61000000,0x0000008a61100000)]
  0x000001cdfe8bc820 JavaThread "Problems report writer" [_thread_blocked, id=3536, stack(0x0000008a61100000,0x0000008a61200000)]
  0x000001cdfe8b9070 JavaThread "Unconstrained build operations Thread 69" [_thread_blocked, id=1308, stack(0x0000008a61200000,0x0000008a61300000)]
  0x000001cdfe8b9a90 JavaThread "Unconstrained build operations Thread 70" [_thread_blocked, id=21304, stack(0x0000008a61300000,0x0000008a61400000)]
  0x000001cdfe8b9580 JavaThread "Unconstrained build operations Thread 71" [_thread_blocked, id=15364, stack(0x0000008a61400000,0x0000008a61500000)]
  0x000001cdfe8b9fa0 JavaThread "Unconstrained build operations Thread 72" [_thread_blocked, id=32628, stack(0x0000008a61500000,0x0000008a61600000)]
  0x000001cdfe8bb8f0 JavaThread "Unconstrained build operations Thread 73" [_thread_blocked, id=6828, stack(0x0000008a61600000,0x0000008a61700000)]
  0x000001cdfe8ba9c0 JavaThread "Unconstrained build operations Thread 74" [_thread_blocked, id=1060, stack(0x0000008a61700000,0x0000008a61800000)]
  0x000001cdfe8bbe00 JavaThread "Unconstrained build operations Thread 75" [_thread_blocked, id=10180, stack(0x0000008a61800000,0x0000008a61900000)]
  0x000001cdfe8baed0 JavaThread "Unconstrained build operations Thread 76" [_thread_blocked, id=23500, stack(0x0000008a61b00000,0x0000008a61c00000)]
  0x000001cdfe8bb3e0 JavaThread "Unconstrained build operations Thread 77" [_thread_blocked, id=28952, stack(0x0000008a61c00000,0x0000008a61d00000)]
  0x000001cdfe8ba4b0 JavaThread "Unconstrained build operations Thread 78" [_thread_blocked, id=7360, stack(0x0000008a61d00000,0x0000008a61e00000)]
  0x000001cdff43c780 JavaThread "Unconstrained build operations Thread 79" [_thread_blocked, id=31364, stack(0x0000008a61e00000,0x0000008a61f00000)]
  0x000001cdff43c270 JavaThread "Unconstrained build operations Thread 80" [_thread_blocked, id=31644, stack(0x0000008a62100000,0x0000008a62200000)]
  0x000001cdeb2b5ae0 JavaThread "Cache worker for execution history cache (D:\MERN\React Native\FirebaseAuth\android\.gradle\9.0.0\executionHistory)" [_thread_blocked, id=25080, stack(0x0000008a62200000,0x0000008a62300000)]
  0x000001cdeb2b6a10 JavaThread "WorkerExecutor Queue" [_thread_in_native, id=24224, stack(0x0000008a62800000,0x0000008a62900000)]
  0x000001cdf4a8e6c0 JavaThread "WorkerExecutor Queue Thread 2" [_thread_blocked, id=20156, stack(0x0000008a62a00000,0x0000008a62b00000)]
  0x000001cdf8211ca0 JavaThread "WorkerExecutor Queue Thread 3" [_thread_blocked, id=10572, stack(0x0000008a62b00000,0x0000008a62c00000)]
  0x000001cdf82130e0 JavaThread "WorkerExecutor Queue Thread 5" [_thread_blocked, id=19720, stack(0x0000008a62d00000,0x0000008a62e00000)]
  0x000001cdf4a8c860 JavaThread "WorkerExecutor Queue Thread 6" [_thread_blocked, id=29508, stack(0x0000008a62e00000,0x0000008a62f00000)]
  0x000001cdf50cb260 JavaThread "WorkerExecutor Queue Thread 7" [_thread_blocked, id=24536, stack(0x0000008a62f00000,0x0000008a63000000)]
  0x000001cdf820f930 JavaThread "WorkerExecutor Queue Thread 8" [_thread_blocked, id=22608, stack(0x0000008a62900000,0x0000008a62a00000)]
  0x000001cdf6986e00 JavaThread "Build operations" [_thread_blocked, id=11180, stack(0x0000008a63200000,0x0000008a63300000)]
  0x000001cdf6989680 JavaThread "Build operations Thread 2" [_thread_blocked, id=27456, stack(0x0000008a63500000,0x0000008a63600000)]
  0x000001cdf6c00170 JavaThread "Build operations Thread 3" [_thread_blocked, id=31552, stack(0x0000008a63600000,0x0000008a63700000)]
  0x000001cd812a08c0 JavaThread "Build operations Thread 4" [_thread_blocked, id=23804, stack(0x0000008a63800000,0x0000008a63900000)]
  0x000001cd80e3b9b0 JavaThread "Build operations Thread 5" [_thread_blocked, id=21828, stack(0x0000008a63900000,0x0000008a63a00000)]
  0x000001cd80e3bec0 JavaThread "Build operations Thread 6" [_thread_blocked, id=12316, stack(0x0000008a63a00000,0x0000008a63b00000)]
  0x000001cd80e3af90 JavaThread "Build operations Thread 7" [_thread_blocked, id=2844, stack(0x0000008a63b00000,0x0000008a63c00000)]
  0x000001cdf5a7b1b0 JavaThread "pool-29-thread-1" [_thread_blocked, id=8596, stack(0x0000008a63100000,0x0000008a63200000)]
  0x000001cdf50c7ab0 JavaThread "Build operations Thread 8" [_thread_blocked, id=23840, stack(0x0000008a63d00000,0x0000008a63e00000)]
  0x000001cd80e3a060 JavaThread "stderr" [_thread_in_native, id=1284, stack(0x0000008a63e00000,0x0000008a63f00000)]
  0x000001cd80e3b4a0 JavaThread "stdout" [_thread_in_native, id=32828, stack(0x0000008a63f00000,0x0000008a64000000)]
  0x000001cdeb2b5ff0 JavaThread "RMI RenewClean-[127.0.0.1:17805,org.jetbrains.kotlin.daemon.common.LoopbackNetworkInterface$ClientLoopbackSocketFactory@78dbd635]" daemon [_thread_blocked, id=24404, stack(0x0000008a64400000,0x0000008a64500000)]
  0x000001cdeb2b6500 JavaThread "RMI GC Daemon" daemon [_thread_blocked, id=19588, stack(0x0000008a64500000,0x0000008a64600000)]
  0x000001cdff43cc90 JavaThread "RMI TCP Accept-0" daemon [_thread_in_native, id=35216, stack(0x0000008a63c00000,0x0000008a63d00000)]
  0x000001cdff43eaf0 JavaThread "RMI Reaper" [_thread_blocked, id=31984, stack(0x0000008a64600000,0x0000008a64700000)]
  0x000001cd80e38710 JavaThread "RMI RenewClean-[127.0.0.1:17805,org.jetbrains.kotlin.daemon.common.LoopbackNetworkInterface$ClientLoopbackSocketFactory@5c2c5680]" daemon [_thread_blocked, id=19620, stack(0x0000008a64700000,0x0000008a64800000)]
  0x000001cdf8211280 JavaThread "RMI TCP Connection(49)-127.0.0.1" daemon [_thread_in_native, id=14224, stack(0x0000008a64900000,0x0000008a64a00000)]
  0x000001cdf820fe40 JavaThread "WorkerExecutor Queue Thread 10" [_thread_blocked, id=35720, stack(0x0000008a5cc00000,0x0000008a5cd00000)]
  0x000001cdf60d6d10 JavaThread "C2 CompilerThread1" daemon [_thread_blocked, id=9928, stack(0x0000008a5ce00000,0x0000008a5cf00000)]
  0x000001cdf60d77b0 JavaThread "C2 CompilerThread2" daemon [_thread_blocked, id=30184, stack(0x0000008a5c800000,0x0000008a5c900000)]

Other Threads:
=>0x000001cdc8e97610 VMThread "VM Thread" [stack: 0x0000008a58b00000,0x0000008a58c00000] [id=27148]
  0x000001cda5913b40 WatcherThread [stack: 0x0000008a59700000,0x0000008a59800000] [id=15164]
  0x000001cda58f4a90 GCTaskThread "GC Thread#0" [stack: 0x0000008a58600000,0x0000008a58700000] [id=22240]
  0x000001cde855e9f0 GCTaskThread "GC Thread#1" [stack: 0x0000008a59a00000,0x0000008a59b00000] [id=9288]
  0x000001cde8362f50 GCTaskThread "GC Thread#2" [stack: 0x0000008a59b00000,0x0000008a59c00000] [id=27436]
  0x000001cde85b4fc0 GCTaskThread "GC Thread#3" [stack: 0x0000008a59c00000,0x0000008a59d00000] [id=14096]
  0x000001cde938e750 GCTaskThread "GC Thread#4" [stack: 0x0000008a59d00000,0x0000008a59e00000] [id=35208]
  0x000001cde82205e0 GCTaskThread "GC Thread#5" [stack: 0x0000008a5a800000,0x0000008a5a900000] [id=14476]
  0x000001cde8220e20 GCTaskThread "GC Thread#6" [stack: 0x0000008a5aa00000,0x0000008a5ab00000] [id=9356]
  0x000001cde8220320 GCTaskThread "GC Thread#7" [stack: 0x0000008a5ab00000,0x0000008a5ac00000] [id=19068]
  0x000001cda59079d0 ConcurrentGCThread "G1 Main Marker" [stack: 0x0000008a58700000,0x0000008a58800000] [id=10612]
  0x000001cda5908a90 ConcurrentGCThread "G1 Conc#0" [stack: 0x0000008a58800000,0x0000008a58900000] [id=18156]
  0x000001cde8220b60 ConcurrentGCThread "G1 Conc#1" [stack: 0x0000008a5ac00000,0x0000008a5ad00000] [id=22252]
  0x000001cdc8d530d0 ConcurrentGCThread "G1 Refine#0" [stack: 0x0000008a58900000,0x0000008a58a00000] [id=15432]
  0x000001cdf439b1d0 ConcurrentGCThread "G1 Refine#1" [stack: 0x0000008a63700000,0x0000008a63800000] [id=4408]
  0x000001cdef57bc50 ConcurrentGCThread "G1 Refine#2" [stack: 0x0000008a5cf00000,0x0000008a5d000000] [id=22476]
  0x000001cdec50c740 ConcurrentGCThread "G1 Refine#3" [stack: 0x0000008a5ef00000,0x0000008a5f000000] [id=11396]
  0x000001cdeca442c0 ConcurrentGCThread "G1 Refine#4" [stack: 0x0000008a64200000,0x0000008a64300000] [id=35412]
  0x000001cdf439baa0 ConcurrentGCThread "G1 Refine#5" [stack: 0x0000008a64300000,0x0000008a64400000] [id=20024]
  0x000001cdf5e9de50 ConcurrentGCThread "G1 Refine#6" [stack: 0x0000008a64100000,0x0000008a64200000] [id=27608]
  0x000001cdef5f70c0 ConcurrentGCThread "G1 Refine#7" [stack: 0x0000008a64d00000,0x0000008a64e00000] [id=12952]
  0x000001cdc8d537b0 ConcurrentGCThread "G1 Service" [stack: 0x0000008a58a00000,0x0000008a58b00000] [id=4416]

Threads with active compile tasks:
C2 CompilerThread0  6677877 70066       4       com.android.tools.r8.internal.N::putAll (124 bytes)
C1 CompilerThread0  6677877 70073       3       com.android.tools.r8.internal.wt::<init> (687 bytes)
C2 CompilerThread1  6677877 70048       4       com.android.tools.r8.ir.optimize.s::a (198 bytes)
C2 CompilerThread2  6677877 70057       4       com.android.tools.r8.internal.VE::a (948 bytes)

VM state: at safepoint (normal execution)

VM Mutex/Monitor currently owned by a thread:  ([mutex/lock_event])
[0x000001cda58835d0] Threads_lock - owner thread: 0x000001cdc8e97610
[0x000001cda5883c90] Heap_lock - owner thread: 0x000001cdf6988750

Heap address: 0x0000000700000000, size: 4096 MB, Compressed Oops mode: Zero based, Oop shift amount: 3

CDS archive(s) mapped at: [0x000001cdc9000000-0x000001cdc9bd0000-0x000001cdc9bd0000), size 12386304, SharedBaseAddress: 0x000001cdc9000000, ArchiveRelocationMode: 1.
Compressed class space mapped at: 0x000001cdca000000-0x000001cde4000000, reserved size: 436207616
Narrow klass base: 0x000001cdc9000000, Narrow klass shift: 0, Narrow klass range: 0x100000000

GC Precious Log:
 CPUs: 8 total, 8 available
 Memory: 8030M
 Large Page Support: Disabled
 NUMA Support: Disabled
 Compressed Oops: Enabled (Zero based)
 Heap Region Size: 2M
 Heap Min Capacity: 8M
 Heap Initial Capacity: 126M
 Heap Max Capacity: 4G
 Pre-touch: Disabled
 Parallel Workers: 8
 Concurrent Workers: 2
 Concurrent Refinement Workers: 8
 Periodic GC: Disabled

Heap:
 garbage-first heap   total 1105920K, used 403502K [0x0000000700000000, 0x0000000800000000)
  region size 2048K, 4 young (8192K), 4 survivors (8192K)
 Metaspace       used 294488K, committed 297792K, reserved 688128K
  class space    used 38763K, committed 40384K, reserved 425984K

Heap Regions: E=young(eden), S=young(survivor), O=old, HS=humongous(starts), HC=humongous(continues), CS=collection set, F=free, OA=open archive, CA=closed archive, TAMS=top-at-mark-start (previous, next)
|   0|0x0000000700000000, 0x0000000700200000, 0x0000000700200000|100%|HS|  |TAMS 0x0000000700200000, 0x0000000700200000| Complete 
|   1|0x0000000700200000, 0x0000000700400000, 0x0000000700400000|100%|HC|  |TAMS 0x0000000700400000, 0x0000000700400000| Complete 
|   2|0x0000000700400000, 0x0000000700600000, 0x0000000700600000|100%| O|  |TAMS 0x0000000700600000, 0x0000000700600000| Untracked 
|   3|0x0000000700600000, 0x0000000700800000, 0x0000000700800000|100%| O|  |TAMS 0x0000000700800000, 0x0000000700800000| Untracked 
|   4|0x0000000700800000, 0x0000000700a00000, 0x0000000700a00000|100%| O|  |TAMS 0x0000000700a00000, 0x0000000700a00000| Untracked 
|   5|0x0000000700a00000, 0x0000000700c00000, 0x0000000700c00000|100%| O|  |TAMS 0x0000000700c00000, 0x0000000700c00000| Untracked 
|   6|0x0000000700c00000, 0x0000000700e00000, 0x0000000700e00000|100%| O|  |TAMS 0x0000000700e00000, 0x0000000700e00000| Untracked 
|   7|0x0000000700e00000, 0x0000000701000000, 0x0000000701000000|100%| O|  |TAMS 0x0000000701000000, 0x0000000701000000| Untracked 
|   8|0x0000000701000000, 0x0000000701200000, 0x0000000701200000|100%| O|  |TAMS 0x0000000701200000, 0x0000000701200000| Untracked 
|   9|0x0000000701200000, 0x0000000701400000, 0x0000000701400000|100%| O|  |TAMS 0x0000000701400000, 0x0000000701400000| Untracked 
|  10|0x0000000701400000, 0x0000000701600000, 0x0000000701600000|100%| O|  |TAMS 0x0000000701600000, 0x0000000701600000| Untracked 
|  11|0x0000000701600000, 0x0000000701800000, 0x0000000701800000|100%| O|  |TAMS 0x0000000701800000, 0x0000000701800000| Untracked 
|  12|0x0000000701800000, 0x0000000701a00000, 0x0000000701a00000|100%| O|  |TAMS 0x0000000701a00000, 0x0000000701a00000| Untracked 
|  13|0x0000000701a00000, 0x0000000701c00000, 0x0000000701c00000|100%| O|  |TAMS 0x0000000701c00000, 0x0000000701c00000| Untracked 
|  14|0x0000000701c00000, 0x0000000701e00000, 0x0000000701e00000|100%| O|  |TAMS 0x0000000701e00000, 0x0000000701e00000| Untracked 
|  15|0x0000000701e00000, 0x0000000702000000, 0x0000000702000000|100%| O|  |TAMS 0x0000000702000000, 0x0000000702000000| Untracked 
|  16|0x0000000702000000, 0x0000000702200000, 0x0000000702200000|100%| O|  |TAMS 0x0000000702200000, 0x0000000702200000| Untracked 
|  17|0x0000000702200000, 0x0000000702400000, 0x0000000702400000|100%|HS|  |TAMS 0x0000000702400000, 0x0000000702400000| Complete 
|  18|0x0000000702400000, 0x0000000702600000, 0x0000000702600000|100%|HC|  |TAMS 0x0000000702600000, 0x0000000702600000| Complete 
|  19|0x0000000702600000, 0x0000000702800000, 0x0000000702800000|100%|HS|  |TAMS 0x0000000702800000, 0x0000000702800000| Complete 
|  20|0x0000000702800000, 0x0000000702a00000, 0x0000000702a00000|100%|HC|  |TAMS 0x0000000702a00000, 0x0000000702a00000| Complete 
|  21|0x0000000702a00000, 0x0000000702c00000, 0x0000000702c00000|100%| O|  |TAMS 0x0000000702c00000, 0x0000000702c00000| Untracked 
|  22|0x0000000702c00000, 0x0000000702e00000, 0x0000000702e00000|100%| O|  |TAMS 0x0000000702e00000, 0x0000000702e00000| Untracked 
|  23|0x0000000702e00000, 0x0000000703000000, 0x0000000703000000|100%| O|  |TAMS 0x0000000703000000, 0x0000000703000000| Untracked 
|  24|0x0000000703000000, 0x0000000703200000, 0x0000000703200000|100%| O|  |TAMS 0x0000000703200000, 0x0000000703200000| Untracked 
|  25|0x0000000703200000, 0x0000000703400000, 0x0000000703400000|100%| O|  |TAMS 0x0000000703400000, 0x0000000703400000| Untracked 
|  26|0x0000000703400000, 0x0000000703400000, 0x0000000703600000|  0%| F|  |TAMS 0x0000000703400000, 0x0000000703400000| Untracked 
|  27|0x0000000703600000, 0x0000000703800000, 0x0000000703800000|100%| O|  |TAMS 0x0000000703600000, 0x0000000703800000| Untracked 
|  28|0x0000000703800000, 0x0000000703a00000, 0x0000000703a00000|100%| O|  |TAMS 0x0000000703a00000, 0x0000000703a00000| Untracked 
|  29|0x0000000703a00000, 0x0000000703c00000, 0x0000000703c00000|100%| O|  |TAMS 0x0000000703c00000, 0x0000000703c00000| Untracked 
|  30|0x0000000703c00000, 0x0000000703e00000, 0x0000000703e00000|100%| O|  |TAMS 0x0000000703e00000, 0x0000000703e00000| Untracked 
|  31|0x0000000703e00000, 0x0000000704000000, 0x0000000704000000|100%| O|  |TAMS 0x0000000704000000, 0x0000000704000000| Untracked 
|  32|0x0000000704000000, 0x0000000704200000, 0x0000000704200000|100%| O|  |TAMS 0x0000000704000000, 0x0000000704200000| Untracked 
|  33|0x0000000704200000, 0x0000000704400000, 0x0000000704400000|100%| O|  |TAMS 0x0000000704400000, 0x0000000704400000| Untracked 
|  34|0x0000000704400000, 0x0000000704600000, 0x0000000704600000|100%| O|  |TAMS 0x0000000704600000, 0x0000000704600000| Untracked 
|  35|0x0000000704600000, 0x0000000704800000, 0x0000000704800000|100%| O|  |TAMS 0x0000000704800000, 0x0000000704800000| Untracked 
|  36|0x0000000704800000, 0x0000000704a00000, 0x0000000704a00000|100%| O|  |TAMS 0x0000000704a00000, 0x0000000704a00000| Untracked 
|  37|0x0000000704a00000, 0x0000000704c00000, 0x0000000704c00000|100%| O|  |TAMS 0x0000000704c00000, 0x0000000704c00000| Untracked 
|  38|0x0000000704c00000, 0x0000000704e00000, 0x0000000704e00000|100%| O|  |TAMS 0x0000000704e00000, 0x0000000704e00000| Untracked 
|  39|0x0000000704e00000, 0x0000000704e00000, 0x0000000705000000|  0%| F|  |TAMS 0x0000000704e00000, 0x0000000704e00000| Untracked 
|  40|0x0000000705000000, 0x0000000705200000, 0x0000000705200000|100%| O|  |TAMS 0x0000000705200000, 0x0000000705200000| Untracked 
|  41|0x0000000705200000, 0x0000000705400000, 0x0000000705400000|100%| O|  |TAMS 0x0000000705400000, 0x0000000705400000| Untracked 
|  42|0x0000000705400000, 0x0000000705600000, 0x0000000705600000|100%| O|  |TAMS 0x0000000705400000, 0x0000000705600000| Untracked 
|  43|0x0000000705600000, 0x0000000705800000, 0x0000000705800000|100%| O|  |TAMS 0x0000000705800000, 0x0000000705800000| Untracked 
|  44|0x0000000705800000, 0x0000000705a00000, 0x0000000705a00000|100%|HS|  |TAMS 0x0000000705a00000, 0x0000000705a00000| Complete 
|  45|0x0000000705a00000, 0x0000000705c00000, 0x0000000705c00000|100%|HC|  |TAMS 0x0000000705c00000, 0x0000000705c00000| Complete 
|  46|0x0000000705c00000, 0x0000000705e00000, 0x0000000705e00000|100%| O|  |TAMS 0x0000000705e00000, 0x0000000705e00000| Untracked 
|  47|0x0000000705e00000, 0x0000000706000000, 0x0000000706000000|100%| O|  |TAMS 0x0000000706000000, 0x0000000706000000| Untracked 
|  48|0x0000000706000000, 0x0000000706200000, 0x0000000706200000|100%| O|  |TAMS 0x0000000706200000, 0x0000000706200000| Untracked 
|  49|0x0000000706200000, 0x0000000706400000, 0x0000000706400000|100%| O|  |TAMS 0x0000000706400000, 0x0000000706400000| Untracked 
|  50|0x0000000706400000, 0x0000000706600000, 0x0000000706600000|100%| O|  |TAMS 0x0000000706600000, 0x0000000706600000| Untracked 
|  51|0x0000000706600000, 0x0000000706800000, 0x0000000706800000|100%| O|  |TAMS 0x0000000706800000, 0x0000000706800000| Untracked 
|  52|0x0000000706800000, 0x0000000706a00000, 0x0000000706a00000|100%| O|  |TAMS 0x0000000706a00000, 0x0000000706a00000| Untracked 
|  53|0x0000000706a00000, 0x0000000706c00000, 0x0000000706c00000|100%| O|  |TAMS 0x0000000706a00000, 0x0000000706c00000| Untracked 
|  54|0x0000000706c00000, 0x0000000706e00000, 0x0000000706e00000|100%| O|  |TAMS 0x0000000706e00000, 0x0000000706e00000| Untracked 
|  55|0x0000000706e00000, 0x0000000707000000, 0x0000000707000000|100%| O|  |TAMS 0x0000000707000000, 0x0000000707000000| Untracked 
|  56|0x0000000707000000, 0x0000000707200000, 0x0000000707200000|100%| O|  |TAMS 0x0000000707200000, 0x0000000707200000| Untracked 
|  57|0x0000000707200000, 0x0000000707400000, 0x0000000707400000|100%| O|  |TAMS 0x0000000707400000, 0x0000000707400000| Untracked 
|  58|0x0000000707400000, 0x0000000707600000, 0x0000000707600000|100%|HS|  |TAMS 0x0000000707600000, 0x0000000707600000| Complete 
|  59|0x0000000707600000, 0x0000000707800000, 0x0000000707800000|100%| O|  |TAMS 0x0000000707800000, 0x0000000707800000| Untracked 
|  60|0x0000000707800000, 0x0000000707a00000, 0x0000000707a00000|100%| O|  |TAMS 0x0000000707a00000, 0x0000000707a00000| Untracked 
|  61|0x0000000707a00000, 0x0000000707c00000, 0x0000000707c00000|100%| O|  |TAMS 0x0000000707c00000, 0x0000000707c00000| Untracked 
|  62|0x0000000707c00000, 0x0000000707e00000, 0x0000000707e00000|100%| O|  |TAMS 0x0000000707e00000, 0x0000000707e00000| Untracked 
|  63|0x0000000707e00000, 0x0000000708000000, 0x0000000708000000|100%| O|  |TAMS 0x0000000708000000, 0x0000000708000000| Untracked 
|  64|0x0000000708000000, 0x0000000708200000, 0x0000000708200000|100%| O|  |TAMS 0x0000000708200000, 0x0000000708200000| Untracked 
|  65|0x0000000708200000, 0x0000000708400000, 0x0000000708400000|100%| O|  |TAMS 0x0000000708400000, 0x0000000708400000| Untracked 
|  66|0x0000000708400000, 0x0000000708600000, 0x0000000708600000|100%| O|  |TAMS 0x0000000708600000, 0x0000000708600000| Untracked 
|  67|0x0000000708600000, 0x0000000708800000, 0x0000000708800000|100%| O|  |TAMS 0x0000000708800000, 0x0000000708800000| Untracked 
|  68|0x0000000708800000, 0x0000000708a00000, 0x0000000708a00000|100%| O|  |TAMS 0x0000000708a00000, 0x0000000708a00000| Untracked 
|  69|0x0000000708a00000, 0x0000000708c00000, 0x0000000708c00000|100%| O|  |TAMS 0x0000000708c00000, 0x0000000708c00000| Untracked 
|  70|0x0000000708c00000, 0x0000000708e00000, 0x0000000708e00000|100%| O|  |TAMS 0x0000000708e00000, 0x0000000708e00000| Untracked 
|  71|0x0000000708e00000, 0x0000000709000000, 0x0000000709000000|100%| O|  |TAMS 0x0000000709000000, 0x0000000709000000| Untracked 
|  72|0x0000000709000000, 0x0000000709200000, 0x0000000709200000|100%| O|  |TAMS 0x0000000709200000, 0x0000000709200000| Untracked 
|  73|0x0000000709200000, 0x0000000709400000, 0x0000000709400000|100%| O|  |TAMS 0x0000000709400000, 0x0000000709400000| Untracked 
|  74|0x0000000709400000, 0x0000000709600000, 0x0000000709600000|100%| O|  |TAMS 0x0000000709600000, 0x0000000709600000| Untracked 
|  75|0x0000000709600000, 0x0000000709800000, 0x0000000709800000|100%| O|  |TAMS 0x0000000709800000, 0x0000000709800000| Untracked 
|  76|0x0000000709800000, 0x0000000709a00000, 0x0000000709a00000|100%| O|  |TAMS 0x0000000709800000, 0x0000000709a00000| Untracked 
|  77|0x0000000709a00000, 0x0000000709c00000, 0x0000000709c00000|100%| O|  |TAMS 0x0000000709c00000, 0x0000000709c00000| Untracked 
|  78|0x0000000709c00000, 0x0000000709e00000, 0x0000000709e00000|100%| O|  |TAMS 0x0000000709e00000, 0x0000000709e00000| Untracked 
|  79|0x0000000709e00000, 0x000000070a000000, 0x000000070a000000|100%| O|  |TAMS 0x000000070a000000, 0x000000070a000000| Untracked 
|  80|0x000000070a000000, 0x000000070a200000, 0x000000070a200000|100%| O|  |TAMS 0x000000070a200000, 0x000000070a200000| Untracked 
|  81|0x000000070a200000, 0x000000070a400000, 0x000000070a400000|100%| O|  |TAMS 0x000000070a400000, 0x000000070a400000| Untracked 
|  82|0x000000070a400000, 0x000000070a600000, 0x000000070a600000|100%| O|  |TAMS 0x000000070a600000, 0x000000070a600000| Untracked 
|  83|0x000000070a600000, 0x000000070a800000, 0x000000070a800000|100%| O|  |TAMS 0x000000070a800000, 0x000000070a800000| Untracked 
|  84|0x000000070a800000, 0x000000070aa00000, 0x000000070aa00000|100%| O|  |TAMS 0x000000070aa00000, 0x000000070aa00000| Untracked 
|  85|0x000000070aa00000, 0x000000070ac00000, 0x000000070ac00000|100%| O|  |TAMS 0x000000070ac00000, 0x000000070ac00000| Untracked 
|  86|0x000000070ac00000, 0x000000070ae00000, 0x000000070ae00000|100%| O|  |TAMS 0x000000070ae00000, 0x000000070ae00000| Untracked 
|  87|0x000000070ae00000, 0x000000070b000000, 0x000000070b000000|100%| O|  |TAMS 0x000000070b000000, 0x000000070b000000| Untracked 
|  88|0x000000070b000000, 0x000000070b200000, 0x000000070b200000|100%| O|  |TAMS 0x000000070b200000, 0x000000070b200000| Untracked 
|  89|0x000000070b200000, 0x000000070b400000, 0x000000070b400000|100%| O|  |TAMS 0x000000070b400000, 0x000000070b400000| Untracked 
|  90|0x000000070b400000, 0x000000070b600000, 0x000000070b600000|100%| O|  |TAMS 0x000000070b600000, 0x000000070b600000| Untracked 
|  91|0x000000070b600000, 0x000000070b800000, 0x000000070b800000|100%| O|  |TAMS 0x000000070b800000, 0x000000070b800000| Untracked 
|  92|0x000000070b800000, 0x000000070ba00000, 0x000000070ba00000|100%| O|  |TAMS 0x000000070ba00000, 0x000000070ba00000| Untracked 
|  93|0x000000070ba00000, 0x000000070bc00000, 0x000000070bc00000|100%| O|  |TAMS 0x000000070bc00000, 0x000000070bc00000| Untracked 
|  94|0x000000070bc00000, 0x000000070bc00000, 0x000000070be00000|  0%| F|  |TAMS 0x000000070bc00000, 0x000000070bc00000| Untracked 
|  95|0x000000070be00000, 0x000000070be00000, 0x000000070c000000|  0%| F|  |TAMS 0x000000070be00000, 0x000000070be00000| Untracked 
|  96|0x000000070c000000, 0x000000070c200000, 0x000000070c200000|100%| O|  |TAMS 0x000000070c200000, 0x000000070c200000| Untracked 
|  97|0x000000070c200000, 0x000000070c400000, 0x000000070c400000|100%| O|  |TAMS 0x000000070c400000, 0x000000070c400000| Untracked 
|  98|0x000000070c400000, 0x000000070c600000, 0x000000070c600000|100%| O|  |TAMS 0x000000070c600000, 0x000000070c600000| Untracked 
|  99|0x000000070c600000, 0x000000070c800000, 0x000000070c800000|100%| O|  |TAMS 0x000000070c800000, 0x000000070c800000| Untracked 
| 100|0x000000070c800000, 0x000000070ca00000, 0x000000070ca00000|100%| O|  |TAMS 0x000000070ca00000, 0x000000070ca00000| Untracked 
| 101|0x000000070ca00000, 0x000000070cc00000, 0x000000070cc00000|100%| O|  |TAMS 0x000000070cc00000, 0x000000070cc00000| Untracked 
| 102|0x000000070cc00000, 0x000000070ce00000, 0x000000070ce00000|100%| O|  |TAMS 0x000000070ce00000, 0x000000070ce00000| Untracked 
| 103|0x000000070ce00000, 0x000000070d000000, 0x000000070d000000|100%| O|  |TAMS 0x000000070d000000, 0x000000070d000000| Untracked 
| 104|0x000000070d000000, 0x000000070d200000, 0x000000070d200000|100%| O|  |TAMS 0x000000070d200000, 0x000000070d200000| Untracked 
| 105|0x000000070d200000, 0x000000070d400000, 0x000000070d400000|100%| O|  |TAMS 0x000000070d400000, 0x000000070d400000| Untracked 
| 106|0x000000070d400000, 0x000000070d600000, 0x000000070d600000|100%| O|  |TAMS 0x000000070d600000, 0x000000070d600000| Untracked 
| 107|0x000000070d600000, 0x000000070d800000, 0x000000070d800000|100%| O|  |TAMS 0x000000070d800000, 0x000000070d800000| Untracked 
| 108|0x000000070d800000, 0x000000070da00000, 0x000000070da00000|100%| O|  |TAMS 0x000000070da00000, 0x000000070da00000| Untracked 
| 109|0x000000070da00000, 0x000000070dc00000, 0x000000070dc00000|100%| O|  |TAMS 0x000000070dc00000, 0x000000070dc00000| Untracked 
| 110|0x000000070dc00000, 0x000000070de00000, 0x000000070de00000|100%| O|  |TAMS 0x000000070de00000, 0x000000070de00000| Untracked 
| 111|0x000000070de00000, 0x000000070e000000, 0x000000070e000000|100%| O|  |TAMS 0x000000070e000000, 0x000000070e000000| Untracked 
| 112|0x000000070e000000, 0x000000070e200000, 0x000000070e200000|100%| O|  |TAMS 0x000000070e200000, 0x000000070e200000| Untracked 
| 113|0x000000070e200000, 0x000000070e400000, 0x000000070e400000|100%| O|  |TAMS 0x000000070e400000, 0x000000070e400000| Untracked 
| 114|0x000000070e400000, 0x000000070e600000, 0x000000070e600000|100%| O|  |TAMS 0x000000070e600000, 0x000000070e600000| Untracked 
| 115|0x000000070e600000, 0x000000070e800000, 0x000000070e800000|100%| O|  |TAMS 0x000000070e800000, 0x000000070e800000| Untracked 
| 116|0x000000070e800000, 0x000000070ea00000, 0x000000070ea00000|100%| O|  |TAMS 0x000000070ea00000, 0x000000070ea00000| Untracked 
| 117|0x000000070ea00000, 0x000000070ec00000, 0x000000070ec00000|100%| O|  |TAMS 0x000000070ec00000, 0x000000070ec00000| Untracked 
| 118|0x000000070ec00000, 0x000000070ee00000, 0x000000070ee00000|100%| O|  |TAMS 0x000000070ee00000, 0x000000070ee00000| Untracked 
| 119|0x000000070ee00000, 0x000000070f000000, 0x000000070f000000|100%| O|  |TAMS 0x000000070f000000, 0x000000070f000000| Untracked 
| 120|0x000000070f000000, 0x000000070f200000, 0x000000070f200000|100%| O|  |TAMS 0x000000070f200000, 0x000000070f200000| Untracked 
| 121|0x000000070f200000, 0x000000070f400000, 0x000000070f400000|100%| O|  |TAMS 0x000000070f400000, 0x000000070f400000| Untracked 
| 122|0x000000070f400000, 0x000000070f600000, 0x000000070f600000|100%| O|  |TAMS 0x000000070f600000, 0x000000070f600000| Untracked 
| 123|0x000000070f600000, 0x000000070f800000, 0x000000070f800000|100%| O|  |TAMS 0x000000070f800000, 0x000000070f800000| Untracked 
| 124|0x000000070f800000, 0x000000070fa00000, 0x000000070fa00000|100%| O|  |TAMS 0x000000070fa00000, 0x000000070fa00000| Untracked 
| 125|0x000000070fa00000, 0x000000070fc00000, 0x000000070fc00000|100%| O|  |TAMS 0x000000070fc00000, 0x000000070fc00000| Untracked 
| 126|0x000000070fc00000, 0x000000070fe00000, 0x000000070fe00000|100%| O|  |TAMS 0x000000070fe00000, 0x000000070fe00000| Untracked 
| 127|0x000000070fe00000, 0x0000000710000000, 0x0000000710000000|100%| O|  |TAMS 0x0000000710000000, 0x0000000710000000| Untracked 
| 128|0x0000000710000000, 0x0000000710200000, 0x0000000710200000|100%| O|  |TAMS 0x0000000710200000, 0x0000000710200000| Untracked 
| 129|0x0000000710200000, 0x0000000710400000, 0x0000000710400000|100%| O|  |TAMS 0x0000000710400000, 0x0000000710400000| Untracked 
| 130|0x0000000710400000, 0x0000000710600000, 0x0000000710600000|100%| O|  |TAMS 0x0000000710600000, 0x0000000710600000| Untracked 
| 131|0x0000000710600000, 0x0000000710800000, 0x0000000710800000|100%| O|  |TAMS 0x0000000710800000, 0x0000000710800000| Untracked 
| 132|0x0000000710800000, 0x0000000710800000, 0x0000000710a00000|  0%| F|  |TAMS 0x0000000710800000, 0x0000000710800000| Untracked 
| 133|0x0000000710a00000, 0x0000000710c00000, 0x0000000710c00000|100%| O|  |TAMS 0x0000000710c00000, 0x0000000710c00000| Untracked 
| 134|0x0000000710c00000, 0x0000000710e00000, 0x0000000710e00000|100%| O|  |TAMS 0x0000000710e00000, 0x0000000710e00000| Untracked 
| 135|0x0000000710e00000, 0x0000000711000000, 0x0000000711000000|100%| O|  |TAMS 0x0000000711000000, 0x0000000711000000| Untracked 
| 136|0x0000000711000000, 0x0000000711200000, 0x0000000711200000|100%| O|  |TAMS 0x0000000711200000, 0x0000000711200000| Untracked 
| 137|0x0000000711200000, 0x0000000711400000, 0x0000000711400000|100%| O|  |TAMS 0x0000000711400000, 0x0000000711400000| Untracked 
| 138|0x0000000711400000, 0x0000000711400000, 0x0000000711600000|  0%| F|  |TAMS 0x0000000711400000, 0x0000000711400000| Untracked 
| 139|0x0000000711600000, 0x0000000711800000, 0x0000000711800000|100%| O|  |TAMS 0x0000000711800000, 0x0000000711800000| Untracked 
| 140|0x0000000711800000, 0x0000000711a00000, 0x0000000711a00000|100%| O|  |TAMS 0x0000000711a00000, 0x0000000711a00000| Untracked 
| 141|0x0000000711a00000, 0x0000000711c00000, 0x0000000711c00000|100%| O|  |TAMS 0x0000000711c00000, 0x0000000711c00000| Untracked 
| 142|0x0000000711c00000, 0x0000000711e00000, 0x0000000711e00000|100%| O|  |TAMS 0x0000000711e00000, 0x0000000711e00000| Untracked 
| 143|0x0000000711e00000, 0x0000000712000000, 0x0000000712000000|100%| O|  |TAMS 0x0000000712000000, 0x0000000712000000| Untracked 
| 144|0x0000000712000000, 0x0000000712200000, 0x0000000712200000|100%| O|  |TAMS 0x0000000712200000, 0x0000000712200000| Untracked 
| 145|0x0000000712200000, 0x0000000712400000, 0x0000000712400000|100%| O|  |TAMS 0x0000000712400000, 0x0000000712400000| Untracked 
| 146|0x0000000712400000, 0x0000000712600000, 0x0000000712600000|100%| O|  |TAMS 0x0000000712600000, 0x0000000712600000| Untracked 
| 147|0x0000000712600000, 0x0000000712800000, 0x0000000712800000|100%| O|  |TAMS 0x0000000712600000, 0x0000000712800000| Untracked 
| 148|0x0000000712800000, 0x0000000712a00000, 0x0000000712a00000|100%| O|  |TAMS 0x0000000712a00000, 0x0000000712a00000| Untracked 
| 149|0x0000000712a00000, 0x0000000712c00000, 0x0000000712c00000|100%| O|  |TAMS 0x0000000712c00000, 0x0000000712c00000| Untracked 
| 150|0x0000000712c00000, 0x0000000712e00000, 0x0000000712e00000|100%| O|  |TAMS 0x0000000712e00000, 0x0000000712e00000| Untracked 
| 151|0x0000000712e00000, 0x0000000713000000, 0x0000000713000000|100%| O|  |TAMS 0x0000000713000000, 0x0000000713000000| Untracked 
| 152|0x0000000713000000, 0x0000000713200000, 0x0000000713200000|100%| O|  |TAMS 0x0000000713200000, 0x0000000713200000| Untracked 
| 153|0x0000000713200000, 0x0000000713400000, 0x0000000713400000|100%| O|  |TAMS 0x0000000713400000, 0x0000000713400000| Untracked 
| 154|0x0000000713400000, 0x0000000713600000, 0x0000000713600000|100%| O|  |TAMS 0x0000000713600000, 0x0000000713600000| Untracked 
| 155|0x0000000713600000, 0x0000000713800000, 0x0000000713800000|100%| O|  |TAMS 0x0000000713800000, 0x0000000713800000| Untracked 
| 156|0x0000000713800000, 0x0000000713a00000, 0x0000000713a00000|100%| O|  |TAMS 0x0000000713a00000, 0x0000000713a00000| Untracked 
| 157|0x0000000713a00000, 0x0000000713c00000, 0x0000000713c00000|100%| O|  |TAMS 0x0000000713c00000, 0x0000000713c00000| Untracked 
| 158|0x0000000713c00000, 0x0000000713e00000, 0x0000000713e00000|100%| O|  |TAMS 0x0000000713e00000, 0x0000000713e00000| Untracked 
| 159|0x0000000713e00000, 0x0000000714000000, 0x0000000714000000|100%| O|  |TAMS 0x0000000714000000, 0x0000000714000000| Untracked 
| 160|0x0000000714000000, 0x0000000714200000, 0x0000000714200000|100%| O|  |TAMS 0x0000000714200000, 0x0000000714200000| Untracked 
| 161|0x0000000714200000, 0x0000000714400000, 0x0000000714400000|100%| O|  |TAMS 0x0000000714400000, 0x0000000714400000| Untracked 
| 162|0x0000000714400000, 0x0000000714600000, 0x0000000714600000|100%| O|  |TAMS 0x0000000714600000, 0x0000000714600000| Untracked 
| 163|0x0000000714600000, 0x0000000714800000, 0x0000000714800000|100%| O|  |TAMS 0x0000000714600000, 0x0000000714800000| Untracked 
| 164|0x0000000714800000, 0x0000000714a00000, 0x0000000714a00000|100%| O|  |TAMS 0x0000000714a00000, 0x0000000714a00000| Untracked 
| 165|0x0000000714a00000, 0x0000000714c00000, 0x0000000714c00000|100%| O|  |TAMS 0x0000000714c00000, 0x0000000714c00000| Untracked 
| 166|0x0000000714c00000, 0x0000000714e00000, 0x0000000714e00000|100%| O|  |TAMS 0x0000000714e00000, 0x0000000714e00000| Untracked 
| 167|0x0000000714e00000, 0x0000000715000000, 0x0000000715000000|100%| O|  |TAMS 0x0000000715000000, 0x0000000715000000| Untracked 
| 168|0x0000000715000000, 0x0000000715200000, 0x0000000715200000|100%| O|  |TAMS 0x0000000715200000, 0x0000000715200000| Untracked 
| 169|0x0000000715200000, 0x0000000715400000, 0x0000000715400000|100%| O|  |TAMS 0x0000000715400000, 0x0000000715400000| Untracked 
| 170|0x0000000715400000, 0x0000000715600000, 0x0000000715600000|100%| O|  |TAMS 0x0000000715600000, 0x0000000715600000| Untracked 
| 171|0x0000000715600000, 0x0000000715800000, 0x0000000715800000|100%| O|  |TAMS 0x0000000715800000, 0x0000000715800000| Untracked 
| 172|0x0000000715800000, 0x0000000715a00000, 0x0000000715a00000|100%| O|  |TAMS 0x0000000715a00000, 0x0000000715a00000| Untracked 
| 173|0x0000000715a00000, 0x0000000715c00000, 0x0000000715c00000|100%| O|  |TAMS 0x0000000715c00000, 0x0000000715c00000| Untracked 
| 174|0x0000000715c00000, 0x0000000715e00000, 0x0000000715e00000|100%| O|  |TAMS 0x0000000715e00000, 0x0000000715e00000| Untracked 
| 175|0x0000000715e00000, 0x0000000716000000, 0x0000000716000000|100%| O|  |TAMS 0x0000000716000000, 0x0000000716000000| Untracked 
| 176|0x0000000716000000, 0x0000000716200000, 0x0000000716200000|100%| O|  |TAMS 0x0000000716200000, 0x0000000716200000| Untracked 
| 177|0x0000000716200000, 0x0000000716400000, 0x0000000716400000|100%| O|  |TAMS 0x0000000716400000, 0x0000000716400000| Untracked 
| 178|0x0000000716400000, 0x0000000716600000, 0x0000000716600000|100%| O|  |TAMS 0x0000000716600000, 0x0000000716600000| Untracked 
| 179|0x0000000716600000, 0x0000000716800000, 0x0000000716800000|100%| O|  |TAMS 0x0000000716600000, 0x0000000716800000| Untracked 
| 180|0x0000000716800000, 0x0000000716a00000, 0x0000000716a00000|100%| O|  |TAMS 0x0000000716a00000, 0x0000000716a00000| Untracked 
| 181|0x0000000716a00000, 0x0000000716c00000, 0x0000000716c00000|100%| O|  |TAMS 0x0000000716c00000, 0x0000000716c00000| Untracked 
| 182|0x0000000716c00000, 0x0000000716e00000, 0x0000000716e00000|100%| O|  |TAMS 0x0000000716e00000, 0x0000000716e00000| Untracked 
| 183|0x0000000716e00000, 0x0000000717000000, 0x0000000717000000|100%| O|  |TAMS 0x0000000717000000, 0x0000000717000000| Untracked 
| 184|0x0000000717000000, 0x0000000717200000, 0x0000000717200000|100%| O|  |TAMS 0x0000000717200000, 0x0000000717200000| Untracked 
| 185|0x0000000717200000, 0x0000000717400000, 0x0000000717400000|100%| O|  |TAMS 0x0000000717400000, 0x0000000717400000| Untracked 
| 186|0x0000000717400000, 0x0000000717600000, 0x0000000717600000|100%| O|  |TAMS 0x0000000717600000, 0x0000000717600000| Untracked 
| 187|0x0000000717600000, 0x0000000717800000, 0x0000000717800000|100%| O|  |TAMS 0x0000000717800000, 0x0000000717800000| Untracked 
| 188|0x0000000717800000, 0x0000000717800000, 0x0000000717a00000|  0%| F|  |TAMS 0x0000000717800000, 0x0000000717800000| Untracked 
| 189|0x0000000717a00000, 0x0000000717a00000, 0x0000000717c00000|  0%| F|  |TAMS 0x0000000717a00000, 0x0000000717a00000| Untracked 
| 190|0x0000000717c00000, 0x0000000717e00000, 0x0000000717e00000|100%| O|  |TAMS 0x0000000717e00000, 0x0000000717e00000| Untracked 
| 191|0x0000000717e00000, 0x0000000718000000, 0x0000000718000000|100%| O|  |TAMS 0x0000000718000000, 0x0000000718000000| Untracked 
| 192|0x0000000718000000, 0x0000000718200000, 0x0000000718200000|100%| O|  |TAMS 0x0000000718200000, 0x0000000718200000| Untracked 
| 193|0x0000000718200000, 0x0000000718400000, 0x0000000718400000|100%| O|  |TAMS 0x0000000718400000, 0x0000000718400000| Untracked 
| 194|0x0000000718400000, 0x0000000718600000, 0x0000000718600000|100%| O|  |TAMS 0x0000000718600000, 0x0000000718600000| Untracked 
| 195|0x0000000718600000, 0x0000000718800000, 0x0000000718800000|100%| O|  |TAMS 0x0000000718800000, 0x0000000718800000| Untracked 
| 196|0x0000000718800000, 0x0000000718a00000, 0x0000000718a00000|100%| O|  |TAMS 0x0000000718a00000, 0x0000000718a00000| Untracked 
| 197|0x0000000718a00000, 0x0000000718a00000, 0x0000000718c00000|  0%| F|  |TAMS 0x0000000718a00000, 0x0000000718a00000| Untracked 
| 198|0x0000000718c00000, 0x0000000718c00000, 0x0000000718e00000|  0%| F|  |TAMS 0x0000000718c00000, 0x0000000718c00000| Untracked 
| 199|0x0000000718e00000, 0x0000000719000000, 0x0000000719000000|100%| O|  |TAMS 0x0000000718ef5a00, 0x0000000719000000| Untracked 
| 200|0x0000000719000000, 0x0000000719200000, 0x0000000719200000|100%| O|  |TAMS 0x0000000719000000, 0x0000000719200000| Untracked 
| 201|0x0000000719200000, 0x0000000719400000, 0x0000000719400000|100%| O|  |TAMS 0x0000000719200000, 0x0000000719400000| Untracked 
| 202|0x0000000719400000, 0x0000000719600000, 0x0000000719600000|100%| O|  |TAMS 0x0000000719400000, 0x0000000719600000| Untracked 
| 203|0x0000000719600000, 0x0000000719751a00, 0x0000000719800000| 65%| O|  |TAMS 0x0000000719600000, 0x0000000719751a00| Untracked 
| 204|0x0000000719800000, 0x0000000719800000, 0x0000000719a00000|  0%| F|  |TAMS 0x0000000719800000, 0x0000000719800000| Untracked 
| 205|0x0000000719a00000, 0x0000000719a00000, 0x0000000719c00000|  0%| F|  |TAMS 0x0000000719a00000, 0x0000000719a00000| Untracked 
| 206|0x0000000719c00000, 0x0000000719c00000, 0x0000000719e00000|  0%| F|  |TAMS 0x0000000719c00000, 0x0000000719c00000| Untracked 
| 207|0x0000000719e00000, 0x0000000719e00000, 0x000000071a000000|  0%| F|  |TAMS 0x0000000719e00000, 0x0000000719e00000| Untracked 
| 208|0x000000071a000000, 0x000000071a000000, 0x000000071a200000|  0%| F|  |TAMS 0x000000071a000000, 0x000000071a000000| Untracked 
| 209|0x000000071a200000, 0x000000071a200000, 0x000000071a400000|  0%| F|  |TAMS 0x000000071a200000, 0x000000071a200000| Untracked 
| 210|0x000000071a400000, 0x000000071a400000, 0x000000071a600000|  0%| F|  |TAMS 0x000000071a400000, 0x000000071a400000| Untracked 
| 211|0x000000071a600000, 0x000000071a600000, 0x000000071a800000|  0%| F|  |TAMS 0x000000071a600000, 0x000000071a600000| Untracked 
| 212|0x000000071a800000, 0x000000071a800000, 0x000000071aa00000|  0%| F|  |TAMS 0x000000071a800000, 0x000000071a800000| Untracked 
| 213|0x000000071aa00000, 0x000000071aa00000, 0x000000071ac00000|  0%| F|  |TAMS 0x000000071aa00000, 0x000000071aa00000| Untracked 
| 214|0x000000071ac00000, 0x000000071ac00000, 0x000000071ae00000|  0%| F|  |TAMS 0x000000071ac00000, 0x000000071ac00000| Untracked 
| 215|0x000000071ae00000, 0x000000071ae00000, 0x000000071b000000|  0%| F|  |TAMS 0x000000071ae00000, 0x000000071ae00000| Untracked 
| 216|0x000000071b000000, 0x000000071b000000, 0x000000071b200000|  0%| F|  |TAMS 0x000000071b000000, 0x000000071b000000| Untracked 
| 217|0x000000071b200000, 0x000000071b200000, 0x000000071b400000|  0%| F|  |TAMS 0x000000071b200000, 0x000000071b200000| Untracked 
| 218|0x000000071b400000, 0x000000071b400000, 0x000000071b600000|  0%| F|  |TAMS 0x000000071b400000, 0x000000071b400000| Untracked 
| 219|0x000000071b600000, 0x000000071b600000, 0x000000071b800000|  0%| F|  |TAMS 0x000000071b600000, 0x000000071b600000| Untracked 
| 220|0x000000071b800000, 0x000000071b800000, 0x000000071ba00000|  0%| F|  |TAMS 0x000000071b800000, 0x000000071b800000| Untracked 
| 221|0x000000071ba00000, 0x000000071ba00000, 0x000000071bc00000|  0%| F|  |TAMS 0x000000071ba00000, 0x000000071ba00000| Untracked 
| 222|0x000000071bc00000, 0x000000071bc00000, 0x000000071be00000|  0%| F|  |TAMS 0x000000071bc00000, 0x000000071bc00000| Untracked 
| 223|0x000000071be00000, 0x000000071be00000, 0x000000071c000000|  0%| F|  |TAMS 0x000000071be00000, 0x000000071be00000| Untracked 
| 224|0x000000071c000000, 0x000000071c000000, 0x000000071c200000|  0%| F|  |TAMS 0x000000071c000000, 0x000000071c000000| Untracked 
| 225|0x000000071c200000, 0x000000071c200000, 0x000000071c400000|  0%| F|  |TAMS 0x000000071c200000, 0x000000071c200000| Untracked 
| 226|0x000000071c400000, 0x000000071c400000, 0x000000071c600000|  0%| F|  |TAMS 0x000000071c400000, 0x000000071c400000| Untracked 
| 227|0x000000071c600000, 0x000000071c600000, 0x000000071c800000|  0%| F|  |TAMS 0x000000071c600000, 0x000000071c600000| Untracked 
| 228|0x000000071c800000, 0x000000071c800000, 0x000000071ca00000|  0%| F|  |TAMS 0x000000071c800000, 0x000000071c800000| Untracked 
| 229|0x000000071ca00000, 0x000000071ca00000, 0x000000071cc00000|  0%| F|  |TAMS 0x000000071ca00000, 0x000000071ca00000| Untracked 
| 230|0x000000071cc00000, 0x000000071cc00000, 0x000000071ce00000|  0%| F|  |TAMS 0x000000071cc00000, 0x000000071cc00000| Untracked 
| 231|0x000000071ce00000, 0x000000071ce00000, 0x000000071d000000|  0%| F|  |TAMS 0x000000071ce00000, 0x000000071ce00000| Untracked 
| 232|0x000000071d000000, 0x000000071d000000, 0x000000071d200000|  0%| F|  |TAMS 0x000000071d000000, 0x000000071d000000| Untracked 
| 233|0x000000071d200000, 0x000000071d200000, 0x000000071d400000|  0%| F|  |TAMS 0x000000071d200000, 0x000000071d200000| Untracked 
| 234|0x000000071d400000, 0x000000071d400000, 0x000000071d600000|  0%| F|  |TAMS 0x000000071d400000, 0x000000071d400000| Untracked 
| 235|0x000000071d600000, 0x000000071d600000, 0x000000071d800000|  0%| F|  |TAMS 0x000000071d600000, 0x000000071d600000| Untracked 
| 236|0x000000071d800000, 0x000000071d800000, 0x000000071da00000|  0%| F|  |TAMS 0x000000071d800000, 0x000000071d800000| Untracked 
| 237|0x000000071da00000, 0x000000071da00000, 0x000000071dc00000|  0%| F|  |TAMS 0x000000071da00000, 0x000000071da00000| Untracked 
| 238|0x000000071dc00000, 0x000000071dc00000, 0x000000071de00000|  0%| F|  |TAMS 0x000000071dc00000, 0x000000071dc00000| Untracked 
| 239|0x000000071de00000, 0x000000071de00000, 0x000000071e000000|  0%| F|  |TAMS 0x000000071de00000, 0x000000071de00000| Untracked 
| 240|0x000000071e000000, 0x000000071e000000, 0x000000071e200000|  0%| F|  |TAMS 0x000000071e000000, 0x000000071e000000| Untracked 
| 241|0x000000071e200000, 0x000000071e200000, 0x000000071e400000|  0%| F|  |TAMS 0x000000071e200000, 0x000000071e200000| Untracked 
| 242|0x000000071e400000, 0x000000071e400000, 0x000000071e600000|  0%| F|  |TAMS 0x000000071e400000, 0x000000071e400000| Untracked 
| 243|0x000000071e600000, 0x000000071e600000, 0x000000071e800000|  0%| F|  |TAMS 0x000000071e600000, 0x000000071e600000| Untracked 
| 244|0x000000071e800000, 0x000000071e800000, 0x000000071ea00000|  0%| F|  |TAMS 0x000000071e800000, 0x000000071e800000| Untracked 
| 245|0x000000071ea00000, 0x000000071ea00000, 0x000000071ec00000|  0%| F|  |TAMS 0x000000071ea00000, 0x000000071ea00000| Untracked 
| 246|0x000000071ec00000, 0x000000071ec00000, 0x000000071ee00000|  0%| F|  |TAMS 0x000000071ec00000, 0x000000071ec00000| Untracked 
| 247|0x000000071ee00000, 0x000000071ee00000, 0x000000071f000000|  0%| F|  |TAMS 0x000000071ee00000, 0x000000071ee00000| Untracked 
| 248|0x000000071f000000, 0x000000071f000000, 0x000000071f200000|  0%| F|  |TAMS 0x000000071f000000, 0x000000071f000000| Untracked 
| 249|0x000000071f200000, 0x000000071f200000, 0x000000071f400000|  0%| F|  |TAMS 0x000000071f200000, 0x000000071f200000| Untracked 
| 250|0x000000071f400000, 0x000000071f400000, 0x000000071f600000|  0%| F|  |TAMS 0x000000071f400000, 0x000000071f400000| Untracked 
| 251|0x000000071f600000, 0x000000071f600000, 0x000000071f800000|  0%| F|  |TAMS 0x000000071f600000, 0x000000071f600000| Untracked 
| 252|0x000000071f800000, 0x000000071f800000, 0x000000071fa00000|  0%| F|  |TAMS 0x000000071f800000, 0x000000071f800000| Untracked 
| 253|0x000000071fa00000, 0x000000071fa00000, 0x000000071fc00000|  0%| F|  |TAMS 0x000000071fa00000, 0x000000071fa00000| Untracked 
| 254|0x000000071fc00000, 0x000000071fc00000, 0x000000071fe00000|  0%| F|  |TAMS 0x000000071fc00000, 0x000000071fc00000| Untracked 
| 255|0x000000071fe00000, 0x000000071fe00000, 0x0000000720000000|  0%| F|  |TAMS 0x000000071fe00000, 0x000000071fe00000| Untracked 
| 256|0x0000000720000000, 0x0000000720000000, 0x0000000720200000|  0%| F|  |TAMS 0x0000000720000000, 0x0000000720000000| Untracked 
| 257|0x0000000720200000, 0x0000000720200000, 0x0000000720400000|  0%| F|  |TAMS 0x0000000720200000, 0x0000000720200000| Untracked 
| 258|0x0000000720400000, 0x0000000720400000, 0x0000000720600000|  0%| F|  |TAMS 0x0000000720400000, 0x0000000720400000| Untracked 
| 259|0x0000000720600000, 0x0000000720600000, 0x0000000720800000|  0%| F|  |TAMS 0x0000000720600000, 0x0000000720600000| Untracked 
| 260|0x0000000720800000, 0x0000000720800000, 0x0000000720a00000|  0%| F|  |TAMS 0x0000000720800000, 0x0000000720800000| Untracked 
| 261|0x0000000720a00000, 0x0000000720a00000, 0x0000000720c00000|  0%| F|  |TAMS 0x0000000720a00000, 0x0000000720a00000| Untracked 
| 262|0x0000000720c00000, 0x0000000720c00000, 0x0000000720e00000|  0%| F|  |TAMS 0x0000000720c00000, 0x0000000720c00000| Untracked 
| 263|0x0000000720e00000, 0x0000000720e00000, 0x0000000721000000|  0%| F|  |TAMS 0x0000000720e00000, 0x0000000720e00000| Untracked 
| 264|0x0000000721000000, 0x0000000721000000, 0x0000000721200000|  0%| F|  |TAMS 0x0000000721000000, 0x0000000721000000| Untracked 
| 265|0x0000000721200000, 0x0000000721200000, 0x0000000721400000|  0%| F|  |TAMS 0x0000000721200000, 0x0000000721200000| Untracked 
| 266|0x0000000721400000, 0x0000000721400000, 0x0000000721600000|  0%| F|  |TAMS 0x0000000721400000, 0x0000000721400000| Untracked 
| 267|0x0000000721600000, 0x0000000721600000, 0x0000000721800000|  0%| F|  |TAMS 0x0000000721600000, 0x0000000721600000| Untracked 
| 268|0x0000000721800000, 0x0000000721800000, 0x0000000721a00000|  0%| F|  |TAMS 0x0000000721800000, 0x0000000721800000| Untracked 
| 269|0x0000000721a00000, 0x0000000721a00000, 0x0000000721c00000|  0%| F|  |TAMS 0x0000000721a00000, 0x0000000721a00000| Untracked 
| 270|0x0000000721c00000, 0x0000000721c00000, 0x0000000721e00000|  0%| F|  |TAMS 0x0000000721c00000, 0x0000000721c00000| Untracked 
| 271|0x0000000721e00000, 0x0000000721e00000, 0x0000000722000000|  0%| F|  |TAMS 0x0000000721e00000, 0x0000000721e00000| Untracked 
| 272|0x0000000722000000, 0x0000000722000000, 0x0000000722200000|  0%| F|  |TAMS 0x0000000722000000, 0x0000000722000000| Untracked 
| 273|0x0000000722200000, 0x0000000722200000, 0x0000000722400000|  0%| F|  |TAMS 0x0000000722200000, 0x0000000722200000| Untracked 
| 274|0x0000000722400000, 0x0000000722400000, 0x0000000722600000|  0%| F|  |TAMS 0x0000000722400000, 0x0000000722400000| Untracked 
| 275|0x0000000722600000, 0x0000000722600000, 0x0000000722800000|  0%| F|  |TAMS 0x0000000722600000, 0x0000000722600000| Untracked 
| 276|0x0000000722800000, 0x0000000722800000, 0x0000000722a00000|  0%| F|  |TAMS 0x0000000722800000, 0x0000000722800000| Untracked 
| 277|0x0000000722a00000, 0x0000000722a00000, 0x0000000722c00000|  0%| F|  |TAMS 0x0000000722a00000, 0x0000000722a00000| Untracked 
| 278|0x0000000722c00000, 0x0000000722c00000, 0x0000000722e00000|  0%| F|  |TAMS 0x0000000722c00000, 0x0000000722c00000| Untracked 
| 279|0x0000000722e00000, 0x0000000722e00000, 0x0000000723000000|  0%| F|  |TAMS 0x0000000722e00000, 0x0000000722e00000| Untracked 
| 280|0x0000000723000000, 0x0000000723000000, 0x0000000723200000|  0%| F|  |TAMS 0x0000000723000000, 0x0000000723000000| Untracked 
| 281|0x0000000723200000, 0x0000000723200000, 0x0000000723400000|  0%| F|  |TAMS 0x0000000723200000, 0x0000000723200000| Untracked 
| 282|0x0000000723400000, 0x00000007234b9e38, 0x0000000723600000| 36%| S|CS|TAMS 0x0000000723400000, 0x0000000723400000| Complete 
| 283|0x0000000723600000, 0x0000000723800000, 0x0000000723800000|100%| S|CS|TAMS 0x0000000723600000, 0x0000000723600000| Complete 
| 284|0x0000000723800000, 0x0000000723a00000, 0x0000000723a00000|100%| S|CS|TAMS 0x0000000723800000, 0x0000000723800000| Complete 
| 285|0x0000000723a00000, 0x0000000723c00000, 0x0000000723c00000|100%| S|CS|TAMS 0x0000000723a00000, 0x0000000723a00000| Complete 
| 286|0x0000000723c00000, 0x0000000723c00000, 0x0000000723e00000|  0%| F|  |TAMS 0x0000000723c00000, 0x0000000723c00000| Untracked 
| 287|0x0000000723e00000, 0x0000000723e00000, 0x0000000724000000|  0%| F|  |TAMS 0x0000000723e00000, 0x0000000723e00000| Untracked 
| 288|0x0000000724000000, 0x0000000724000000, 0x0000000724200000|  0%| F|  |TAMS 0x0000000724000000, 0x0000000724000000| Untracked 
| 289|0x0000000724200000, 0x0000000724200000, 0x0000000724400000|  0%| F|  |TAMS 0x0000000724200000, 0x0000000724200000| Untracked 
| 290|0x0000000724400000, 0x0000000724400000, 0x0000000724600000|  0%| F|  |TAMS 0x0000000724400000, 0x0000000724400000| Untracked 
| 291|0x0000000724600000, 0x0000000724600000, 0x0000000724800000|  0%| F|  |TAMS 0x0000000724600000, 0x0000000724600000| Untracked 
| 292|0x0000000724800000, 0x0000000724800000, 0x0000000724a00000|  0%| F|  |TAMS 0x0000000724800000, 0x0000000724800000| Untracked 
| 293|0x0000000724a00000, 0x0000000724a00000, 0x0000000724c00000|  0%| F|  |TAMS 0x0000000724a00000, 0x0000000724a00000| Untracked 
| 294|0x0000000724c00000, 0x0000000724c00000, 0x0000000724e00000|  0%| F|  |TAMS 0x0000000724c00000, 0x0000000724c00000| Untracked 
| 295|0x0000000724e00000, 0x0000000724e00000, 0x0000000725000000|  0%| F|  |TAMS 0x0000000724e00000, 0x0000000724e00000| Untracked 
| 296|0x0000000725000000, 0x0000000725000000, 0x0000000725200000|  0%| F|  |TAMS 0x0000000725000000, 0x0000000725000000| Untracked 
| 297|0x0000000725200000, 0x0000000725200000, 0x0000000725400000|  0%| F|  |TAMS 0x0000000725200000, 0x0000000725200000| Untracked 
| 298|0x0000000725400000, 0x0000000725400000, 0x0000000725600000|  0%| F|  |TAMS 0x0000000725400000, 0x0000000725400000| Untracked 
| 299|0x0000000725600000, 0x0000000725600000, 0x0000000725800000|  0%| F|  |TAMS 0x0000000725600000, 0x0000000725600000| Untracked 
| 300|0x0000000725800000, 0x0000000725800000, 0x0000000725a00000|  0%| F|  |TAMS 0x0000000725800000, 0x0000000725800000| Untracked 
| 301|0x0000000725a00000, 0x0000000725a00000, 0x0000000725c00000|  0%| F|  |TAMS 0x0000000725a00000, 0x0000000725a00000| Untracked 
| 302|0x0000000725c00000, 0x0000000725c00000, 0x0000000725e00000|  0%| F|  |TAMS 0x0000000725c00000, 0x0000000725c00000| Untracked 
| 303|0x0000000725e00000, 0x0000000725e00000, 0x0000000726000000|  0%| F|  |TAMS 0x0000000725e00000, 0x0000000725e00000| Untracked 
| 304|0x0000000726000000, 0x0000000726000000, 0x0000000726200000|  0%| F|  |TAMS 0x0000000726000000, 0x0000000726000000| Untracked 
| 305|0x0000000726200000, 0x0000000726200000, 0x0000000726400000|  0%| F|  |TAMS 0x0000000726200000, 0x0000000726200000| Untracked 
| 306|0x0000000726400000, 0x0000000726400000, 0x0000000726600000|  0%| F|  |TAMS 0x0000000726400000, 0x0000000726400000| Untracked 
| 307|0x0000000726600000, 0x0000000726600000, 0x0000000726800000|  0%| F|  |TAMS 0x0000000726600000, 0x0000000726600000| Untracked 
| 308|0x0000000726800000, 0x0000000726800000, 0x0000000726a00000|  0%| F|  |TAMS 0x0000000726800000, 0x0000000726800000| Untracked 
| 309|0x0000000726a00000, 0x0000000726a00000, 0x0000000726c00000|  0%| F|  |TAMS 0x0000000726a00000, 0x0000000726a00000| Untracked 
| 310|0x0000000726c00000, 0x0000000726c00000, 0x0000000726e00000|  0%| F|  |TAMS 0x0000000726c00000, 0x0000000726c00000| Untracked 
| 311|0x0000000726e00000, 0x0000000726e00000, 0x0000000727000000|  0%| F|  |TAMS 0x0000000726e00000, 0x0000000726e00000| Untracked 
| 312|0x0000000727000000, 0x0000000727000000, 0x0000000727200000|  0%| F|  |TAMS 0x0000000727000000, 0x0000000727000000| Untracked 
| 313|0x0000000727200000, 0x0000000727200000, 0x0000000727400000|  0%| F|  |TAMS 0x0000000727200000, 0x0000000727200000| Untracked 
| 314|0x0000000727400000, 0x0000000727400000, 0x0000000727600000|  0%| F|  |TAMS 0x0000000727400000, 0x0000000727400000| Untracked 
| 315|0x0000000727600000, 0x0000000727600000, 0x0000000727800000|  0%| F|  |TAMS 0x0000000727600000, 0x0000000727600000| Untracked 
| 316|0x0000000727800000, 0x0000000727800000, 0x0000000727a00000|  0%| F|  |TAMS 0x0000000727800000, 0x0000000727800000| Untracked 
| 317|0x0000000727a00000, 0x0000000727a00000, 0x0000000727c00000|  0%| F|  |TAMS 0x0000000727a00000, 0x0000000727a00000| Untracked 
| 318|0x0000000727c00000, 0x0000000727c00000, 0x0000000727e00000|  0%| F|  |TAMS 0x0000000727c00000, 0x0000000727c00000| Untracked 
| 319|0x0000000727e00000, 0x0000000727e00000, 0x0000000728000000|  0%| F|  |TAMS 0x0000000727e00000, 0x0000000727e00000| Untracked 
| 320|0x0000000728000000, 0x0000000728000000, 0x0000000728200000|  0%| F|  |TAMS 0x0000000728000000, 0x0000000728000000| Untracked 
| 321|0x0000000728200000, 0x0000000728200000, 0x0000000728400000|  0%| F|  |TAMS 0x0000000728200000, 0x0000000728200000| Untracked 
| 322|0x0000000728400000, 0x0000000728400000, 0x0000000728600000|  0%| F|  |TAMS 0x0000000728400000, 0x0000000728400000| Untracked 
| 323|0x0000000728600000, 0x0000000728600000, 0x0000000728800000|  0%| F|  |TAMS 0x0000000728600000, 0x0000000728600000| Untracked 
| 324|0x0000000728800000, 0x0000000728800000, 0x0000000728a00000|  0%| F|  |TAMS 0x0000000728800000, 0x0000000728800000| Untracked 
| 325|0x0000000728a00000, 0x0000000728a00000, 0x0000000728c00000|  0%| F|  |TAMS 0x0000000728a00000, 0x0000000728a00000| Untracked 
| 326|0x0000000728c00000, 0x0000000728c00000, 0x0000000728e00000|  0%| F|  |TAMS 0x0000000728c00000, 0x0000000728c00000| Untracked 
| 327|0x0000000728e00000, 0x0000000728e00000, 0x0000000729000000|  0%| F|  |TAMS 0x0000000728e00000, 0x0000000728e00000| Untracked 
| 328|0x0000000729000000, 0x0000000729000000, 0x0000000729200000|  0%| F|  |TAMS 0x0000000729000000, 0x0000000729000000| Untracked 
| 329|0x0000000729200000, 0x0000000729200000, 0x0000000729400000|  0%| F|  |TAMS 0x0000000729200000, 0x0000000729200000| Untracked 
| 330|0x0000000729400000, 0x0000000729400000, 0x0000000729600000|  0%| F|  |TAMS 0x0000000729400000, 0x0000000729400000| Untracked 
| 331|0x0000000729600000, 0x0000000729600000, 0x0000000729800000|  0%| F|  |TAMS 0x0000000729600000, 0x0000000729600000| Untracked 
| 332|0x0000000729800000, 0x0000000729800000, 0x0000000729a00000|  0%| F|  |TAMS 0x0000000729800000, 0x0000000729800000| Untracked 
| 333|0x0000000729a00000, 0x0000000729a00000, 0x0000000729c00000|  0%| F|  |TAMS 0x0000000729a00000, 0x0000000729a00000| Untracked 
| 334|0x0000000729c00000, 0x0000000729c00000, 0x0000000729e00000|  0%| F|  |TAMS 0x0000000729c00000, 0x0000000729c00000| Untracked 
| 335|0x0000000729e00000, 0x0000000729e00000, 0x000000072a000000|  0%| F|  |TAMS 0x0000000729e00000, 0x0000000729e00000| Untracked 
| 336|0x000000072a000000, 0x000000072a000000, 0x000000072a200000|  0%| F|  |TAMS 0x000000072a000000, 0x000000072a000000| Untracked 
| 337|0x000000072a200000, 0x000000072a200000, 0x000000072a400000|  0%| F|  |TAMS 0x000000072a200000, 0x000000072a200000| Untracked 
| 338|0x000000072a400000, 0x000000072a400000, 0x000000072a600000|  0%| F|  |TAMS 0x000000072a400000, 0x000000072a400000| Untracked 
| 339|0x000000072a600000, 0x000000072a600000, 0x000000072a800000|  0%| F|  |TAMS 0x000000072a600000, 0x000000072a600000| Untracked 
| 340|0x000000072a800000, 0x000000072a800000, 0x000000072aa00000|  0%| F|  |TAMS 0x000000072a800000, 0x000000072a800000| Untracked 
| 341|0x000000072aa00000, 0x000000072aa00000, 0x000000072ac00000|  0%| F|  |TAMS 0x000000072aa00000, 0x000000072aa00000| Untracked 
| 342|0x000000072ac00000, 0x000000072ac00000, 0x000000072ae00000|  0%| F|  |TAMS 0x000000072ac00000, 0x000000072ac00000| Untracked 
| 343|0x000000072ae00000, 0x000000072ae00000, 0x000000072b000000|  0%| F|  |TAMS 0x000000072ae00000, 0x000000072ae00000| Untracked 
| 344|0x000000072b000000, 0x000000072b000000, 0x000000072b200000|  0%| F|  |TAMS 0x000000072b000000, 0x000000072b000000| Untracked 
| 345|0x000000072b200000, 0x000000072b200000, 0x000000072b400000|  0%| F|  |TAMS 0x000000072b200000, 0x000000072b200000| Untracked 
| 346|0x000000072b400000, 0x000000072b400000, 0x000000072b600000|  0%| F|  |TAMS 0x000000072b400000, 0x000000072b400000| Untracked 
| 347|0x000000072b600000, 0x000000072b600000, 0x000000072b800000|  0%| F|  |TAMS 0x000000072b600000, 0x000000072b600000| Untracked 
| 348|0x000000072b800000, 0x000000072b800000, 0x000000072ba00000|  0%| F|  |TAMS 0x000000072b800000, 0x000000072b800000| Untracked 
| 349|0x000000072ba00000, 0x000000072ba00000, 0x000000072bc00000|  0%| F|  |TAMS 0x000000072ba00000, 0x000000072ba00000| Untracked 
| 350|0x000000072bc00000, 0x000000072bc00000, 0x000000072be00000|  0%| F|  |TAMS 0x000000072bc00000, 0x000000072bc00000| Untracked 
| 351|0x000000072be00000, 0x000000072be00000, 0x000000072c000000|  0%| F|  |TAMS 0x000000072be00000, 0x000000072be00000| Untracked 
| 352|0x000000072c000000, 0x000000072c000000, 0x000000072c200000|  0%| F|  |TAMS 0x000000072c000000, 0x000000072c000000| Untracked 
| 353|0x000000072c200000, 0x000000072c200000, 0x000000072c400000|  0%| F|  |TAMS 0x000000072c200000, 0x000000072c200000| Untracked 
| 354|0x000000072c400000, 0x000000072c400000, 0x000000072c600000|  0%| F|  |TAMS 0x000000072c400000, 0x000000072c400000| Untracked 
| 355|0x000000072c600000, 0x000000072c600000, 0x000000072c800000|  0%| F|  |TAMS 0x000000072c600000, 0x000000072c600000| Untracked 
| 356|0x000000072c800000, 0x000000072c800000, 0x000000072ca00000|  0%| F|  |TAMS 0x000000072c800000, 0x000000072c800000| Untracked 
| 357|0x000000072ca00000, 0x000000072ca00000, 0x000000072cc00000|  0%| F|  |TAMS 0x000000072ca00000, 0x000000072ca00000| Untracked 
| 358|0x000000072cc00000, 0x000000072cc00000, 0x000000072ce00000|  0%| F|  |TAMS 0x000000072cc00000, 0x000000072cc00000| Untracked 
| 359|0x000000072ce00000, 0x000000072ce00000, 0x000000072d000000|  0%| F|  |TAMS 0x000000072ce00000, 0x000000072ce00000| Untracked 
| 360|0x000000072d000000, 0x000000072d000000, 0x000000072d200000|  0%| F|  |TAMS 0x000000072d000000, 0x000000072d000000| Untracked 
| 361|0x000000072d200000, 0x000000072d200000, 0x000000072d400000|  0%| F|  |TAMS 0x000000072d200000, 0x000000072d200000| Untracked 
| 362|0x000000072d400000, 0x000000072d400000, 0x000000072d600000|  0%| F|  |TAMS 0x000000072d400000, 0x000000072d400000| Untracked 
| 363|0x000000072d600000, 0x000000072d600000, 0x000000072d800000|  0%| F|  |TAMS 0x000000072d600000, 0x000000072d600000| Untracked 
| 364|0x000000072d800000, 0x000000072d800000, 0x000000072da00000|  0%| F|  |TAMS 0x000000072d800000, 0x000000072d800000| Untracked 
| 365|0x000000072da00000, 0x000000072da00000, 0x000000072dc00000|  0%| F|  |TAMS 0x000000072da00000, 0x000000072da00000| Untracked 
| 366|0x000000072dc00000, 0x000000072dc00000, 0x000000072de00000|  0%| F|  |TAMS 0x000000072dc00000, 0x000000072dc00000| Untracked 
| 367|0x000000072de00000, 0x000000072de00000, 0x000000072e000000|  0%| F|  |TAMS 0x000000072de00000, 0x000000072de00000| Untracked 
| 368|0x000000072e000000, 0x000000072e000000, 0x000000072e200000|  0%| F|  |TAMS 0x000000072e000000, 0x000000072e000000| Untracked 
| 369|0x000000072e200000, 0x000000072e200000, 0x000000072e400000|  0%| F|  |TAMS 0x000000072e200000, 0x000000072e200000| Untracked 
| 370|0x000000072e400000, 0x000000072e400000, 0x000000072e600000|  0%| F|  |TAMS 0x000000072e400000, 0x000000072e400000| Untracked 
| 371|0x000000072e600000, 0x000000072e600000, 0x000000072e800000|  0%| F|  |TAMS 0x000000072e600000, 0x000000072e600000| Untracked 
| 372|0x000000072e800000, 0x000000072e800000, 0x000000072ea00000|  0%| F|  |TAMS 0x000000072e800000, 0x000000072e800000| Untracked 
| 373|0x000000072ea00000, 0x000000072ea00000, 0x000000072ec00000|  0%| F|  |TAMS 0x000000072ea00000, 0x000000072ea00000| Untracked 
| 374|0x000000072ec00000, 0x000000072ec00000, 0x000000072ee00000|  0%| F|  |TAMS 0x000000072ec00000, 0x000000072ec00000| Untracked 
| 375|0x000000072ee00000, 0x000000072ee00000, 0x000000072f000000|  0%| F|  |TAMS 0x000000072ee00000, 0x000000072ee00000| Untracked 
| 376|0x000000072f000000, 0x000000072f000000, 0x000000072f200000|  0%| F|  |TAMS 0x000000072f000000, 0x000000072f000000| Untracked 
| 377|0x000000072f200000, 0x000000072f200000, 0x000000072f400000|  0%| F|  |TAMS 0x000000072f200000, 0x000000072f200000| Untracked 
| 378|0x000000072f400000, 0x000000072f400000, 0x000000072f600000|  0%| F|  |TAMS 0x000000072f400000, 0x000000072f400000| Untracked 
| 379|0x000000072f600000, 0x000000072f600000, 0x000000072f800000|  0%| F|  |TAMS 0x000000072f600000, 0x000000072f600000| Untracked 
| 380|0x000000072f800000, 0x000000072f800000, 0x000000072fa00000|  0%| F|  |TAMS 0x000000072f800000, 0x000000072f800000| Untracked 
| 381|0x000000072fa00000, 0x000000072fa00000, 0x000000072fc00000|  0%| F|  |TAMS 0x000000072fa00000, 0x000000072fa00000| Untracked 
| 382|0x000000072fc00000, 0x000000072fc00000, 0x000000072fe00000|  0%| F|  |TAMS 0x000000072fc00000, 0x000000072fc00000| Untracked 
| 383|0x000000072fe00000, 0x000000072fe00000, 0x0000000730000000|  0%| F|  |TAMS 0x000000072fe00000, 0x000000072fe00000| Untracked 
| 384|0x0000000730000000, 0x0000000730000000, 0x0000000730200000|  0%| F|  |TAMS 0x0000000730000000, 0x0000000730000000| Untracked 
| 385|0x0000000730200000, 0x0000000730200000, 0x0000000730400000|  0%| F|  |TAMS 0x0000000730200000, 0x0000000730200000| Untracked 
| 386|0x0000000730400000, 0x0000000730400000, 0x0000000730600000|  0%| F|  |TAMS 0x0000000730400000, 0x0000000730400000| Untracked 
| 387|0x0000000730600000, 0x0000000730600000, 0x0000000730800000|  0%| F|  |TAMS 0x0000000730600000, 0x0000000730600000| Untracked 
| 388|0x0000000730800000, 0x0000000730800000, 0x0000000730a00000|  0%| F|  |TAMS 0x0000000730800000, 0x0000000730800000| Untracked 
| 389|0x0000000730a00000, 0x0000000730a00000, 0x0000000730c00000|  0%| F|  |TAMS 0x0000000730a00000, 0x0000000730a00000| Untracked 
| 390|0x0000000730c00000, 0x0000000730c00000, 0x0000000730e00000|  0%| F|  |TAMS 0x0000000730c00000, 0x0000000730c00000| Untracked 
| 391|0x0000000730e00000, 0x0000000730e00000, 0x0000000731000000|  0%| F|  |TAMS 0x0000000730e00000, 0x0000000730e00000| Untracked 
| 392|0x0000000731000000, 0x0000000731000000, 0x0000000731200000|  0%| F|  |TAMS 0x0000000731000000, 0x0000000731000000| Untracked 
| 393|0x0000000731200000, 0x0000000731200000, 0x0000000731400000|  0%| F|  |TAMS 0x0000000731200000, 0x0000000731200000| Untracked 
| 394|0x0000000731400000, 0x0000000731400000, 0x0000000731600000|  0%| F|  |TAMS 0x0000000731400000, 0x0000000731400000| Untracked 
| 395|0x0000000731600000, 0x0000000731600000, 0x0000000731800000|  0%| F|  |TAMS 0x0000000731600000, 0x0000000731600000| Untracked 
| 396|0x0000000731800000, 0x0000000731800000, 0x0000000731a00000|  0%| F|  |TAMS 0x0000000731800000, 0x0000000731800000| Untracked 
| 397|0x0000000731a00000, 0x0000000731a00000, 0x0000000731c00000|  0%| F|  |TAMS 0x0000000731a00000, 0x0000000731a00000| Untracked 
| 398|0x0000000731c00000, 0x0000000731c00000, 0x0000000731e00000|  0%| F|  |TAMS 0x0000000731c00000, 0x0000000731c00000| Untracked 
| 399|0x0000000731e00000, 0x0000000731e00000, 0x0000000732000000|  0%| F|  |TAMS 0x0000000731e00000, 0x0000000731e00000| Untracked 
| 400|0x0000000732000000, 0x0000000732000000, 0x0000000732200000|  0%| F|  |TAMS 0x0000000732000000, 0x0000000732000000| Untracked 
| 401|0x0000000732200000, 0x0000000732200000, 0x0000000732400000|  0%| F|  |TAMS 0x0000000732200000, 0x0000000732200000| Untracked 
| 402|0x0000000732400000, 0x0000000732400000, 0x0000000732600000|  0%| F|  |TAMS 0x0000000732400000, 0x0000000732400000| Untracked 
| 403|0x0000000732600000, 0x0000000732600000, 0x0000000732800000|  0%| F|  |TAMS 0x0000000732600000, 0x0000000732600000| Untracked 
| 404|0x0000000732800000, 0x0000000732800000, 0x0000000732a00000|  0%| F|  |TAMS 0x0000000732800000, 0x0000000732800000| Untracked 
| 405|0x0000000732a00000, 0x0000000732a00000, 0x0000000732c00000|  0%| F|  |TAMS 0x0000000732a00000, 0x0000000732a00000| Untracked 
| 406|0x0000000732c00000, 0x0000000732c00000, 0x0000000732e00000|  0%| F|  |TAMS 0x0000000732c00000, 0x0000000732c00000| Untracked 
| 407|0x0000000732e00000, 0x0000000732e00000, 0x0000000733000000|  0%| F|  |TAMS 0x0000000732e00000, 0x0000000732e00000| Untracked 
| 408|0x0000000733000000, 0x0000000733000000, 0x0000000733200000|  0%| F|  |TAMS 0x0000000733000000, 0x0000000733000000| Untracked 
| 409|0x0000000733200000, 0x0000000733200000, 0x0000000733400000|  0%| F|  |TAMS 0x0000000733200000, 0x0000000733200000| Untracked 
| 410|0x0000000733400000, 0x0000000733400000, 0x0000000733600000|  0%| F|  |TAMS 0x0000000733400000, 0x0000000733400000| Untracked 
| 411|0x0000000733600000, 0x0000000733600000, 0x0000000733800000|  0%| F|  |TAMS 0x0000000733600000, 0x0000000733600000| Untracked 
| 412|0x0000000733800000, 0x0000000733800000, 0x0000000733a00000|  0%| F|  |TAMS 0x0000000733800000, 0x0000000733800000| Untracked 
| 413|0x0000000733a00000, 0x0000000733a00000, 0x0000000733c00000|  0%| F|  |TAMS 0x0000000733a00000, 0x0000000733a00000| Untracked 
| 414|0x0000000733c00000, 0x0000000733c00000, 0x0000000733e00000|  0%| F|  |TAMS 0x0000000733c00000, 0x0000000733c00000| Untracked 
| 415|0x0000000733e00000, 0x0000000733e00000, 0x0000000734000000|  0%| F|  |TAMS 0x0000000733e00000, 0x0000000733e00000| Untracked 
| 416|0x0000000734000000, 0x0000000734000000, 0x0000000734200000|  0%| F|  |TAMS 0x0000000734000000, 0x0000000734000000| Untracked 
| 417|0x0000000734200000, 0x0000000734200000, 0x0000000734400000|  0%| F|  |TAMS 0x0000000734200000, 0x0000000734200000| Untracked 
| 418|0x0000000734400000, 0x0000000734400000, 0x0000000734600000|  0%| F|  |TAMS 0x0000000734400000, 0x0000000734400000| Untracked 
| 419|0x0000000734600000, 0x0000000734600000, 0x0000000734800000|  0%| F|  |TAMS 0x0000000734600000, 0x0000000734600000| Untracked 
| 420|0x0000000734800000, 0x0000000734800000, 0x0000000734a00000|  0%| F|  |TAMS 0x0000000734800000, 0x0000000734800000| Untracked 
| 421|0x0000000734a00000, 0x0000000734a00000, 0x0000000734c00000|  0%| F|  |TAMS 0x0000000734a00000, 0x0000000734a00000| Untracked 
| 422|0x0000000734c00000, 0x0000000734c00000, 0x0000000734e00000|  0%| F|  |TAMS 0x0000000734c00000, 0x0000000734c00000| Untracked 
| 423|0x0000000734e00000, 0x0000000734e00000, 0x0000000735000000|  0%| F|  |TAMS 0x0000000734e00000, 0x0000000734e00000| Untracked 
| 424|0x0000000735000000, 0x0000000735000000, 0x0000000735200000|  0%| F|  |TAMS 0x0000000735000000, 0x0000000735000000| Untracked 
| 425|0x0000000735200000, 0x0000000735200000, 0x0000000735400000|  0%| F|  |TAMS 0x0000000735200000, 0x0000000735200000| Untracked 
| 426|0x0000000735400000, 0x0000000735400000, 0x0000000735600000|  0%| F|  |TAMS 0x0000000735400000, 0x0000000735400000| Untracked 
| 427|0x0000000735600000, 0x0000000735600000, 0x0000000735800000|  0%| F|  |TAMS 0x0000000735600000, 0x0000000735600000| Untracked 
| 428|0x0000000735800000, 0x0000000735800000, 0x0000000735a00000|  0%| F|  |TAMS 0x0000000735800000, 0x0000000735800000| Untracked 
| 429|0x0000000735a00000, 0x0000000735a00000, 0x0000000735c00000|  0%| F|  |TAMS 0x0000000735a00000, 0x0000000735a00000| Untracked 
| 430|0x0000000735c00000, 0x0000000735c00000, 0x0000000735e00000|  0%| F|  |TAMS 0x0000000735c00000, 0x0000000735c00000| Untracked 
| 431|0x0000000735e00000, 0x0000000735e00000, 0x0000000736000000|  0%| F|  |TAMS 0x0000000735e00000, 0x0000000735e00000| Untracked 
| 432|0x0000000736000000, 0x0000000736000000, 0x0000000736200000|  0%| F|  |TAMS 0x0000000736000000, 0x0000000736000000| Untracked 
| 433|0x0000000736200000, 0x0000000736200000, 0x0000000736400000|  0%| F|  |TAMS 0x0000000736200000, 0x0000000736200000| Untracked 
| 434|0x0000000736400000, 0x0000000736400000, 0x0000000736600000|  0%| F|  |TAMS 0x0000000736400000, 0x0000000736400000| Untracked 
| 435|0x0000000736600000, 0x0000000736600000, 0x0000000736800000|  0%| F|  |TAMS 0x0000000736600000, 0x0000000736600000| Untracked 
| 436|0x0000000736800000, 0x0000000736800000, 0x0000000736a00000|  0%| F|  |TAMS 0x0000000736800000, 0x0000000736800000| Untracked 
| 437|0x0000000736a00000, 0x0000000736a00000, 0x0000000736c00000|  0%| F|  |TAMS 0x0000000736a00000, 0x0000000736a00000| Untracked 
| 438|0x0000000736c00000, 0x0000000736c00000, 0x0000000736e00000|  0%| F|  |TAMS 0x0000000736c00000, 0x0000000736c00000| Untracked 
| 439|0x0000000736e00000, 0x0000000736e00000, 0x0000000737000000|  0%| F|  |TAMS 0x0000000736e00000, 0x0000000736e00000| Untracked 
| 440|0x0000000737000000, 0x0000000737000000, 0x0000000737200000|  0%| F|  |TAMS 0x0000000737000000, 0x0000000737000000| Untracked 
| 441|0x0000000737200000, 0x0000000737200000, 0x0000000737400000|  0%| F|  |TAMS 0x0000000737200000, 0x0000000737200000| Untracked 
| 442|0x0000000737400000, 0x0000000737400000, 0x0000000737600000|  0%| F|  |TAMS 0x0000000737400000, 0x0000000737400000| Untracked 
| 443|0x0000000737600000, 0x0000000737600000, 0x0000000737800000|  0%| F|  |TAMS 0x0000000737600000, 0x0000000737600000| Untracked 
| 444|0x0000000737800000, 0x0000000737800000, 0x0000000737a00000|  0%| F|  |TAMS 0x0000000737800000, 0x0000000737800000| Untracked 
| 445|0x0000000737a00000, 0x0000000737a00000, 0x0000000737c00000|  0%| F|  |TAMS 0x0000000737a00000, 0x0000000737a00000| Untracked 
| 446|0x0000000737c00000, 0x0000000737c00000, 0x0000000737e00000|  0%| F|  |TAMS 0x0000000737c00000, 0x0000000737c00000| Untracked 
| 447|0x0000000737e00000, 0x0000000737e00000, 0x0000000738000000|  0%| F|  |TAMS 0x0000000737e00000, 0x0000000737e00000| Untracked 
| 448|0x0000000738000000, 0x0000000738000000, 0x0000000738200000|  0%| F|  |TAMS 0x0000000738000000, 0x0000000738000000| Untracked 
| 449|0x0000000738200000, 0x0000000738200000, 0x0000000738400000|  0%| F|  |TAMS 0x0000000738200000, 0x0000000738200000| Untracked 
| 450|0x0000000738400000, 0x0000000738400000, 0x0000000738600000|  0%| F|  |TAMS 0x0000000738400000, 0x0000000738400000| Untracked 
| 451|0x0000000738600000, 0x0000000738600000, 0x0000000738800000|  0%| F|  |TAMS 0x0000000738600000, 0x0000000738600000| Untracked 
| 452|0x0000000738800000, 0x0000000738800000, 0x0000000738a00000|  0%| F|  |TAMS 0x0000000738800000, 0x0000000738800000| Untracked 
| 453|0x0000000738a00000, 0x0000000738a00000, 0x0000000738c00000|  0%| F|  |TAMS 0x0000000738a00000, 0x0000000738a00000| Untracked 
| 454|0x0000000738c00000, 0x0000000738c00000, 0x0000000738e00000|  0%| F|  |TAMS 0x0000000738c00000, 0x0000000738c00000| Untracked 
| 455|0x0000000738e00000, 0x0000000738e00000, 0x0000000739000000|  0%| F|  |TAMS 0x0000000738e00000, 0x0000000738e00000| Untracked 
| 456|0x0000000739000000, 0x0000000739000000, 0x0000000739200000|  0%| F|  |TAMS 0x0000000739000000, 0x0000000739000000| Untracked 
| 457|0x0000000739200000, 0x0000000739200000, 0x0000000739400000|  0%| F|  |TAMS 0x0000000739200000, 0x0000000739200000| Untracked 
| 458|0x0000000739400000, 0x0000000739400000, 0x0000000739600000|  0%| F|  |TAMS 0x0000000739400000, 0x0000000739400000| Untracked 
| 459|0x0000000739600000, 0x0000000739600000, 0x0000000739800000|  0%| F|  |TAMS 0x0000000739600000, 0x0000000739600000| Untracked 
| 460|0x0000000739800000, 0x0000000739800000, 0x0000000739a00000|  0%| F|  |TAMS 0x0000000739800000, 0x0000000739800000| Untracked 
| 461|0x0000000739a00000, 0x0000000739a00000, 0x0000000739c00000|  0%| F|  |TAMS 0x0000000739a00000, 0x0000000739a00000| Untracked 
| 462|0x0000000739c00000, 0x0000000739c00000, 0x0000000739e00000|  0%| F|  |TAMS 0x0000000739c00000, 0x0000000739c00000| Untracked 
| 463|0x0000000739e00000, 0x0000000739e00000, 0x000000073a000000|  0%| F|  |TAMS 0x0000000739e00000, 0x0000000739e00000| Untracked 
| 464|0x000000073a000000, 0x000000073a000000, 0x000000073a200000|  0%| F|  |TAMS 0x000000073a000000, 0x000000073a000000| Untracked 
| 465|0x000000073a200000, 0x000000073a200000, 0x000000073a400000|  0%| F|  |TAMS 0x000000073a200000, 0x000000073a200000| Untracked 
| 466|0x000000073a400000, 0x000000073a400000, 0x000000073a600000|  0%| F|  |TAMS 0x000000073a400000, 0x000000073a400000| Untracked 
| 467|0x000000073a600000, 0x000000073a600000, 0x000000073a800000|  0%| F|  |TAMS 0x000000073a600000, 0x000000073a600000| Untracked 
| 468|0x000000073a800000, 0x000000073a800000, 0x000000073aa00000|  0%| F|  |TAMS 0x000000073a800000, 0x000000073a800000| Untracked 
| 469|0x000000073aa00000, 0x000000073aa00000, 0x000000073ac00000|  0%| F|  |TAMS 0x000000073aa00000, 0x000000073aa00000| Untracked 
| 470|0x000000073ac00000, 0x000000073ac00000, 0x000000073ae00000|  0%| F|  |TAMS 0x000000073ac00000, 0x000000073ac00000| Untracked 
| 471|0x000000073ae00000, 0x000000073ae00000, 0x000000073b000000|  0%| F|  |TAMS 0x000000073ae00000, 0x000000073ae00000| Untracked 
| 472|0x000000073b000000, 0x000000073b000000, 0x000000073b200000|  0%| F|  |TAMS 0x000000073b000000, 0x000000073b000000| Untracked 
| 473|0x000000073b200000, 0x000000073b200000, 0x000000073b400000|  0%| F|  |TAMS 0x000000073b200000, 0x000000073b200000| Untracked 
| 474|0x000000073b400000, 0x000000073b400000, 0x000000073b600000|  0%| F|  |TAMS 0x000000073b400000, 0x000000073b400000| Untracked 
| 475|0x000000073b600000, 0x000000073b600000, 0x000000073b800000|  0%| F|  |TAMS 0x000000073b600000, 0x000000073b600000| Untracked 
| 476|0x000000073b800000, 0x000000073b800000, 0x000000073ba00000|  0%| F|  |TAMS 0x000000073b800000, 0x000000073b800000| Untracked 
| 477|0x000000073ba00000, 0x000000073ba00000, 0x000000073bc00000|  0%| F|  |TAMS 0x000000073ba00000, 0x000000073ba00000| Untracked 
| 478|0x000000073bc00000, 0x000000073bc00000, 0x000000073be00000|  0%| F|  |TAMS 0x000000073bc00000, 0x000000073bc00000| Untracked 
| 479|0x000000073be00000, 0x000000073be00000, 0x000000073c000000|  0%| F|  |TAMS 0x000000073be00000, 0x000000073be00000| Untracked 
| 480|0x000000073c000000, 0x000000073c000000, 0x000000073c200000|  0%| F|  |TAMS 0x000000073c000000, 0x000000073c000000| Untracked 
| 481|0x000000073c200000, 0x000000073c200000, 0x000000073c400000|  0%| F|  |TAMS 0x000000073c200000, 0x000000073c200000| Untracked 
| 482|0x000000073c400000, 0x000000073c400000, 0x000000073c600000|  0%| F|  |TAMS 0x000000073c400000, 0x000000073c400000| Untracked 
| 483|0x000000073c600000, 0x000000073c600000, 0x000000073c800000|  0%| F|  |TAMS 0x000000073c600000, 0x000000073c600000| Untracked 
| 484|0x000000073c800000, 0x000000073c800000, 0x000000073ca00000|  0%| F|  |TAMS 0x000000073c800000, 0x000000073c800000| Untracked 
| 485|0x000000073ca00000, 0x000000073ca00000, 0x000000073cc00000|  0%| F|  |TAMS 0x000000073ca00000, 0x000000073ca00000| Untracked 
| 486|0x000000073cc00000, 0x000000073cc00000, 0x000000073ce00000|  0%| F|  |TAMS 0x000000073cc00000, 0x000000073cc00000| Untracked 
| 487|0x000000073ce00000, 0x000000073ce00000, 0x000000073d000000|  0%| F|  |TAMS 0x000000073ce00000, 0x000000073ce00000| Untracked 
| 488|0x000000073d000000, 0x000000073d000000, 0x000000073d200000|  0%| F|  |TAMS 0x000000073d000000, 0x000000073d000000| Untracked 
| 489|0x000000073d200000, 0x000000073d200000, 0x000000073d400000|  0%| F|  |TAMS 0x000000073d200000, 0x000000073d200000| Untracked 
| 490|0x000000073d400000, 0x000000073d400000, 0x000000073d600000|  0%| F|  |TAMS 0x000000073d400000, 0x000000073d400000| Untracked 
| 491|0x000000073d600000, 0x000000073d600000, 0x000000073d800000|  0%| F|  |TAMS 0x000000073d600000, 0x000000073d600000| Untracked 
| 492|0x000000073d800000, 0x000000073d800000, 0x000000073da00000|  0%| F|  |TAMS 0x000000073d800000, 0x000000073d800000| Untracked 
| 493|0x000000073da00000, 0x000000073da00000, 0x000000073dc00000|  0%| F|  |TAMS 0x000000073da00000, 0x000000073da00000| Untracked 
| 494|0x000000073dc00000, 0x000000073dc00000, 0x000000073de00000|  0%| F|  |TAMS 0x000000073dc00000, 0x000000073dc00000| Untracked 
| 495|0x000000073de00000, 0x000000073de00000, 0x000000073e000000|  0%| F|  |TAMS 0x000000073de00000, 0x000000073de00000| Untracked 
| 496|0x000000073e000000, 0x000000073e000000, 0x000000073e200000|  0%| F|  |TAMS 0x000000073e000000, 0x000000073e000000| Untracked 
| 497|0x000000073e200000, 0x000000073e200000, 0x000000073e400000|  0%| F|  |TAMS 0x000000073e200000, 0x000000073e200000| Untracked 
| 498|0x000000073e400000, 0x000000073e400000, 0x000000073e600000|  0%| F|  |TAMS 0x000000073e400000, 0x000000073e400000| Untracked 
| 499|0x000000073e600000, 0x000000073e600000, 0x000000073e800000|  0%| F|  |TAMS 0x000000073e600000, 0x000000073e600000| Untracked 
| 500|0x000000073e800000, 0x000000073e800000, 0x000000073ea00000|  0%| F|  |TAMS 0x000000073e800000, 0x000000073e800000| Untracked 
| 501|0x000000073ea00000, 0x000000073ea00000, 0x000000073ec00000|  0%| F|  |TAMS 0x000000073ea00000, 0x000000073ea00000| Untracked 
| 502|0x000000073ec00000, 0x000000073ec00000, 0x000000073ee00000|  0%| F|  |TAMS 0x000000073ec00000, 0x000000073ec00000| Untracked 
| 503|0x000000073ee00000, 0x000000073ee00000, 0x000000073f000000|  0%| F|  |TAMS 0x000000073ee00000, 0x000000073ee00000| Untracked 
| 504|0x000000073f000000, 0x000000073f000000, 0x000000073f200000|  0%| F|  |TAMS 0x000000073f000000, 0x000000073f000000| Untracked 
| 505|0x000000073f200000, 0x000000073f200000, 0x000000073f400000|  0%| F|  |TAMS 0x000000073f200000, 0x000000073f200000| Untracked 
| 506|0x000000073f400000, 0x000000073f400000, 0x000000073f600000|  0%| F|  |TAMS 0x000000073f400000, 0x000000073f400000| Untracked 
| 507|0x000000073f600000, 0x000000073f600000, 0x000000073f800000|  0%| F|  |TAMS 0x000000073f600000, 0x000000073f600000| Untracked 
| 508|0x000000073f800000, 0x000000073f800000, 0x000000073fa00000|  0%| F|  |TAMS 0x000000073f800000, 0x000000073f800000| Untracked 
| 509|0x000000073fa00000, 0x000000073fa00000, 0x000000073fc00000|  0%| F|  |TAMS 0x000000073fa00000, 0x000000073fa00000| Untracked 
| 510|0x000000073fc00000, 0x000000073fc00000, 0x000000073fe00000|  0%| F|  |TAMS 0x000000073fc00000, 0x000000073fc00000| Untracked 
| 511|0x000000073fe00000, 0x000000073fe00000, 0x0000000740000000|  0%| F|  |TAMS 0x000000073fe00000, 0x000000073fe00000| Untracked 
| 512|0x0000000740000000, 0x0000000740000000, 0x0000000740200000|  0%| F|  |TAMS 0x0000000740000000, 0x0000000740000000| Untracked 
| 513|0x0000000740200000, 0x0000000740200000, 0x0000000740400000|  0%| F|  |TAMS 0x0000000740200000, 0x0000000740200000| Untracked 
| 514|0x0000000740400000, 0x0000000740400000, 0x0000000740600000|  0%| F|  |TAMS 0x0000000740400000, 0x0000000740400000| Untracked 
| 515|0x0000000740600000, 0x0000000740600000, 0x0000000740800000|  0%| F|  |TAMS 0x0000000740600000, 0x0000000740600000| Untracked 
| 516|0x0000000740800000, 0x0000000740800000, 0x0000000740a00000|  0%| F|  |TAMS 0x0000000740800000, 0x0000000740800000| Untracked 
| 517|0x0000000740a00000, 0x0000000740a00000, 0x0000000740c00000|  0%| F|  |TAMS 0x0000000740a00000, 0x0000000740a00000| Untracked 
| 518|0x0000000740c00000, 0x0000000740c00000, 0x0000000740e00000|  0%| F|  |TAMS 0x0000000740c00000, 0x0000000740c00000| Untracked 
| 519|0x0000000740e00000, 0x0000000740e00000, 0x0000000741000000|  0%| F|  |TAMS 0x0000000740e00000, 0x0000000740e00000| Untracked 
| 520|0x0000000741000000, 0x0000000741000000, 0x0000000741200000|  0%| F|  |TAMS 0x0000000741000000, 0x0000000741000000| Untracked 
| 521|0x0000000741200000, 0x0000000741200000, 0x0000000741400000|  0%| F|  |TAMS 0x0000000741200000, 0x0000000741200000| Untracked 
| 522|0x0000000741400000, 0x0000000741400000, 0x0000000741600000|  0%| F|  |TAMS 0x0000000741400000, 0x0000000741400000| Untracked 
| 523|0x0000000741600000, 0x0000000741600000, 0x0000000741800000|  0%| F|  |TAMS 0x0000000741600000, 0x0000000741600000| Untracked 
| 524|0x0000000741800000, 0x0000000741800000, 0x0000000741a00000|  0%| F|  |TAMS 0x0000000741800000, 0x0000000741800000| Untracked 
| 525|0x0000000741a00000, 0x0000000741a00000, 0x0000000741c00000|  0%| F|  |TAMS 0x0000000741a00000, 0x0000000741a00000| Untracked 
| 526|0x0000000741c00000, 0x0000000741c00000, 0x0000000741e00000|  0%| F|  |TAMS 0x0000000741c00000, 0x0000000741c00000| Untracked 
| 527|0x0000000741e00000, 0x0000000741e00000, 0x0000000742000000|  0%| F|  |TAMS 0x0000000741e00000, 0x0000000741e00000| Untracked 
| 528|0x0000000742000000, 0x0000000742000000, 0x0000000742200000|  0%| F|  |TAMS 0x0000000742000000, 0x0000000742000000| Untracked 
| 529|0x0000000742200000, 0x0000000742200000, 0x0000000742400000|  0%| F|  |TAMS 0x0000000742200000, 0x0000000742200000| Untracked 
| 530|0x0000000742400000, 0x0000000742400000, 0x0000000742600000|  0%| F|  |TAMS 0x0000000742400000, 0x0000000742400000| Untracked 
| 531|0x0000000742600000, 0x0000000742600000, 0x0000000742800000|  0%| F|  |TAMS 0x0000000742600000, 0x0000000742600000| Untracked 
| 532|0x0000000742800000, 0x0000000742800000, 0x0000000742a00000|  0%| F|  |TAMS 0x0000000742800000, 0x0000000742800000| Untracked 
| 533|0x0000000742a00000, 0x0000000742a00000, 0x0000000742c00000|  0%| F|  |TAMS 0x0000000742a00000, 0x0000000742a00000| Untracked 
| 534|0x0000000742c00000, 0x0000000742c00000, 0x0000000742e00000|  0%| F|  |TAMS 0x0000000742c00000, 0x0000000742c00000| Untracked 
| 535|0x0000000742e00000, 0x0000000742e00000, 0x0000000743000000|  0%| F|  |TAMS 0x0000000742e00000, 0x0000000742e00000| Untracked 
| 536|0x0000000743000000, 0x0000000743000000, 0x0000000743200000|  0%| F|  |TAMS 0x0000000743000000, 0x0000000743000000| Untracked 
| 537|0x0000000743200000, 0x0000000743200000, 0x0000000743400000|  0%| F|  |TAMS 0x0000000743200000, 0x0000000743200000| Untracked 
|2046|0x00000007ffc00000, 0x00000007ffc00000, 0x00000007ffe00000|  0%| F|  |TAMS 0x00000007ffc00000, 0x00000007ffc00000| Untracked 
|2047|0x00000007ffe00000, 0x00000007ffe00000, 0x0000000800000000|  0%| F|  |TAMS 0x00000007ffe00000, 0x00000007ffe00000| Untracked 

Card table byte_map: [0x000001cdbd3f0000,0x000001cdbdbf0000] _byte_map_base: 0x000001cdb9bf0000

Marking Bits (Prev, Next): (CMBitMap*) 0x000001cda58f4fc0, (CMBitMap*) 0x000001cda58f5000
 Prev Bits: [0x000001cdbe3f0000, 0x000001cdc23f0000)
 Next Bits: [0x000001cdc23f0000, 0x000001cdc63f0000)

Polling page: 0x000001cda4020000

Metaspace:

Usage:
  Non-class:    249.73 MB used.
      Class:     37.85 MB used.
       Both:    287.59 MB used.

Virtual space:
  Non-class space:      256.00 MB reserved,     251.38 MB ( 98%) committed,  4 nodes.
      Class space:      416.00 MB reserved,      39.44 MB (  9%) committed,  1 nodes.
             Both:      672.00 MB reserved,     290.81 MB ( 43%) committed. 

Chunk freelists:
   Non-Class:  3.95 MB
       Class:  8.38 MB
        Both:  12.33 MB

MaxMetaspaceSize: 512.00 MB
CompressedClassSpaceSize: 416.00 MB
Initial GC threshold: 21.00 MB
Current GC threshold: 484.38 MB
CDS: on
MetaspaceReclaimPolicy: balanced
 - commit_granule_bytes: 65536.
 - commit_granule_words: 8192.
 - virtual_space_node_default_size: 8388608.
 - enlarge_chunks_in_place: 1.
 - new_chunks_are_fully_committed: 0.
 - uncommit_free_chunks: 1.
 - use_allocation_guard: 0.
 - handle_deallocations: 1.


Internal statistics:

num_allocs_failed_limit: 15.
num_arena_births: 7212.
num_arena_deaths: 1430.
num_vsnodes_births: 5.
num_vsnodes_deaths: 0.
num_space_committed: 4734.
num_space_uncommitted: 86.
num_chunks_returned_to_freelist: 2283.
num_chunks_taken_from_freelist: 22688.
num_chunk_merges: 710.
num_chunk_splits: 13750.
num_chunks_enlarged: 8198.
num_inconsistent_stats: 0.

CodeHeap 'non-profiled nmethods': size=120000Kb used=63101Kb max_used=63125Kb free=56898Kb
 bounds [0x000001cdb4c50000, 0x000001cdb8a00000, 0x000001cdbc180000]
CodeHeap 'profiled nmethods': size=120000Kb used=100453Kb max_used=101686Kb free=19547Kb
 bounds [0x000001cdad180000, 0x000001cdb3540000, 0x000001cdb46b0000]
CodeHeap 'non-nmethods': size=5760Kb used=2654Kb max_used=2828Kb free=3105Kb
 bounds [0x000001cdb46b0000, 0x000001cdb4990000, 0x000001cdb4c50000]
 total_blobs=51271 nmethods=50041 adapters=1140
 compilation: enabled
              stopped_count=0, restarted_count=0
 full_count=0

Compilation events (20 events):
Event: 6677.557 Thread 0x000001cdc8ef09a0 70064       2       com.android.tools.r8.internal.QU$$Lambda$7081/0x000001cdcc6f8fe0::apply (8 bytes)
Event: 6677.558 Thread 0x000001cdc8ef09a0 nmethod 70064 0x000001cdb32cbb90 code [0x000001cdb32cbd20, 0x000001cdb32cbe98]
Event: 6677.561 Thread 0x000001cdf60d77b0 nmethod 70043 0x000001cdb888c410 code [0x000001cdb888c900, 0x000001cdb8891240]
Event: 6677.562 Thread 0x000001cdf60d77b0 70057       4       com.android.tools.r8.internal.VE::a (948 bytes)
Event: 6677.575 Thread 0x000001cdc8ef09a0 70065       1       com.android.tools.r8.internal.Xn::b (5 bytes)
Event: 6677.575 Thread 0x000001cdc8ef09a0 nmethod 70065 0x000001cdb888c110 code [0x000001cdb888c2a0, 0x000001cdb888c378]
Event: 6677.635 Thread 0x000001cdc8ef09a0 70069       3       com.android.tools.r8.internal.V10$$Lambda$7062/0x000001cdcc6ea6f0::accept (12 bytes)
Event: 6677.635 Thread 0x000001cdc8ef09a0 nmethod 70069 0x000001cdb344a790 code [0x000001cdb344a940, 0x000001cdb344ac88]
Event: 6677.654 Thread 0x000001cdc8ec7060 nmethod 69996 0x000001cdb8914d90 code [0x000001cdb8915500, 0x000001cdb891c5e8]
Event: 6677.655 Thread 0x000001cdc8ec7060 70051       4       com.android.tools.r8.internal.AK::q2 (39 bytes)
Event: 6677.660 Thread 0x000001cdc8ef09a0 70070       2       com.android.tools.r8.internal.rT::a (135 bytes)
Event: 6677.662 Thread 0x000001cdc8ef09a0 nmethod 70070 0x000001cdaff87010 code [0x000001cdaff87260, 0x000001cdaff87988]
Event: 6677.702 Thread 0x000001cdc8ec7060 nmethod 70051 0x000001cdb888ae90 code [0x000001cdb888b060, 0x000001cdb888b8b8]
Event: 6677.702 Thread 0x000001cdc8ec7060 70068       4       com.android.tools.r8.graph.l3::a (72 bytes)
Event: 6677.709 Thread 0x000001cdc8ec7060 nmethod 70068 0x000001cdb888a910 code [0x000001cdb888aaa0, 0x000001cdb888ac58]
Event: 6677.709 Thread 0x000001cdc8ec7060 70066       4       com.android.tools.r8.internal.N::putAll (124 bytes)
Event: 6677.718 Thread 0x000001cdc8ef09a0 70072       2       com.android.tools.r8.internal.UE::c (5 bytes)
Event: 6677.718 Thread 0x000001cdc8ef09a0 nmethod 70072 0x000001cdb30c6910 code [0x000001cdb30c6aa0, 0x000001cdb30c6bf8]
Event: 6677.719 Thread 0x000001cdc8ef09a0 70073       3       com.android.tools.r8.internal.wt::<init> (687 bytes)
Event: 6677.728 Thread 0x000001cdc8ef09a0 nmethod 70073 0x000001cdb3484c90 code [0x000001cdb3485300, 0x000001cdb3489c48]

GC Heap History (20 events):
Event: 6610.650 GC heap after
{Heap after GC invocations=156 (full 0):
 garbage-first heap   total 1099776K, used 328311K [0x0000000700000000, 0x0000000800000000)
  region size 2048K, 4 young (8192K), 4 survivors (8192K)
 Metaspace       used 281310K, committed 284608K, reserved 688128K
  class space    used 36840K, committed 38464K, reserved 425984K
}
Event: 6620.610 GC heap before
{Heap before GC invocations=156 (full 0):
 garbage-first heap   total 1099776K, used 701047K [0x0000000700000000, 0x0000000800000000)
  region size 2048K, 187 young (382976K), 4 survivors (8192K)
 Metaspace       used 292567K, committed 295936K, reserved 688128K
  class space    used 38541K, committed 40192K, reserved 425984K
}
Event: 6620.641 GC heap after
{Heap after GC invocations=157 (full 0):
 garbage-first heap   total 1099776K, used 335016K [0x0000000700000000, 0x0000000800000000)
  region size 2048K, 8 young (16384K), 8 survivors (16384K)
 Metaspace       used 292567K, committed 295936K, reserved 688128K
  class space    used 38541K, committed 40192K, reserved 425984K
}
Event: 6631.010 GC heap before
{Heap before GC invocations=158 (full 0):
 garbage-first heap   total 1099776K, used 834728K [0x0000000700000000, 0x0000000800000000)
  region size 2048K, 253 young (518144K), 8 survivors (16384K)
 Metaspace       used 293652K, committed 296960K, reserved 688128K
  class space    used 38702K, committed 40320K, reserved 425984K
}
Event: 6631.059 GC heap after
{Heap after GC invocations=159 (full 0):
 garbage-first heap   total 1099776K, used 341373K [0x0000000700000000, 0x0000000800000000)
  region size 2048K, 11 young (22528K), 11 survivors (22528K)
 Metaspace       used 293652K, committed 296960K, reserved 688128K
  class space    used 38702K, committed 40320K, reserved 425984K
}
Event: 6631.346 GC heap before
{Heap before GC invocations=159 (full 0):
 garbage-first heap   total 1099776K, used 370045K [0x0000000700000000, 0x0000000800000000)
  region size 2048K, 26 young (53248K), 11 survivors (22528K)
 Metaspace       used 293672K, committed 296960K, reserved 688128K
  class space    used 38702K, committed 40320K, reserved 425984K
}
Event: 6631.440 GC heap after
{Heap after GC invocations=160 (full 0):
 garbage-first heap   total 1099776K, used 335449K [0x0000000700000000, 0x0000000800000000)
  region size 2048K, 4 young (8192K), 4 survivors (8192K)
 Metaspace       used 293672K, committed 296960K, reserved 688128K
  class space    used 38702K, committed 40320K, reserved 425984K
}
Event: 6641.118 GC heap before
{Heap before GC invocations=160 (full 0):
 garbage-first heap   total 1099776K, used 855641K [0x0000000700000000, 0x0000000800000000)
  region size 2048K, 259 young (530432K), 4 survivors (8192K)
 Metaspace       used 293956K, committed 297280K, reserved 688128K
  class space    used 38725K, committed 40384K, reserved 425984K
}
Event: 6641.278 GC heap after
{Heap after GC invocations=161 (full 0):
 garbage-first heap   total 1099776K, used 387377K [0x0000000700000000, 0x0000000800000000)
  region size 2048K, 29 young (59392K), 29 survivors (59392K)
 Metaspace       used 293956K, committed 297280K, reserved 688128K
  class space    used 38725K, committed 40384K, reserved 425984K
}
Event: 6649.429 GC heap before
{Heap before GC invocations=162 (full 0):
 garbage-first heap   total 1099776K, used 721201K [0x0000000700000000, 0x0000000800000000)
  region size 2048K, 192 young (393216K), 29 survivors (59392K)
 Metaspace       used 294114K, committed 297472K, reserved 688128K
  class space    used 38739K, committed 40384K, reserved 425984K
}
Event: 6649.576 GC heap after
{Heap after GC invocations=163 (full 0):
 garbage-first heap   total 1099776K, used 397620K [0x0000000700000000, 0x0000000800000000)
  region size 2048K, 8 young (16384K), 8 survivors (16384K)
 Metaspace       used 294114K, committed 297472K, reserved 688128K
  class space    used 38739K, committed 40384K, reserved 425984K
}
Event: 6650.397 GC heap before
{Heap before GC invocations=163 (full 0):
 garbage-first heap   total 1099776K, used 434484K [0x0000000700000000, 0x0000000800000000)
  region size 2048K, 26 young (53248K), 8 survivors (16384K)
 Metaspace       used 294141K, committed 297472K, reserved 688128K
  class space    used 38743K, committed 40384K, reserved 425984K
}
Event: 6650.481 GC heap after
{Heap after GC invocations=164 (full 0):
 garbage-first heap   total 1099776K, used 396246K [0x0000000700000000, 0x0000000800000000)
  region size 2048K, 2 young (4096K), 2 survivors (4096K)
 Metaspace       used 294141K, committed 297472K, reserved 688128K
  class space    used 38743K, committed 40384K, reserved 425984K
}
Event: 6660.954 GC heap before
{Heap before GC invocations=164 (full 0):
 garbage-first heap   total 1099776K, used 879574K [0x0000000700000000, 0x0000000800000000)
  region size 2048K, 238 young (487424K), 2 survivors (4096K)
 Metaspace       used 294280K, committed 297600K, reserved 688128K
  class space    used 38754K, committed 40384K, reserved 425984K
}
Event: 6660.988 GC heap after
{Heap after GC invocations=165 (full 0):
 garbage-first heap   total 1099776K, used 405364K [0x0000000700000000, 0x0000000800000000)
  region size 2048K, 7 young (14336K), 7 survivors (14336K)
 Metaspace       used 294280K, committed 297600K, reserved 688128K
  class space    used 38754K, committed 40384K, reserved 425984K
}
Event: 6668.559 GC heap before
{Heap before GC invocations=166 (full 0):
 garbage-first heap   total 1099776K, used 894836K [0x0000000700000000, 0x0000000800000000)
  region size 2048K, 246 young (503808K), 7 survivors (14336K)
 Metaspace       used 294430K, committed 297728K, reserved 688128K
  class space    used 38760K, committed 40384K, reserved 425984K
}
Event: 6668.594 GC heap after
{Heap after GC invocations=167 (full 0):
 garbage-first heap   total 1099776K, used 408534K [0x0000000700000000, 0x0000000800000000)
  region size 2048K, 8 young (16384K), 8 survivors (16384K)
 Metaspace       used 294430K, committed 297728K, reserved 688128K
  class space    used 38760K, committed 40384K, reserved 425984K
}
Event: 6669.276 GC heap before
{Heap before GC invocations=167 (full 0):
 garbage-first heap   total 1099776K, used 443350K [0x0000000700000000, 0x0000000800000000)
  region size 2048K, 26 young (53248K), 8 survivors (16384K)
 Metaspace       used 294430K, committed 297728K, reserved 688128K
  class space    used 38760K, committed 40384K, reserved 425984K
}
Event: 6669.394 GC heap after
{Heap after GC invocations=168 (full 0):
 garbage-first heap   total 1099776K, used 400710K [0x0000000700000000, 0x0000000800000000)
  region size 2048K, 2 young (4096K), 2 survivors (4096K)
 Metaspace       used 294430K, committed 297728K, reserved 688128K
  class space    used 38760K, committed 40384K, reserved 425984K
}
Event: 6677.728 GC heap before
{Heap before GC invocations=168 (full 0):
 garbage-first heap   total 1099776K, used 908614K [0x0000000700000000, 0x0000000800000000)
  region size 2048K, 251 young (514048K), 2 survivors (4096K)
 Metaspace       used 294488K, committed 297792K, reserved 688128K
  class space    used 38763K, committed 40384K, reserved 425984K
}

Deoptimization events (20 events):
Event: 6677.623 Thread 0x000001cdedc97a80 Uncommon trap: trap_request=0xffffffde fr.pc=0x000001cdb8509fdc relative=0x000000000000183c
Event: 6677.623 Thread 0x000001cdedc97a80 Uncommon trap: reason=class_check action=maybe_recompile pc=0x000001cdb8509fdc method=com.android.tools.r8.internal.lb.h(I)Lcom/android/tools/r8/internal/jb; @ 47 c2
Event: 6677.623 Thread 0x000001cdedc97a80 DEOPT PACKING pc=0x000001cdb8509fdc sp=0x0000008a5ebfa990
Event: 6677.623 Thread 0x000001cdedc97a80 DEOPT UNPACKING pc=0x000001cdb47023a3 sp=0x0000008a5ebfa980 mode 2
Event: 6677.625 Thread 0x000001cdedc97a80 DEOPT PACKING pc=0x000001cdb31571b9 sp=0x0000008a5ebfa520
Event: 6677.625 Thread 0x000001cdedc97a80 DEOPT UNPACKING pc=0x000001cdb4702b43 sp=0x0000008a5ebf9c10 mode 0
Event: 6677.660 Thread 0x000001cdf9316260 DEOPT PACKING pc=0x000001cdb31571da sp=0x0000008a5d5f7a80
Event: 6677.660 Thread 0x000001cdf9316260 DEOPT UNPACKING pc=0x000001cdb4702b43 sp=0x0000008a5d5f7170 mode 0
Event: 6677.685 Thread 0x000001cdedc97a80 Uncommon trap: trap_request=0xffffffc6 fr.pc=0x000001cdb8557aa0 relative=0x00000000000039a0
Event: 6677.685 Thread 0x000001cdedc97a80 Uncommon trap: reason=bimorphic_or_optimized_type_check action=maybe_recompile pc=0x000001cdb8557aa0 method=com.android.tools.r8.internal.my0.c(Lcom/android/tools/r8/graph/z;)Z @ 13 c2
Event: 6677.686 Thread 0x000001cdedc97a80 DEOPT PACKING pc=0x000001cdb8557aa0 sp=0x0000008a5ebfabf0
Event: 6677.686 Thread 0x000001cdedc97a80 DEOPT UNPACKING pc=0x000001cdb47023a3 sp=0x0000008a5ebfab98 mode 2
Event: 6677.702 Thread 0x000001cdedc97a80 Uncommon trap: trap_request=0xffffff45 fr.pc=0x000001cdb8965490 relative=0x0000000000002c50
Event: 6677.702 Thread 0x000001cdedc97a80 Uncommon trap: reason=unstable_if action=reinterpret pc=0x000001cdb8965490 method=com.android.tools.r8.internal.wt.<init>(Lcom/android/tools/r8/internal/BB;I)V @ 152 c2
Event: 6677.702 Thread 0x000001cdedc97a80 DEOPT PACKING pc=0x000001cdb8965490 sp=0x0000008a5ebfaa30
Event: 6677.702 Thread 0x000001cdedc97a80 DEOPT UNPACKING pc=0x000001cdb47023a3 sp=0x0000008a5ebfaa68 mode 2
Event: 6677.705 Thread 0x000001cdf9316260 DEOPT PACKING pc=0x000001cdb3157343 sp=0x0000008a5d5f7980
Event: 6677.705 Thread 0x000001cdf9316260 DEOPT UNPACKING pc=0x000001cdb4702b43 sp=0x0000008a5d5f7070 mode 0
Event: 6677.725 Thread 0x000001cdf9316260 DEOPT PACKING pc=0x000001cdb3157343 sp=0x0000008a5d5f7880
Event: 6677.725 Thread 0x000001cdf9316260 DEOPT UNPACKING pc=0x000001cdb4702b43 sp=0x0000008a5d5f6f70 mode 0

Classes unloaded (20 events):
Event: 6621.737 Thread 0x000001cdc8e97610 Unloading class 0x000001cdcc487338 'jdk/internal/jimage/BasicImageReader$1'
Event: 6621.737 Thread 0x000001cdc8e97610 Unloading class 0x000001cdcc4870d0 'jdk/internal/jimage/ImageReader$Resource'
Event: 6621.737 Thread 0x000001cdc8e97610 Unloading class 0x000001cdcc486e68 'jdk/internal/jimage/ImageReader$LinkNode'
Event: 6621.737 Thread 0x000001cdc8e97610 Unloading class 0x000001cdcc486c00 'jdk/internal/jimage/ImageReader$Directory'
Event: 6621.737 Thread 0x000001cdc8e97610 Unloading class 0x000001cdcc486998 'jdk/internal/jimage/ImageReader$Node'
Event: 6621.737 Thread 0x000001cdc8e97610 Unloading class 0x000001cdcc4867a0 'jdk/internal/jimage/ImageStrings'
Event: 6621.738 Thread 0x000001cdc8e97610 Unloading class 0x000001cdcc4864e0 'jdk/internal/jimage/ImageReader$SharedImageReader'
Event: 6621.738 Thread 0x000001cdc8e97610 Unloading class 0x000001cdcc486220 'jdk/internal/jimage/BasicImageReader'
Event: 6621.738 Thread 0x000001cdc8e97610 Unloading class 0x000001cdcc486000 'jdk/internal/jimage/ImageReader'
Event: 6621.738 Thread 0x000001cdc8e97610 Unloading class 0x000001cdcc485c58 'jdk/internal/jrtfs/SystemImage$2'
Event: 6621.738 Thread 0x000001cdc8e97610 Unloading class 0x000001cdcc485a40 'jdk/internal/jrtfs/SystemImage$$Lambda$5955+0x000001cdcc485a40'
Event: 6621.738 Thread 0x000001cdc8e97610 Unloading class 0x000001cdcc485810 'jdk/internal/jrtfs/ExplodedImage'
Event: 6621.738 Thread 0x000001cdc8e97610 Unloading class 0x000001cdcc4855d8 'jdk/internal/jrtfs/SystemImage$1'
Event: 6621.738 Thread 0x000001cdc8e97610 Unloading class 0x000001cdcc484dd8 'jdk/internal/jrtfs/SystemImage'
Event: 6621.738 Thread 0x000001cdc8e97610 Unloading class 0x000001cdcc485378 'jdk/internal/jrtfs/JrtFileStore'
Event: 6621.738 Thread 0x000001cdc8e97610 Unloading class 0x000001cdcc485000 'jdk/internal/jrtfs/JrtPath'
Event: 6621.738 Thread 0x000001cdc8e97610 Unloading class 0x000001cdcc484ae0 'jdk/internal/jrtfs/JrtFileSystem'
Event: 6621.738 Thread 0x000001cdc8e97610 Unloading class 0x000001cdcc484800 'jdk/internal/jrtfs/JrtFileSystemProvider'
Event: 6621.738 Thread 0x000001cdc8e97610 Unloading class 0x000001cdcc4de800 'jdk/internal/reflect/GeneratedSerializationConstructorAccessor447'
Event: 6621.738 Thread 0x000001cdc8e97610 Unloading class 0x000001cdcc4ddc00 'jdk/internal/reflect/GeneratedSerializationConstructorAccessor444'

Classes redefined (0 events):
No events

Internal exceptions (20 events):
Event: 6627.862 Thread 0x000001cdf9318ff0 Exception <a 'sun/nio/fs/WindowsException'{0x000000072894fe50}> (0x000000072894fe50) 
thrown [s\open\src\hotspot\share\prims\jni.cpp, line 516]
Event: 6627.872 Thread 0x000001cdf9318ff0 Exception <a 'sun/nio/fs/WindowsException'{0x0000000728748178}> (0x0000000728748178) 
thrown [s\open\src\hotspot\share\prims\jni.cpp, line 516]
Event: 6627.889 Thread 0x000001cdf9318ff0 Exception <a 'sun/nio/fs/WindowsException'{0x000000072878fe58}> (0x000000072878fe58) 
thrown [s\open\src\hotspot\share\prims\jni.cpp, line 516]
Event: 6628.002 Thread 0x000001cdf9318ff0 Exception <a 'sun/nio/fs/WindowsException'{0x0000000727d63ee0}> (0x0000000727d63ee0) 
thrown [s\open\src\hotspot\share\prims\jni.cpp, line 516]
Event: 6628.007 Thread 0x000001cdf9318ff0 Exception <a 'sun/nio/fs/WindowsException'{0x0000000727daa110}> (0x0000000727daa110) 
thrown [s\open\src\hotspot\share\prims\jni.cpp, line 516]
Event: 6628.018 Thread 0x000001cdf9318ff0 Exception <a 'sun/nio/fs/WindowsException'{0x0000000727b43780}> (0x0000000727b43780) 
thrown [s\open\src\hotspot\share\prims\jni.cpp, line 516]
Event: 6628.036 Thread 0x000001cdf9318ff0 Exception <a 'sun/nio/fs/WindowsException'{0x0000000727b8d608}> (0x0000000727b8d608) 
thrown [s\open\src\hotspot\share\prims\jni.cpp, line 516]
Event: 6630.610 Thread 0x000001cdf9316260 Exception <a 'sun/nio/fs/WindowsException'{0x00000007246c70a8}> (0x00000007246c70a8) 
thrown [s\open\src\hotspot\share\prims\jni.cpp, line 516]
Event: 6630.917 Thread 0x000001cdedc984a0 Exception <a 'sun/nio/fs/WindowsException'{0x00000007242b1888}> (0x00000007242b1888) 
thrown [s\open\src\hotspot\share\prims\jni.cpp, line 516]
Event: 6631.222 Thread 0x000001cdf6c01ac0 Implicit null exception at 0x000001cdb8504b63 to 0x000001cdb85056d0
Event: 6631.914 Thread 0x000001cdf698a0a0 Exception <a 'sun/nio/fs/WindowsException'{0x000000073ec1cc28}> (0x000000073ec1cc28) 
thrown [s\open\src\hotspot\share\prims\jni.cpp, line 516]
Event: 6631.976 Thread 0x000001cdef8109e0 Exception <a 'sun/nio/fs/WindowsException'{0x000000073e5fcf18}> (0x000000073e5fcf18) 
thrown [s\open\src\hotspot\share\prims\jni.cpp, line 516]
Event: 6632.037 Thread 0x000001cdedc97a80 Exception <a 'sun/nio/fs/WindowsException'{0x000000073dec8c00}> (0x000000073dec8c00) 
thrown [s\open\src\hotspot\share\prims\jni.cpp, line 516]
Event: 6642.751 Thread 0x000001cdf6c01ac0 Exception <a 'sun/nio/fs/WindowsException'{0x0000000740f13430}> (0x0000000740f13430) 
thrown [s\open\src\hotspot\share\prims\jni.cpp, line 516]
Event: 6646.677 Thread 0x000001cdf9316260 Implicit null exception at 0x000001cdb8455e80 to 0x000001cdb845e6b0
Event: 6648.984 Thread 0x000001cdedc97a80 Exception <a 'java/lang/NoSuchMethodError'{0x000000072feceb70}: 'void java.lang.invoke.DirectMethodHandle$Holder.invokeSpecialIFC(java.lang.Object, java.lang.Object, java.lang.Object, java.lang.Object)'> (0x000000072feceb70) 
thrown [s\open\src\hotspot\share\interpreter\linkResolver.cpp, line 759]
Event: 6676.369 Thread 0x000001cdef8109e0 Exception <a 'sun/nio/fs/WindowsException'{0x000000072cf149e8}> (0x000000072cf149e8) 
thrown [s\open\src\hotspot\share\prims\jni.cpp, line 516]
Event: 6677.144 Thread 0x000001cdef8109e0 Exception <a 'sun/nio/fs/WindowsException'{0x0000000729db9dc8}> (0x0000000729db9dc8) 
thrown [s\open\src\hotspot\share\prims\jni.cpp, line 516]
Event: 6677.425 Thread 0x000001cdef8109e0 Exception <a 'sun/nio/fs/WindowsException'{0x00000007281b2ef8}> (0x00000007281b2ef8) 
thrown [s\open\src\hotspot\share\prims\jni.cpp, line 516]
Event: 6677.550 Thread 0x000001cdf6988750 Exception <a 'sun/nio/fs/WindowsException'{0x0000000725d251e0}> (0x0000000725d251e0) 
thrown [s\open\src\hotspot\share\prims\jni.cpp, line 516]

VM Operations (20 events):
Event: 6670.650 Executing VM operation: Cleanup done
Event: 6671.681 Executing VM operation: Cleanup
Event: 6671.728 Executing VM operation: Cleanup done
Event: 6672.731 Executing VM operation: Cleanup
Event: 6672.786 Executing VM operation: Cleanup done
Event: 6673.408 Executing VM operation: HandshakeAllThreads
Event: 6673.485 Executing VM operation: HandshakeAllThreads done
Event: 6674.485 Executing VM operation: Cleanup
Event: 6674.512 Executing VM operation: Cleanup done
Event: 6675.649 Executing VM operation: ICBufferFull
Event: 6675.675 Executing VM operation: ICBufferFull done
Event: 6676.493 Executing VM operation: HandshakeAllThreads
Event: 6676.503 Executing VM operation: HandshakeAllThreads done
Event: 6676.981 Executing VM operation: HandshakeAllThreads
Event: 6676.986 Executing VM operation: HandshakeAllThreads done
Event: 6676.986 Executing VM operation: Cleanup
Event: 6676.989 Executing VM operation: Cleanup done
Event: 6677.698 Executing VM operation: HandshakeAllThreads
Event: 6677.701 Executing VM operation: HandshakeAllThreads done
Event: 6677.726 Executing VM operation: G1CollectForAllocation

Events (20 events):
Event: 6677.167 Thread 0x000001cde8118090 flushing nmethod 0x000001cdb2ba6490
Event: 6677.167 Thread 0x000001cde8118090 flushing nmethod 0x000001cdb2bbdf90
Event: 6677.169 Thread 0x000001cde8118090 flushing nmethod 0x000001cdb2cb3990
Event: 6677.169 Thread 0x000001cde8118090 flushing nmethod 0x000001cdb2cb7410
Event: 6677.170 Thread 0x000001cde8118090 flushing nmethod 0x000001cdb2d31390
Event: 6677.170 Thread 0x000001cde8118090 flushing nmethod 0x000001cdb2d34710
Event: 6677.170 Thread 0x000001cde8118090 flushing nmethod 0x000001cdb2d6db90
Event: 6677.171 Thread 0x000001cde8118090 flushing nmethod 0x000001cdb2d82190
Event: 6677.175 Thread 0x000001cde8118090 flushing nmethod 0x000001cdb3080010
Event: 6677.176 Thread 0x000001cde8118090 flushing nmethod 0x000001cdb312c090
Event: 6677.177 Thread 0x000001cde8118090 flushing nmethod 0x000001cdb31fbc90
Event: 6677.177 Thread 0x000001cde8118090 flushing nmethod 0x000001cdb3213f90
Event: 6677.179 Thread 0x000001cde8118090 flushing nmethod 0x000001cdb32cbb90
Event: 6677.181 Thread 0x000001cde8118090 flushing nmethod 0x000001cdb3398410
Event: 6677.183 Thread 0x000001cde8118090 flushing nmethod 0x000001cdb33f8a90
Event: 6677.183 Thread 0x000001cde8118090 flushing nmethod 0x000001cdb3401810
Event: 6677.184 Thread 0x000001cde8118090 flushing nmethod 0x000001cdb342fa10
Event: 6677.184 Thread 0x000001cde8118090 flushing nmethod 0x000001cdb344a790
Event: 6677.185 Thread 0x000001cde8118090 flushing nmethod 0x000001cdb345eb90
Event: 6677.185 Thread 0x000001cde8118090 flushing nmethod 0x000001cdb34c4210


Dynamic libraries:
0x00007ff65d130000 - 0x00007ff65d140000 	C:\Program Files\Java\jdk-17\bin\java.exe
0x00007ffa909c0000 - 0x00007ffa90c28000 	C:\WINDOWS\SYSTEM32\ntdll.dll
0x00007ffa8f900000 - 0x00007ffa8f9c9000 	C:\WINDOWS\System32\KERNEL32.DLL
0x00007ffa8de50000 - 0x00007ffa8e242000 	C:\WINDOWS\System32\KERNELBASE.dll
0x00007ffa8dd00000 - 0x00007ffa8de4b000 	C:\WINDOWS\System32\ucrtbase.dll
0x00007ffa4a190000 - 0x00007ffa4a1ab000 	C:\Program Files\Java\jdk-17\bin\VCRUNTIME140.dll
0x00007ffa40120000 - 0x00007ffa40139000 	C:\Program Files\Java\jdk-17\bin\jli.dll
0x00007ffa90870000 - 0x00007ffa90924000 	C:\WINDOWS\System32\ADVAPI32.dll
0x00007ffa8e790000 - 0x00007ffa8e839000 	C:\WINDOWS\System32\msvcrt.dll
0x00007ffa8fa50000 - 0x00007ffa8faf6000 	C:\WINDOWS\System32\sechost.dll
0x00007ffa8ede0000 - 0x00007ffa8eef8000 	C:\WINDOWS\System32\RPCRT4.dll
0x00007ffa8f510000 - 0x00007ffa8f6d5000 	C:\WINDOWS\System32\USER32.dll
0x00007ffa8dcd0000 - 0x00007ffa8dcf7000 	C:\WINDOWS\System32\win32u.dll
0x00007ffa7ab60000 - 0x00007ffa7adf3000 	C:\WINDOWS\WinSxS\amd64_microsoft.windows.common-controls_6595b64144ccf1df_6.0.26100.6899_none_3e0efeeae32e88c1\COMCTL32.dll
0x00007ffa90930000 - 0x00007ffa9095b000 	C:\WINDOWS\System32\GDI32.dll
0x00007ffa8e430000 - 0x00007ffa8e55d000 	C:\WINDOWS\System32\gdi32full.dll
0x00007ffa8e380000 - 0x00007ffa8e423000 	C:\WINDOWS\System32\msvcp_win.dll
0x00007ffa86830000 - 0x00007ffa8683b000 	C:\WINDOWS\SYSTEM32\VERSION.dll
0x00007ffa90060000 - 0x00007ffa9008f000 	C:\WINDOWS\System32\IMM32.DLL
0x00007ffa65d80000 - 0x00007ffa65d8c000 	C:\Program Files\Java\jdk-17\bin\vcruntime140_1.dll
0x00007ffa0f8e0000 - 0x00007ffa0f96e000 	C:\Program Files\Java\jdk-17\bin\msvcp140.dll
0x00007ff9f2050000 - 0x00007ff9f2c30000 	C:\Program Files\Java\jdk-17\bin\server\jvm.dll
0x00007ffa8f750000 - 0x00007ffa8f758000 	C:\WINDOWS\System32\PSAPI.DLL
0x00007ffa7a880000 - 0x00007ffa7a8b5000 	C:\WINDOWS\SYSTEM32\WINMM.dll
0x00007ffa640b0000 - 0x00007ffa640ba000 	C:\WINDOWS\SYSTEM32\WSOCK32.dll
0x00007ffa8f9d0000 - 0x00007ffa8fa44000 	C:\WINDOWS\System32\WS2_32.dll
0x00007ffa8c8e0000 - 0x00007ffa8c8fb000 	C:\WINDOWS\SYSTEM32\kernel.appcore.dll
0x00007ffa63a30000 - 0x00007ffa63a3a000 	C:\Program Files\Java\jdk-17\bin\jimage.dll
0x00007ffa8b450000 - 0x00007ffa8b692000 	C:\WINDOWS\SYSTEM32\DBGHELP.DLL
0x00007ffa8e840000 - 0x00007ffa8ebbb000 	C:\WINDOWS\System32\combase.dll
0x00007ffa8ed00000 - 0x00007ffa8edd7000 	C:\WINDOWS\System32\OLEAUT32.dll
0x00007ffa77f20000 - 0x00007ffa77f5c000 	C:\WINDOWS\SYSTEM32\dbgcore.DLL
0x00007ffa8e250000 - 0x00007ffa8e2e8000 	C:\WINDOWS\System32\bcryptPrimitives.dll
0x00007ffa7fa50000 - 0x00007ffa7fa5e000 	C:\Program Files\Java\jdk-17\bin\instrument.dll
0x00007ffa24ad0000 - 0x00007ffa24af5000 	C:\Program Files\Java\jdk-17\bin\java.dll
0x00007ffa0f6b0000 - 0x00007ffa0f787000 	C:\Program Files\Java\jdk-17\bin\jsvml.dll
0x00007ffa900b0000 - 0x00007ffa907fd000 	C:\WINDOWS\System32\SHELL32.dll
0x00007ffa8e620000 - 0x00007ffa8e78b000 	C:\WINDOWS\System32\wintypes.dll
0x00007ffa8b780000 - 0x00007ffa8bfdd000 	C:\WINDOWS\SYSTEM32\windows.storage.dll
0x00007ffa8fb00000 - 0x00007ffa8fbf2000 	C:\WINDOWS\System32\SHCORE.dll
0x00007ffa90800000 - 0x00007ffa90862000 	C:\WINDOWS\System32\shlwapi.dll
0x00007ffa8da70000 - 0x00007ffa8da99000 	C:\WINDOWS\SYSTEM32\profapi.dll
0x00007ffa2b950000 - 0x00007ffa2b968000 	C:\Program Files\Java\jdk-17\bin\zip.dll
0x00007ffa400d0000 - 0x00007ffa400e9000 	C:\Program Files\Java\jdk-17\bin\net.dll
0x00007ffa87a40000 - 0x00007ffa87b5f000 	C:\WINDOWS\SYSTEM32\WINHTTP.dll
0x00007ffa8ce30000 - 0x00007ffa8ce9b000 	C:\WINDOWS\system32\mswsock.dll
0x00007ffa2bab0000 - 0x00007ffa2bac6000 	C:\Program Files\Java\jdk-17\bin\nio.dll
0x00007ffa7fc10000 - 0x00007ffa7fc20000 	C:\Program Files\Java\jdk-17\bin\verify.dll
0x00007ffa6df60000 - 0x00007ffa6df87000 	C:\Users\rudra\.gradle\native\1def1411415f61bf3af743bc5b6707747c0891f09f0c88961ee8f79bc544acac\windows-amd64\native-platform.dll
0x00007ffa24d90000 - 0x00007ffa24e07000 	C:\Users\rudra\.gradle\native\0.2.8\x86_64-windows-gnu\gradle-fileevents.dll
0x00007ffa62080000 - 0x00007ffa6208a000 	C:\Program Files\Java\jdk-17\bin\management.dll
0x00007ffa58c70000 - 0x00007ffa58c7b000 	C:\Program Files\Java\jdk-17\bin\management_ext.dll
0x00007ffa8c2e0000 - 0x00007ffa8c314000 	C:\WINDOWS\SYSTEM32\IPHLPAPI.DLL
0x00007ffa90970000 - 0x00007ffa9097a000 	C:\WINDOWS\System32\NSI.dll
0x00007ffa86340000 - 0x00007ffa8635e000 	C:\WINDOWS\SYSTEM32\dhcpcsvc6.DLL
0x00007ffa858e0000 - 0x00007ffa85903000 	C:\WINDOWS\SYSTEM32\dhcpcsvc.DLL
0x00007ffa8c370000 - 0x00007ffa8c496000 	C:\WINDOWS\SYSTEM32\DNSAPI.dll
0x00007ffa8d210000 - 0x00007ffa8d22b000 	C:\WINDOWS\SYSTEM32\CRYPTSP.dll
0x00007ffa8c840000 - 0x00007ffa8c87b000 	C:\WINDOWS\system32\rsaenh.dll
0x00007ffa8ced0000 - 0x00007ffa8cefb000 	C:\WINDOWS\SYSTEM32\USERENV.dll
0x00007ffa8da40000 - 0x00007ffa8da66000 	C:\WINDOWS\SYSTEM32\bcrypt.dll
0x00007ffa8d070000 - 0x00007ffa8d07c000 	C:\WINDOWS\SYSTEM32\CRYPTBASE.dll
0x00007ffa4a8d0000 - 0x00007ffa4a8de000 	C:\Program Files\Java\jdk-17\bin\sunmscapi.dll
0x00007ffa8db50000 - 0x00007ffa8dcc7000 	C:\WINDOWS\System32\CRYPT32.dll
0x00007ffa8d360000 - 0x00007ffa8d390000 	C:\WINDOWS\SYSTEM32\ncrypt.dll
0x00007ffa8d310000 - 0x00007ffa8d34f000 	C:\WINDOWS\SYSTEM32\NTASN1.dll
0x00007ffa22630000 - 0x00007ffa22638000 	C:\WINDOWS\system32\wshunix.dll
0x00007ffa8ca00000 - 0x00007ffa8ca36000 	C:\WINDOWS\SYSTEM32\ntmarta.dll
0x00007ffa863f0000 - 0x00007ffa863f7000 	C:\Program Files\Java\jdk-17\bin\rmi.dll
0x00007ffa7e260000 - 0x00007ffa7e26b000 	C:\Windows\System32\rasadhlp.dll
0x00007ffa80b40000 - 0x00007ffa80bc6000 	C:\WINDOWS\System32\fwpuclnt.dll

dbghelp: loaded successfully - version: 4.0.5 - missing functions: none
symbol engine: initialized successfully - sym options: 0x614 - pdb path: .;C:\Program Files\Java\jdk-17\bin;C:\WINDOWS\SYSTEM32;C:\WINDOWS\WinSxS\amd64_microsoft.windows.common-controls_6595b64144ccf1df_6.0.26100.6899_none_3e0efeeae32e88c1;C:\Program Files\Java\jdk-17\bin\server;C:\Users\rudra\.gradle\native\1def1411415f61bf3af743bc5b6707747c0891f09f0c88961ee8f79bc544acac\windows-amd64;C:\Users\rudra\.gradle\native\0.2.8\x86_64-windows-gnu

VM Arguments:
jvm_args: --add-opens=java.base/java.lang=ALL-UNNAMED --add-opens=java.base/java.lang.invoke=ALL-UNNAMED --add-opens=java.base/java.util=ALL-UNNAMED --add-opens=java.prefs/java.util.prefs=ALL-UNNAMED --add-exports=jdk.compiler/com.sun.tools.javac.api=ALL-UNNAMED --add-exports=jdk.compiler/com.sun.tools.javac.util=ALL-UNNAMED --add-opens=java.base/java.util=ALL-UNNAMED --add-opens=java.prefs/java.util.prefs=ALL-UNNAMED --add-opens=java.base/java.nio.charset=ALL-UNNAMED --add-opens=java.base/java.net=ALL-UNNAMED --add-opens=java.base/java.util.concurrent=ALL-UNNAMED --add-opens=java.base/java.util.concurrent.atomic=ALL-UNNAMED --add-opens=java.xml/javax.xml.namespace=ALL-UNNAMED -XX:MaxMetaspaceSize=512m -Xmx4096m -Dfile.encoding=windows-1252 -Duser.country=IN -Duser.language=en -Duser.variant -javaagent:C:\Users\rudra\.gradle\wrapper\dists\gradle-9.0.0-bin\d6wjpkvcgsg3oed0qlfss3wgl\gradle-9.0.0\lib\agents\gradle-instrumentation-agent-9.0.0.jar 
java_command: org.gradle.launcher.daemon.bootstrap.GradleDaemon 9.0.0
java_class_path (initial): C:\Users\rudra\.gradle\wrapper\dists\gradle-9.0.0-bin\d6wjpkvcgsg3oed0qlfss3wgl\gradle-9.0.0\lib\gradle-daemon-main-9.0.0.jar
Launcher Type: SUN_STANDARD

[Global flags]
     intx CICompilerCount                          = 4                                         {product} {ergonomic}
   size_t CompressedClassSpaceSize                 = 436207616                                 {product} {ergonomic}
     uint ConcGCThreads                            = 2                                         {product} {ergonomic}
     uint G1ConcRefinementThreads                  = 8                                         {product} {ergonomic}
   size_t G1HeapRegionSize                         = 2097152                                   {product} {ergonomic}
    uintx GCDrainStackTargetSize                   = 64                                        {product} {ergonomic}
   size_t InitialHeapSize                          = 132120576                                 {product} {ergonomic}
   size_t MarkStackSize                            = 4194304                                   {product} {ergonomic}
   size_t MaxHeapSize                              = 4294967296                                {product} {command line}
   size_t MaxMetaspaceSize                         = 536870912                                 {product} {command line}
   size_t MaxNewSize                               = 2575302656                                {product} {ergonomic}
   size_t MinHeapDeltaBytes                        = 2097152                                   {product} {ergonomic}
   size_t MinHeapSize                              = 8388608                                   {product} {ergonomic}
    uintx NonNMethodCodeHeapSize                   = 5839372                                {pd product} {ergonomic}
    uintx NonProfiledCodeHeapSize                  = 122909434                              {pd product} {ergonomic}
    uintx ProfiledCodeHeapSize                     = 122909434                              {pd product} {ergonomic}
    uintx ReservedCodeCacheSize                    = 251658240                              {pd product} {ergonomic}
     bool SegmentedCodeCache                       = true                                      {product} {ergonomic}
   size_t SoftMaxHeapSize                          = 4294967296                             {manageable} {ergonomic}
     bool UseCompressedClassPointers               = true                           {product lp64_product} {ergonomic}
     bool UseCompressedOops                        = true                           {product lp64_product} {ergonomic}
     bool UseG1GC                                  = true                                      {product} {ergonomic}
     bool UseLargePagesIndividualAllocation        = false                                  {pd product} {ergonomic}

Logging:
Log output configuration:
 #0: stdout all=warning uptime,level,tags
 #1: stderr all=off uptime,level,tags

Environment Variables:
JAVA_HOME=C:\Program Files\Java\jdk-17
PATH=D:\MERN\React Native\FirebaseAuth\node_modules\.bin;D:\MERN\React Native\FirebaseAuth\node_modules\.bin;D:\MERN\React Native\node_modules\.bin;D:\MERN\node_modules\.bin;D:\node_modules\.bin;C:\Users\rudra\AppData\Roaming\npm\node_modules\npm\node_modules\@npmcli\run-script\lib\node-gyp-bin;C:\Program Files\Common Files\Oracle\Java\javapath;C:\Program Files\Microsoft\jdk-17.0.15.6-hotspot\bin;c:\Users\rudra\AppData\Local\Programs\cursor\resources\app\bin;C:\Program Files (x86)\Microsoft\Edge\Application;C:\WINDOWS\system32;C:\WINDOWS;C:\WINDOWS\System32\Wbem;C:\WINDOWS\System32\WindowsPowerShell\v1.0\;C:\WINDOWS\System32\OpenSSH\;C:\Program Files\nodejs\;C:\ProgramData\chocolatey\bin;C:\Users\rudra\AppData\Local\Microsoft\WindowsApps;C:\Users\rudra\AppData\Roaming\npm;c:\Users\rudra\AppData\Local\Programs\cursor\resources\app\bin;D:\Android\SDK;D:\Android\SDK\platform-tools;D:\Android\SDK\emulator;D:\Android\SDK\build-tools;D:\Android\SDK\platforms;C:\Program Files\Java\jdk-17;C:\Program Files\Git\cmd;C:\Program Files\MongoDB\Server\8.0\bin;C:\Program Files\MongoDB\Tools\100\bin;C:\Program Files\Redis\;C:\Program Files\MySQL\MySQL Shell 8.0\bin\;C:\Users\rudra\AppData\Local\Microsoft\WindowsApps;C:\Users\rudra\AppData\Roaming\npm;C:\Program Files\Java\jdk-17\bin;D:\Android\SDK;D:\Android\SDK\platform-tools;D:\Android\SDK\emulator;D:\Android\SDK\build-tools;D:\Android\SDK\platforms;C:\Program Files\Java\jdk-17;C:\Users\rudra\AppData\Local\Programs\Ollama;C:\Users\rudra\AppData\Local\Programs\mongosh\;C:\Users\rudra\AppData\Local\Programs\Microsoft VS Code\bin;;c:\Users\rudra\AppData\Roaming\Code\User\globalStorage\github.copilot-chat\debugCommand
USERNAME=rudra
LANG=en_US.UTF-8
OS=Windows_NT
PROCESSOR_IDENTIFIER=Intel64 Family 6 Model 142 Stepping 10, GenuineIntel



---------------  S Y S T E M  ---------------

OS:
 Windows 11 , 64 bit Build 26100 (10.0.26100.6725)
OS uptime: 0 days 21:41 hours
Hyper-V role detected

CPU: total 8 (initial active 8) (4 cores per cpu, 2 threads per core) family 6 model 142 stepping 10 microcode 0xf6, cx8, cmov, fxsr, ht, mmx, 3dnowpref, sse, sse2, sse3, ssse3, sse4.1, sse4.2, popcnt, lzcnt, tsc, tscinvbit, avx, avx2, aes, erms, clmul, bmi1, bmi2, rtm, adx, fma, vzeroupper, clflush, clflushopt, hv

Memory: 4k page, system-wide physical 8030M (477M free)
TotalPageFile size 25882M (AvailPageFile size 188M)
current process WorkingSet (physical memory assigned to process): 1062M, peak: 1443M
current process commit charge ("private bytes"): 1955M, peak: 2580M

vm_info: Java HotSpot(TM) 64-Bit Server VM (17.0.12+8-LTS-286) for windows-amd64 JRE (17.0.12+8-LTS-286), built on Jun  5 2024 06:46:59 by "mach5one" with MS VC++ 17.6 (VS2022)

END.
