#
# There is insufficient memory for the Java Runtime Environment to continue.
# Native memory allocation (mmap) failed to map 499122176 bytes for G1 virtual space
# Possible reasons:
#   The system is out of physical RAM or swap space
#   The process is running with CompressedOops enabled, and the Java Heap may be blocking the growth of the native heap
# Possible solutions:
#   Reduce memory load on the system
#   Increase physical memory or swap space
#   Check if swap backing store is full
#   Decrease Java heap size (-Xmx/-Xms)
#   Decrease number of Java threads
#   Decrease Java thread stack sizes (-Xss)
#   Set larger code cache with -XX:ReservedCodeCacheSize=
#   JVM is running with Zero Based Compressed Oops mode in which the Java heap is
#     placed in the first 32GB address space. The Java Heap base address is the
#     maximum limit for the native heap growth. Please use -XX:HeapBaseMinAddress
#     to set the Java Heap base and to place the Java Heap above 32GB virtual address.
# This output file may be truncated or incomplete.
#
#  Out of Memory Error (os_windows.cpp:3548), pid=26616, tid=7500
#
# JRE version: Java(TM) SE Runtime Environment (17.0.12+8) (build 17.0.12+8-LTS-286)
# Java VM: Java HotSpot(TM) 64-Bit Server VM (17.0.12+8-LTS-286, mixed mode, sharing, tiered, compressed oops, compressed class ptrs, g1 gc, windows-amd64)
# No core dump will be written. Minidumps are not enabled by default on client versions of Windows
#

---------------  S U M M A R Y ------------

Command Line: --add-opens=java.base/java.lang=ALL-UNNAMED --add-opens=java.base/java.lang.invoke=ALL-UNNAMED --add-opens=java.base/java.util=ALL-UNNAMED --add-opens=java.prefs/java.util.prefs=ALL-UNNAMED --add-exports=jdk.compiler/com.sun.tools.javac.api=ALL-UNNAMED --add-exports=jdk.compiler/com.sun.tools.javac.util=ALL-UNNAMED --add-opens=java.base/java.util=ALL-UNNAMED --add-opens=java.prefs/java.util.prefs=ALL-UNNAMED --add-opens=java.base/java.nio.charset=ALL-UNNAMED --add-opens=java.base/java.net=ALL-UNNAMED --add-opens=java.base/java.util.concurrent=ALL-UNNAMED --add-opens=java.base/java.util.concurrent.atomic=ALL-UNNAMED --add-opens=java.xml/javax.xml.namespace=ALL-UNNAMED -XX:MaxMetaspaceSize=512m -Xmx4096m -Dfile.encoding=windows-1252 -Duser.country=IN -Duser.language=en -Duser.variant -javaagent:C:\Users\rudra\.gradle\wrapper\dists\gradle-9.0.0-bin\d6wjpkvcgsg3oed0qlfss3wgl\gradle-9.0.0\lib\agents\gradle-instrumentation-agent-9.0.0.jar org.gradle.launcher.daemon.bootstrap.GradleDaemon 9.0.0

Host: Intel(R) Core(TM) i5-8350U CPU @ 1.70GHz, 8 cores, 7G,  Windows 11 , 64 bit Build 26100 (10.0.26100.6725)
Time: Fri Oct 24 12:35:45 2025 India Standard Time elapsed time: 373.513536 seconds (0d 0h 6m 13s)

---------------  T H R E A D  ---------------

Current thread (0x00000206b5db9720):  VMThread "VM Thread" [stack: 0x0000000c59900000,0x0000000c59a00000] [id=7500]

Stack: [0x0000000c59900000,0x0000000c59a00000]
Native frames: (J=compiled Java code, j=interpreted, Vv=VM code, C=native code)
V  [jvm.dll+0x67a04a]
V  [jvm.dll+0x7da4ed]
V  [jvm.dll+0x7dbe33]
V  [jvm.dll+0x7dc4a3]
V  [jvm.dll+0x24508f]
V  [jvm.dll+0x677089]
V  [jvm.dll+0x66bd32]
V  [jvm.dll+0x301fa6]
V  [jvm.dll+0x309546]
V  [jvm.dll+0x359d2e]
V  [jvm.dll+0x359f5f]
V  [jvm.dll+0x2d9078]
V  [jvm.dll+0x2d74ad]
V  [jvm.dll+0x2d6afc]
V  [jvm.dll+0x31a65b]
V  [jvm.dll+0x7e0d9b]
V  [jvm.dll+0x7e1ad4]
V  [jvm.dll+0x7e1fed]
V  [jvm.dll+0x7e23c4]
V  [jvm.dll+0x7e2490]
V  [jvm.dll+0x78abea]
V  [jvm.dll+0x678f35]
C  [ucrtbase.dll+0x37b0]
C  [KERNEL32.DLL+0x2e8d7]
C  [ntdll.dll+0x8c53c]

VM_Operation (0x0000000c60cfab40): G1CollectForAllocation, mode: safepoint, requested by thread 0x00000206dba19140


---------------  P R O C E S S  ---------------

Threads class SMR info:
_java_thread_list=0x00000206ddaf8710, length=170, elements={
0x00000206932a5460, 0x00000206b5dbcd70, 0x00000206b5dbd840, 0x00000206b5dcfba0,
0x00000206b5dd4490, 0x00000206b5dd4d60, 0x00000206b5dd8650, 0x00000206b5de1260,
0x00000206b5dee2d0, 0x00000206b5dee7f0, 0x00000206b5da97f0, 0x00000206b6494b50,
0x00000206d74ac110, 0x00000206d65aeb40, 0x00000206d7021180, 0x00000206d648bf00,
0x00000206d76249d0, 0x00000206d7624ee0, 0x00000206d76253f0, 0x00000206d7622660,
0x00000206d7623590, 0x00000206d8568400, 0x00000206d856a260, 0x00000206d8569330,
0x00000206dba1e750, 0x00000206dba1fb90, 0x00000206dba205b0, 0x00000206dba20ac0,
0x00000206dd5b1ce0, 0x00000206d85f8d80, 0x00000206d85fa6d0, 0x00000206d85f7e50,
0x00000206d85f7430, 0x00000206d85fd460, 0x00000206d7e75950, 0x00000206dd5ae530,
0x00000206dd5aef50, 0x00000206dd5ad0f0, 0x00000206dd5adb10, 0x00000206dd5ab7a0,
0x00000206dd5ae020, 0x00000206dd5aea40, 0x00000206dd5af460, 0x00000206dd5af970,
0x00000206dd5ac1c0, 0x00000206dd5afe80, 0x00000206dd5ac6d0, 0x00000206dd5b0390,
0x00000206dd5acbe0, 0x00000206dd5ad600, 0x00000206dd5b2c10, 0x00000206dd5b08a0,
0x00000206dd5b2700, 0x00000206dd5b21f0, 0x00000206dd5b0db0, 0x00000206dd5b17d0,
0x00000206dd5b12c0, 0x00000206dd5b3120, 0x00000206dbc8b060, 0x00000206dbc8cec0,
0x00000206dbc8c4a0, 0x00000206dbc8ed20, 0x00000206dbc8e810, 0x00000206dbc8ddf0,
0x00000206dbc8d3d0, 0x00000206dbc8ba80, 0x00000206dbc8c9b0, 0x00000206dbc8f740,
0x00000206dbc8d8e0, 0x00000206dbc8f230, 0x00000206dbc8bf90, 0x00000206dbc91090,
0x00000206dbc924d0, 0x00000206dbc8fc50, 0x00000206dbc90b80, 0x00000206dbc90160,
0x00000206dbc90670, 0x00000206dbc929e0, 0x00000206dbc91ab0, 0x00000206dbc91fc0,
0x00000206dbc915a0, 0x00000206d85674d0, 0x00000206d8569d50, 0x00000206d856a770,
0x00000206d8566fc0, 0x00000206d856ac80, 0x00000206d8568910, 0x00000206d856b190,
0x00000206d8568e20, 0x00000206d856b6a0, 0x00000206d8567ef0, 0x00000206d856df20,
0x00000206d856bbb0, 0x00000206d856e430, 0x00000206d856e940, 0x00000206d856d500,
0x00000206d856da10, 0x00000206d856c0c0, 0x00000206d856c5d0, 0x00000206d856cae0,
0x00000206d856cff0, 0x00000206dba1bed0, 0x00000206dba1b4b0, 0x00000206dba1c8f0,
0x00000206dba1aa90, 0x00000206dba1c3e0, 0x00000206dba19140, 0x00000206dba1ce00,
0x00000206dba1afa0, 0x00000206dba19b60, 0x00000206dba1a070, 0x00000206dba1a580,
0x00000206dba1e240, 0x00000206d85f9cb0, 0x00000206d85f97a0, 0x00000206d85fa1c0,
0x00000206d85fbb10, 0x00000206d85f8360, 0x00000206d85fe390, 0x00000206d85fca40,
0x00000206d7e7a030, 0x00000206d7e7a540, 0x00000206d7e79610, 0x00000206d7e781d0,
0x00000206d7e786e0, 0x00000206d7e7aa50, 0x00000206d7623080, 0x00000206d7623fb0,
0x00000206d7625900, 0x00000206d7622150, 0x00000206d7e772a0, 0x00000206d861a600,
0x00000206d86191c0, 0x00000206d8616e50, 0x00000206d86196d0, 0x00000206d86187a0,
0x00000206d8619be0, 0x00000206d861a0f0, 0x00000206d861ba40, 0x00000206d861c460,
0x00000206d861d8a0, 0x00000206d861ce80, 0x00000206dbc8b570, 0x00000206d7e79b20,
0x00000206df570ba0, 0x00000206df575790, 0x00000206df575ca0, 0x00000206df571ad0,
0x00000206df572a00, 0x00000206df5761b0, 0x00000206df5766c0, 0x00000206df576bd0,
0x00000206df5770e0, 0x00000206d7e74510, 0x00000206d861bf50, 0x00000206d861e2c0,
0x00000206d7623aa0, 0x00000206df5775f0, 0x00000206d85fc020, 0x00000206dec9fc00,
0x00000206deca1f70, 0x00000206deca38c0, 0x00000206d96285b0, 0x00000206d962bbe0,
0x00000206deca2990, 0x00000206deca1a60, 0x00000206ddb93760, 0x00000206e5f33540,
0x00000206d962b6d0, 0x00000206dc724060
}

Java Threads: ( => current thread )
  0x00000206932a5460 JavaThread "main" [_thread_blocked, id=12652, stack(0x0000000c59300000,0x0000000c59400000)]
  0x00000206b5dbcd70 JavaThread "Reference Handler" daemon [_thread_blocked, id=3856, stack(0x0000000c59a00000,0x0000000c59b00000)]
  0x00000206b5dbd840 JavaThread "Finalizer" daemon [_thread_blocked, id=504, stack(0x0000000c59b00000,0x0000000c59c00000)]
  0x00000206b5dcfba0 JavaThread "Signal Dispatcher" daemon [_thread_blocked, id=9920, stack(0x0000000c59c00000,0x0000000c59d00000)]
  0x00000206b5dd4490 JavaThread "Attach Listener" daemon [_thread_blocked, id=20100, stack(0x0000000c59d00000,0x0000000c59e00000)]
  0x00000206b5dd4d60 JavaThread "Service Thread" daemon [_thread_blocked, id=13136, stack(0x0000000c59e00000,0x0000000c59f00000)]
  0x00000206b5dd8650 JavaThread "Monitor Deflation Thread" daemon [_thread_blocked, id=10548, stack(0x0000000c59f00000,0x0000000c5a000000)]
  0x00000206b5de1260 JavaThread "C2 CompilerThread0" daemon [_thread_in_native, id=9304, stack(0x0000000c5a000000,0x0000000c5a100000)]
  0x00000206b5dee2d0 JavaThread "C1 CompilerThread0" daemon [_thread_blocked, id=2636, stack(0x0000000c5a100000,0x0000000c5a200000)]
  0x00000206b5dee7f0 JavaThread "Sweeper thread" daemon [_thread_blocked, id=20544, stack(0x0000000c5a200000,0x0000000c5a300000)]
  0x00000206b5da97f0 JavaThread "Common-Cleaner" daemon [_thread_blocked, id=3172, stack(0x0000000c5a300000,0x0000000c5a400000)]
  0x00000206b6494b50 JavaThread "Notification Thread" daemon [_thread_blocked, id=22308, stack(0x0000000c5a500000,0x0000000c5a600000)]
  0x00000206d74ac110 JavaThread "Daemon health stats" [_thread_blocked, id=23072, stack(0x0000000c5a400000,0x0000000c5a500000)]
  0x00000206d65aeb40 JavaThread "Incoming local TCP Connector on port 60618" [_thread_in_native, id=31416, stack(0x0000000c5ab00000,0x0000000c5ac00000)]
  0x00000206d7021180 JavaThread "Daemon periodic checks" [_thread_blocked, id=4320, stack(0x0000000c5ac00000,0x0000000c5ad00000)]
  0x00000206d648bf00 JavaThread "Daemon" [_thread_blocked, id=8680, stack(0x0000000c5ad00000,0x0000000c5ae00000)]
  0x00000206d76249d0 JavaThread "Daemon worker" [_thread_blocked, id=2508, stack(0x0000000c5b000000,0x0000000c5b100000)]
  0x00000206d7624ee0 JavaThread "Cache worker for journal cache (C:\Users\rudra\.gradle\caches\journal-1)" [_thread_blocked, id=8524, stack(0x0000000c5b400000,0x0000000c5b500000)]
  0x00000206d76253f0 JavaThread "File lock request listener" [_thread_in_native, id=16500, stack(0x0000000c5b500000,0x0000000c5b600000)]
  0x00000206d7622660 JavaThread "Cache worker for file hash cache (C:\Users\rudra\.gradle\caches\9.0.0\fileHashes)" [_thread_blocked, id=13860, stack(0x0000000c5b600000,0x0000000c5b700000)]
  0x00000206d7623590 JavaThread "File watcher server" daemon [_thread_blocked, id=30948, stack(0x0000000c5c000000,0x0000000c5c100000)]
  0x00000206d8568400 JavaThread "File watcher consumer" daemon [_thread_blocked, id=23100, stack(0x0000000c5c100000,0x0000000c5c200000)]
  0x00000206d856a260 JavaThread "Cache worker for file content cache (C:\Users\rudra\.gradle\caches\9.0.0\fileContent)" [_thread_blocked, id=21328, stack(0x0000000c5bc00000,0x0000000c5bd00000)]
  0x00000206d8569330 JavaThread "jar transforms" [_thread_blocked, id=2724, stack(0x0000000c5c500000,0x0000000c5c600000)]
  0x00000206dba1e750 JavaThread "Memory manager" [_thread_blocked, id=35108, stack(0x0000000c5e300000,0x0000000c5e400000)]
  0x00000206dba1fb90 JavaThread "ForkJoinPool.commonPool-worker-5" daemon [_thread_blocked, id=29860, stack(0x0000000c5e800000,0x0000000c5e900000)]
  0x00000206dba205b0 JavaThread "ForkJoinPool.commonPool-worker-4" daemon [_thread_blocked, id=20220, stack(0x0000000c5e900000,0x0000000c5ea00000)]
  0x00000206dba20ac0 JavaThread "ForkJoinPool.commonPool-worker-6" daemon [_thread_blocked, id=7424, stack(0x0000000c5ea00000,0x0000000c5eb00000)]
  0x00000206dd5b1ce0 JavaThread "jar transforms Thread 2" [_thread_blocked, id=26748, stack(0x0000000c62700000,0x0000000c62800000)]
  0x00000206d85f8d80 JavaThread "jar transforms Thread 3" [_thread_blocked, id=20808, stack(0x0000000c62800000,0x0000000c62900000)]
  0x00000206d85fa6d0 JavaThread "jar transforms Thread 4" [_thread_blocked, id=28376, stack(0x0000000c62b00000,0x0000000c62c00000)]
  0x00000206d85f7e50 JavaThread "jar transforms Thread 5" [_thread_blocked, id=24864, stack(0x0000000c5bb00000,0x0000000c5bc00000)]
  0x00000206d85f7430 JavaThread "jar transforms Thread 6" [_thread_blocked, id=28240, stack(0x0000000c62c00000,0x0000000c62d00000)]
  0x00000206d85fd460 JavaThread "jar transforms Thread 7" [_thread_blocked, id=3492, stack(0x0000000c63100000,0x0000000c63200000)]
  0x00000206d7e75950 JavaThread "jar transforms Thread 8" [_thread_blocked, id=3996, stack(0x0000000c63200000,0x0000000c63300000)]
  0x00000206dd5ae530 JavaThread "Handler for socket connection from /127.0.0.1:60618 to /127.0.0.1:52167" [_thread_in_native, id=14060, stack(0x0000000c59100000,0x0000000c59200000)]
  0x00000206dd5aef50 JavaThread "Cancel handler" [_thread_blocked, id=10100, stack(0x0000000c59200000,0x0000000c59300000)]
  0x00000206dd5ad0f0 JavaThread "Asynchronous log dispatcher for DefaultDaemonConnection: socket connection from /127.0.0.1:60618 to /127.0.0.1:52167" [_thread_blocked, id=14320, stack(0x0000000c5ae00000,0x0000000c5af00000)]
  0x00000206dd5adb10 JavaThread "Stdin handler" [_thread_blocked, id=30760, stack(0x0000000c5af00000,0x0000000c5b000000)]
  0x00000206dd5ab7a0 JavaThread "Daemon client event forwarder" [_thread_blocked, id=13424, stack(0x0000000c5b200000,0x0000000c5b300000)]
  0x00000206dd5ae020 JavaThread "Cache worker for file hash cache (D:\MERN\React Native\FirebaseAuth\android\.gradle\9.0.0\fileHashes)" [_thread_blocked, id=6900, stack(0x0000000c5b300000,0x0000000c5b400000)]
  0x00000206dd5aea40 JavaThread "Cache worker for Build Output Cleanup Cache (D:\MERN\React Native\FirebaseAuth\android\.gradle\buildOutputCleanup)" [_thread_blocked, id=17524, stack(0x0000000c5be00000,0x0000000c5bf00000)]
  0x00000206dd5af460 JavaThread "Cache worker for checksums cache (D:\MERN\React Native\FirebaseAuth\android\.gradle\9.0.0\checksums)" [_thread_blocked, id=10632, stack(0x0000000c5bf00000,0x0000000c5c000000)]
  0x00000206dd5af970 JavaThread "Cache worker for cache directory md-supplier (C:\Users\rudra\.gradle\caches\9.0.0\md-supplier)" [_thread_blocked, id=18368, stack(0x0000000c5c200000,0x0000000c5c300000)]
  0x00000206dd5ac1c0 JavaThread "Cache worker for cache directory md-rule (C:\Users\rudra\.gradle\caches\9.0.0\md-rule)" [_thread_blocked, id=32784, stack(0x0000000c5c300000,0x0000000c5c400000)]
  0x00000206dd5afe80 JavaThread "Cache worker for Build Output Cleanup Cache (D:\MERN\React Native\FirebaseAuth\node_modules\@react-native\gradle-plugin\.gradle\buildOutputCleanup)" [_thread_blocked, id=27948, stack(0x0000000c5c400000,0x0000000c5c500000)]
  0x00000206dd5ac6d0 JavaThread "Unconstrained build operations" [_thread_blocked, id=30988, stack(0x0000000c5c600000,0x0000000c5c700000)]
  0x00000206dd5b0390 JavaThread "Unconstrained build operations Thread 2" [_thread_blocked, id=17272, stack(0x0000000c5c700000,0x0000000c5c800000)]
  0x00000206dd5acbe0 JavaThread "Unconstrained build operations Thread 3" [_thread_blocked, id=30332, stack(0x0000000c5c800000,0x0000000c5c900000)]
  0x00000206dd5ad600 JavaThread "Unconstrained build operations Thread 4" [_thread_blocked, id=31152, stack(0x0000000c5c900000,0x0000000c5ca00000)]
  0x00000206dd5b2c10 JavaThread "Unconstrained build operations Thread 5" [_thread_blocked, id=1204, stack(0x0000000c5cb00000,0x0000000c5cc00000)]
  0x00000206dd5b08a0 JavaThread "Unconstrained build operations Thread 6" [_thread_blocked, id=12356, stack(0x0000000c5cc00000,0x0000000c5cd00000)]
  0x00000206dd5b2700 JavaThread "Unconstrained build operations Thread 7" [_thread_blocked, id=25136, stack(0x0000000c5cd00000,0x0000000c5ce00000)]
  0x00000206dd5b21f0 JavaThread "Unconstrained build operations Thread 8" [_thread_blocked, id=19276, stack(0x0000000c5ce00000,0x0000000c5cf00000)]
  0x00000206dd5b0db0 JavaThread "Unconstrained build operations Thread 9" [_thread_blocked, id=31116, stack(0x0000000c5cf00000,0x0000000c5d000000)]
  0x00000206dd5b17d0 JavaThread "Unconstrained build operations Thread 10" [_thread_blocked, id=15820, stack(0x0000000c5d000000,0x0000000c5d100000)]
  0x00000206dd5b12c0 JavaThread "Unconstrained build operations Thread 11" [_thread_blocked, id=32808, stack(0x0000000c5d100000,0x0000000c5d200000)]
  0x00000206dd5b3120 JavaThread "Unconstrained build operations Thread 12" [_thread_blocked, id=28436, stack(0x0000000c5d200000,0x0000000c5d300000)]
  0x00000206dbc8b060 JavaThread "Unconstrained build operations Thread 13" [_thread_blocked, id=10556, stack(0x0000000c5d300000,0x0000000c5d400000)]
  0x00000206dbc8cec0 JavaThread "Unconstrained build operations Thread 14" [_thread_blocked, id=26016, stack(0x0000000c5d400000,0x0000000c5d500000)]
  0x00000206dbc8c4a0 JavaThread "Unconstrained build operations Thread 15" [_thread_blocked, id=16932, stack(0x0000000c5d500000,0x0000000c5d600000)]
  0x00000206dbc8ed20 JavaThread "Unconstrained build operations Thread 16" [_thread_blocked, id=12596, stack(0x0000000c5d600000,0x0000000c5d700000)]
  0x00000206dbc8e810 JavaThread "Unconstrained build operations Thread 17" [_thread_blocked, id=29628, stack(0x0000000c5d700000,0x0000000c5d800000)]
  0x00000206dbc8ddf0 JavaThread "Unconstrained build operations Thread 18" [_thread_blocked, id=5296, stack(0x0000000c5d800000,0x0000000c5d900000)]
  0x00000206dbc8d3d0 JavaThread "build event listener" [_thread_blocked, id=4992, stack(0x0000000c5d900000,0x0000000c5da00000)]
  0x00000206dbc8ba80 JavaThread "included builds" [_thread_blocked, id=13916, stack(0x0000000c5da00000,0x0000000c5db00000)]
  0x00000206dbc8c9b0 JavaThread "Execution worker" [_thread_blocked, id=13052, stack(0x0000000c5db00000,0x0000000c5dc00000)]
  0x00000206dbc8f740 JavaThread "Execution worker Thread 2" [_thread_blocked, id=9532, stack(0x0000000c5dc00000,0x0000000c5dd00000)]
  0x00000206dbc8d8e0 JavaThread "Execution worker Thread 3" [_thread_blocked, id=7444, stack(0x0000000c5dd00000,0x0000000c5de00000)]
  0x00000206dbc8f230 JavaThread "Execution worker Thread 4" [_thread_blocked, id=23284, stack(0x0000000c5de00000,0x0000000c5df00000)]
  0x00000206dbc8bf90 JavaThread "Execution worker Thread 5" [_thread_blocked, id=30236, stack(0x0000000c5df00000,0x0000000c5e000000)]
  0x00000206dbc91090 JavaThread "Execution worker Thread 6" [_thread_blocked, id=15748, stack(0x0000000c5e000000,0x0000000c5e100000)]
  0x00000206dbc924d0 JavaThread "Execution worker Thread 7" [_thread_blocked, id=15804, stack(0x0000000c5e100000,0x0000000c5e200000)]
  0x00000206dbc8fc50 JavaThread "Cache worker for execution history cache (D:\MERN\React Native\FirebaseAuth\node_modules\@react-native\gradle-plugin\.gradle\9.0.0\executionHistory)" [_thread_blocked, id=1036, stack(0x0000000c5e200000,0x0000000c5e300000)]
  0x00000206dbc90b80 JavaThread "Unconstrained build operations Thread 19" [_thread_blocked, id=18644, stack(0x0000000c5e400000,0x0000000c5e500000)]
  0x00000206dbc90160 JavaThread "Unconstrained build operations Thread 20" [_thread_blocked, id=5128, stack(0x0000000c5ed00000,0x0000000c5ee00000)]
  0x00000206dbc90670 JavaThread "Unconstrained build operations Thread 21" [_thread_blocked, id=14180, stack(0x0000000c5ee00000,0x0000000c5ef00000)]
  0x00000206dbc929e0 JavaThread "Unconstrained build operations Thread 22" [_thread_blocked, id=18384, stack(0x0000000c5ef00000,0x0000000c5f000000)]
  0x00000206dbc91ab0 JavaThread "Unconstrained build operations Thread 23" [_thread_blocked, id=31196, stack(0x0000000c5f000000,0x0000000c5f100000)]
  0x00000206dbc91fc0 JavaThread "Unconstrained build operations Thread 24" [_thread_blocked, id=16896, stack(0x0000000c5f100000,0x0000000c5f200000)]
  0x00000206dbc915a0 JavaThread "Unconstrained build operations Thread 25" [_thread_blocked, id=33448, stack(0x0000000c5f200000,0x0000000c5f300000)]
  0x00000206d85674d0 JavaThread "Unconstrained build operations Thread 26" [_thread_blocked, id=9388, stack(0x0000000c5f300000,0x0000000c5f400000)]
  0x00000206d8569d50 JavaThread "Unconstrained build operations Thread 27" [_thread_blocked, id=13368, stack(0x0000000c5f400000,0x0000000c5f500000)]
  0x00000206d856a770 JavaThread "Unconstrained build operations Thread 28" [_thread_blocked, id=22572, stack(0x0000000c5f500000,0x0000000c5f600000)]
  0x00000206d8566fc0 JavaThread "Unconstrained build operations Thread 29" [_thread_blocked, id=18388, stack(0x0000000c5f600000,0x0000000c5f700000)]
  0x00000206d856ac80 JavaThread "Unconstrained build operations Thread 30" [_thread_blocked, id=21160, stack(0x0000000c5f700000,0x0000000c5f800000)]
  0x00000206d8568910 JavaThread "Unconstrained build operations Thread 31" [_thread_blocked, id=31028, stack(0x0000000c5f800000,0x0000000c5f900000)]
  0x00000206d856b190 JavaThread "Unconstrained build operations Thread 32" [_thread_blocked, id=1744, stack(0x0000000c5f900000,0x0000000c5fa00000)]
  0x00000206d8568e20 JavaThread "Unconstrained build operations Thread 33" [_thread_blocked, id=27092, stack(0x0000000c5fa00000,0x0000000c5fb00000)]
  0x00000206d856b6a0 JavaThread "Unconstrained build operations Thread 34" [_thread_blocked, id=29668, stack(0x0000000c5fb00000,0x0000000c5fc00000)]
  0x00000206d8567ef0 JavaThread "Unconstrained build operations Thread 35" [_thread_blocked, id=15564, stack(0x0000000c5fc00000,0x0000000c5fd00000)]
  0x00000206d856df20 JavaThread "Unconstrained build operations Thread 36" [_thread_blocked, id=30656, stack(0x0000000c5fd00000,0x0000000c5fe00000)]
  0x00000206d856bbb0 JavaThread "Unconstrained build operations Thread 37" [_thread_blocked, id=15144, stack(0x0000000c5fe00000,0x0000000c5ff00000)]
  0x00000206d856e430 JavaThread "Unconstrained build operations Thread 38" [_thread_blocked, id=20592, stack(0x0000000c5ff00000,0x0000000c60000000)]
  0x00000206d856e940 JavaThread "Unconstrained build operations Thread 39" [_thread_blocked, id=33820, stack(0x0000000c60000000,0x0000000c60100000)]
  0x00000206d856d500 JavaThread "Unconstrained build operations Thread 40" [_thread_blocked, id=14416, stack(0x0000000c60100000,0x0000000c60200000)]
  0x00000206d856da10 JavaThread "Unconstrained build operations Thread 41" [_thread_blocked, id=35128, stack(0x0000000c60200000,0x0000000c60300000)]
  0x00000206d856c0c0 JavaThread "Unconstrained build operations Thread 42" [_thread_blocked, id=32540, stack(0x0000000c60300000,0x0000000c60400000)]
  0x00000206d856c5d0 JavaThread "Unconstrained build operations Thread 43" [_thread_blocked, id=29932, stack(0x0000000c60400000,0x0000000c60500000)]
  0x00000206d856cae0 JavaThread "Unconstrained build operations Thread 44" [_thread_blocked, id=14548, stack(0x0000000c60500000,0x0000000c60600000)]
  0x00000206d856cff0 JavaThread "Unconstrained build operations Thread 45" [_thread_blocked, id=29052, stack(0x0000000c60600000,0x0000000c60700000)]
  0x00000206dba1bed0 JavaThread "Unconstrained build operations Thread 46" [_thread_blocked, id=2044, stack(0x0000000c60700000,0x0000000c60800000)]
  0x00000206dba1b4b0 JavaThread "Unconstrained build operations Thread 47" [_thread_blocked, id=6824, stack(0x0000000c60800000,0x0000000c60900000)]
  0x00000206dba1c8f0 JavaThread "Unconstrained build operations Thread 48" [_thread_blocked, id=10348, stack(0x0000000c60900000,0x0000000c60a00000)]
  0x00000206dba1aa90 JavaThread "Unconstrained build operations Thread 49" [_thread_blocked, id=35756, stack(0x0000000c60a00000,0x0000000c60b00000)]
  0x00000206dba1c3e0 JavaThread "Unconstrained build operations Thread 50" [_thread_blocked, id=17360, stack(0x0000000c60b00000,0x0000000c60c00000)]
  0x00000206dba19140 JavaThread "Unconstrained build operations Thread 51" [_thread_blocked, id=33352, stack(0x0000000c60c00000,0x0000000c60d00000)]
  0x00000206dba1ce00 JavaThread "Unconstrained build operations Thread 52" [_thread_blocked, id=4704, stack(0x0000000c60d00000,0x0000000c60e00000)]
  0x00000206dba1afa0 JavaThread "Unconstrained build operations Thread 53" [_thread_blocked, id=19920, stack(0x0000000c60e00000,0x0000000c60f00000)]
  0x00000206dba19b60 JavaThread "Unconstrained build operations Thread 54" [_thread_blocked, id=30752, stack(0x0000000c60f00000,0x0000000c61000000)]
  0x00000206dba1a070 JavaThread "Unconstrained build operations Thread 55" [_thread_blocked, id=32256, stack(0x0000000c61000000,0x0000000c61100000)]
  0x00000206dba1a580 JavaThread "Unconstrained build operations Thread 56" [_thread_blocked, id=11864, stack(0x0000000c61100000,0x0000000c61200000)]
  0x00000206dba1e240 JavaThread "Unconstrained build operations Thread 57" [_thread_blocked, id=12588, stack(0x0000000c61200000,0x0000000c61300000)]
  0x00000206d85f9cb0 JavaThread "Unconstrained build operations Thread 58" [_thread_blocked, id=14688, stack(0x0000000c61300000,0x0000000c61400000)]
  0x00000206d85f97a0 JavaThread "Unconstrained build operations Thread 59" [_thread_blocked, id=15324, stack(0x0000000c61400000,0x0000000c61500000)]
  0x00000206d85fa1c0 JavaThread "Unconstrained build operations Thread 60" [_thread_blocked, id=1136, stack(0x0000000c61500000,0x0000000c61600000)]
  0x00000206d85fbb10 JavaThread "Unconstrained build operations Thread 61" [_thread_blocked, id=11356, stack(0x0000000c61600000,0x0000000c61700000)]
  0x00000206d85f8360 JavaThread "Unconstrained build operations Thread 62" [_thread_blocked, id=5236, stack(0x0000000c61700000,0x0000000c61800000)]
  0x00000206d85fe390 JavaThread "Unconstrained build operations Thread 63" [_thread_blocked, id=27088, stack(0x0000000c61800000,0x0000000c61900000)]
  0x00000206d85fca40 JavaThread "Unconstrained build operations Thread 64" [_thread_blocked, id=30112, stack(0x0000000c61900000,0x0000000c61a00000)]
  0x00000206d7e7a030 JavaThread "Unconstrained build operations Thread 65" [_thread_blocked, id=7816, stack(0x0000000c61a00000,0x0000000c61b00000)]
  0x00000206d7e7a540 JavaThread "Unconstrained build operations Thread 66" [_thread_blocked, id=29692, stack(0x0000000c61b00000,0x0000000c61c00000)]
  0x00000206d7e79610 JavaThread "Unconstrained build operations Thread 67" [_thread_blocked, id=18564, stack(0x0000000c61c00000,0x0000000c61d00000)]
  0x00000206d7e781d0 JavaThread "Unconstrained build operations Thread 68" [_thread_blocked, id=31704, stack(0x0000000c61d00000,0x0000000c61e00000)]
  0x00000206d7e786e0 JavaThread "build event listener" [_thread_blocked, id=24160, stack(0x0000000c61e00000,0x0000000c61f00000)]
  0x00000206d7e7aa50 JavaThread "Problems report writer" [_thread_blocked, id=33748, stack(0x0000000c61f00000,0x0000000c62000000)]
  0x00000206d7623080 JavaThread "Unconstrained build operations Thread 69" [_thread_blocked, id=33640, stack(0x0000000c62000000,0x0000000c62100000)]
  0x00000206d7623fb0 JavaThread "Unconstrained build operations Thread 70" [_thread_blocked, id=13828, stack(0x0000000c62100000,0x0000000c62200000)]
  0x00000206d7625900 JavaThread "Unconstrained build operations Thread 71" [_thread_blocked, id=27856, stack(0x0000000c62200000,0x0000000c62300000)]
  0x00000206d7622150 JavaThread "Unconstrained build operations Thread 72" [_thread_blocked, id=20796, stack(0x0000000c62300000,0x0000000c62400000)]
  0x00000206d7e772a0 JavaThread "Unconstrained build operations Thread 73" [_thread_blocked, id=32296, stack(0x0000000c62400000,0x0000000c62500000)]
  0x00000206d861a600 JavaThread "Unconstrained build operations Thread 74" [_thread_blocked, id=31392, stack(0x0000000c62500000,0x0000000c62600000)]
  0x00000206d86191c0 JavaThread "Unconstrained build operations Thread 75" [_thread_blocked, id=568, stack(0x0000000c62600000,0x0000000c62700000)]
  0x00000206d8616e50 JavaThread "Unconstrained build operations Thread 76" [_thread_blocked, id=9132, stack(0x0000000c62900000,0x0000000c62a00000)]
  0x00000206d86196d0 JavaThread "Unconstrained build operations Thread 77" [_thread_blocked, id=23212, stack(0x0000000c62a00000,0x0000000c62b00000)]
  0x00000206d86187a0 JavaThread "Unconstrained build operations Thread 78" [_thread_blocked, id=10476, stack(0x0000000c62d00000,0x0000000c62e00000)]
  0x00000206d8619be0 JavaThread "Unconstrained build operations Thread 79" [_thread_blocked, id=3964, stack(0x0000000c62e00000,0x0000000c62f00000)]
  0x00000206d861a0f0 JavaThread "Unconstrained build operations Thread 80" [_thread_blocked, id=16260, stack(0x0000000c62f00000,0x0000000c63000000)]
  0x00000206d861ba40 JavaThread "Cache worker for execution history cache (D:\MERN\React Native\FirebaseAuth\android\.gradle\9.0.0\executionHistory)" [_thread_blocked, id=15640, stack(0x0000000c63000000,0x0000000c63100000)]
  0x00000206d861c460 JavaThread "WorkerExecutor Queue Thread 2" [_thread_blocked, id=21460, stack(0x0000000c5ca00000,0x0000000c5cb00000)]
  0x00000206d861d8a0 JavaThread "WorkerExecutor Queue Thread 5" [_thread_blocked, id=7336, stack(0x0000000c63b00000,0x0000000c63c00000)]
  0x00000206d861ce80 JavaThread "WorkerExecutor Queue Thread 6" [_thread_blocked, id=33384, stack(0x0000000c63c00000,0x0000000c63d00000)]
  0x00000206dbc8b570 JavaThread "WorkerExecutor Queue Thread 7" [_thread_in_native, id=11768, stack(0x0000000c5ec00000,0x0000000c5ed00000)]
  0x00000206d7e79b20 JavaThread "WorkerExecutor Queue Thread 8" [_thread_blocked, id=23636, stack(0x0000000c63500000,0x0000000c63600000)]
  0x00000206df570ba0 JavaThread "WorkerExecutor Queue Thread 9" [_thread_blocked, id=31532, stack(0x0000000c63600000,0x0000000c63700000)]
  0x00000206df575790 JavaThread "Cache worker for Java compile cache (C:\Users\rudra\.gradle\caches\9.0.0\javaCompile)" [_thread_blocked, id=18184, stack(0x0000000c5b100000,0x0000000c5b200000)]
  0x00000206df575ca0 JavaThread "Build operations" [_thread_blocked, id=21084, stack(0x0000000c63d00000,0x0000000c63e00000)]
  0x00000206df571ad0 JavaThread "Build operations Thread 2" [_thread_blocked, id=21532, stack(0x0000000c64100000,0x0000000c64200000)]
  0x00000206df572a00 JavaThread "Build operations Thread 3" [_thread_blocked, id=27156, stack(0x0000000c64200000,0x0000000c64300000)]
  0x00000206df5761b0 JavaThread "Build operations Thread 4" [_thread_blocked, id=5252, stack(0x0000000c64300000,0x0000000c64400000)]
  0x00000206df5766c0 JavaThread "Build operations Thread 5" [_thread_blocked, id=3992, stack(0x0000000c64400000,0x0000000c64500000)]
  0x00000206df576bd0 JavaThread "Build operations Thread 6" [_thread_blocked, id=15264, stack(0x0000000c64500000,0x0000000c64600000)]
  0x00000206df5770e0 JavaThread "Build operations Thread 7" [_thread_blocked, id=32136, stack(0x0000000c64600000,0x0000000c64700000)]
  0x00000206d7e74510 JavaThread "pool-5-thread-1" [_thread_blocked, id=4916, stack(0x0000000c64700000,0x0000000c64800000)]
  0x00000206d861bf50 JavaThread "stderr" [_thread_in_native, id=25832, stack(0x0000000c5eb00000,0x0000000c5ec00000)]
  0x00000206d861e2c0 JavaThread "stdout" [_thread_in_native, id=25396, stack(0x0000000c64800000,0x0000000c64900000)]
  0x00000206d7623aa0 JavaThread "stderr" [_thread_in_native, id=22188, stack(0x0000000c64900000,0x0000000c64a00000)]
  0x00000206df5775f0 JavaThread "stdout" [_thread_in_native, id=11924, stack(0x0000000c64a00000,0x0000000c64b00000)]
  0x00000206d85fc020 JavaThread "stderr" [_thread_in_native, id=35352, stack(0x0000000c64c00000,0x0000000c64d00000)]
  0x00000206dec9fc00 JavaThread "stdout" [_thread_in_native, id=15420, stack(0x0000000c64d00000,0x0000000c64e00000)]
  0x00000206deca1f70 JavaThread "Build operations Thread 8" [_thread_blocked, id=32340, stack(0x0000000c5b700000,0x0000000c5b800000)]
  0x00000206deca38c0 JavaThread "RMI Scheduler(0)" daemon [_thread_blocked, id=10816, stack(0x0000000c63400000,0x0000000c63500000)]
  0x00000206d96285b0 JavaThread "RMI RenewClean-[127.0.0.1:17805,org.jetbrains.kotlin.daemon.common.LoopbackNetworkInterface$ClientLoopbackSocketFactory@6972cb4f]" daemon [_thread_blocked, id=19144, stack(0x0000000c64e00000,0x0000000c64f00000)]
  0x00000206d962bbe0 JavaThread "RMI GC Daemon" daemon [_thread_blocked, id=5308, stack(0x0000000c64f00000,0x0000000c65000000)]
  0x00000206deca2990 JavaThread "RMI TCP Accept-0" daemon [_thread_in_native, id=9864, stack(0x0000000c65000000,0x0000000c65100000)]
  0x00000206deca1a60 JavaThread "RMI Reaper" [_thread_blocked, id=26684, stack(0x0000000c65100000,0x0000000c65200000)]
  0x00000206ddb93760 JavaThread "RMI RenewClean-[127.0.0.1:17805,org.jetbrains.kotlin.daemon.common.LoopbackNetworkInterface$ClientLoopbackSocketFactory@76155e00]" daemon [_thread_blocked, id=29424, stack(0x0000000c65300000,0x0000000c65400000)]
  0x00000206e5f33540 JavaThread "WorkerExecutor Queue Thread 10" [_thread_blocked, id=10512, stack(0x0000000c5e600000,0x0000000c5e700000)]
  0x00000206d962b6d0 JavaThread "WorkerExecutor Queue Thread 11" [_thread_blocked, id=2068, stack(0x0000000c59000000,0x0000000c59100000)]
  0x00000206dc724060 JavaThread "C2 CompilerThread1" daemon [_thread_blocked, id=11232, stack(0x0000000c5e500000,0x0000000c5e600000)]

Other Threads:
=>0x00000206b5db9720 VMThread "VM Thread" [stack: 0x0000000c59900000,0x0000000c59a00000] [id=7500]
  0x00000206932a61f0 WatcherThread [stack: 0x0000000c5a600000,0x0000000c5a700000] [id=17496]
  0x0000020693311870 GCTaskThread "GC Thread#0" [stack: 0x0000000c59400000,0x0000000c59500000] [id=20252]
  0x00000206b68006f0 GCTaskThread "GC Thread#1" [stack: 0x0000000c5a800000,0x0000000c5a900000] [id=11192]
  0x00000206b651d720 GCTaskThread "GC Thread#2" [stack: 0x0000000c5a900000,0x0000000c5aa00000] [id=16412]
  0x00000206b6c64d50 GCTaskThread "GC Thread#3" [stack: 0x0000000c5a700000,0x0000000c5a800000] [id=24016]
  0x00000206d6b3c640 GCTaskThread "GC Thread#4" [stack: 0x0000000c5aa00000,0x0000000c5ab00000] [id=13244]
  0x00000206d6c55500 GCTaskThread "GC Thread#5" [stack: 0x0000000c5b800000,0x0000000c5b900000] [id=6200]
  0x00000206d7ac3b40 GCTaskThread "GC Thread#6" [stack: 0x0000000c5b900000,0x0000000c5ba00000] [id=28248]
  0x00000206d7845060 GCTaskThread "GC Thread#7" [stack: 0x0000000c5ba00000,0x0000000c5bb00000] [id=14680]
  0x00000206933233a0 ConcurrentGCThread "G1 Main Marker" [stack: 0x0000000c59500000,0x0000000c59600000] [id=22588]
  0x0000020693323cc0 ConcurrentGCThread "G1 Conc#0" [stack: 0x0000000c59600000,0x0000000c59700000] [id=18356]
  0x00000206d7df0d10 ConcurrentGCThread "G1 Conc#1" [stack: 0x0000000c5bd00000,0x0000000c5be00000] [id=34688]
  0x00000206b5c73f40 ConcurrentGCThread "G1 Refine#0" [stack: 0x0000000c59700000,0x0000000c59800000] [id=12260]
  0x00000206db77adc0 ConcurrentGCThread "G1 Refine#1" [stack: 0x0000000c63f00000,0x0000000c64000000] [id=9104]
  0x00000206db77b0b0 ConcurrentGCThread "G1 Refine#2" [stack: 0x0000000c64000000,0x0000000c64100000] [id=4888]
  0x00000206d87b2560 ConcurrentGCThread "G1 Refine#3" [stack: 0x0000000c63300000,0x0000000c63400000] [id=7248]
  0x00000206db913d30 ConcurrentGCThread "G1 Refine#4" [stack: 0x0000000c64b00000,0x0000000c64c00000] [id=31112]
  0x00000206b5c74880 ConcurrentGCThread "G1 Service" [stack: 0x0000000c59800000,0x0000000c59900000] [id=26028]

Threads with active compile tasks:
C2 CompilerThread0   373760 46683       4       com.android.tools.r8.internal.M7::c (2346 bytes)
C2 CompilerThread1   373760 46625       4       com.android.tools.r8.graph.F0$$Lambda$4554/0x00000206b97d5730::accept (20 bytes)

VM state: at safepoint (normal execution)

VM Mutex/Monitor currently owned by a thread:  ([mutex/lock_event])
[0x00000206932a0640] Threads_lock - owner thread: 0x00000206b5db9720
[0x000002069329f440] Heap_lock - owner thread: 0x00000206dba19140

Heap address: 0x0000000700000000, size: 4096 MB, Compressed Oops mode: Zero based, Oop shift amount: 3

CDS archive(s) mapped at: [0x00000206b7000000-0x00000206b7bd0000-0x00000206b7bd0000), size 12386304, SharedBaseAddress: 0x00000206b7000000, ArchiveRelocationMode: 1.
Compressed class space mapped at: 0x00000206b8000000-0x00000206d2000000, reserved size: 436207616
Narrow klass base: 0x00000206b7000000, Narrow klass shift: 0, Narrow klass range: 0x100000000

GC Precious Log:
 CPUs: 8 total, 8 available
 Memory: 8030M
 Large Page Support: Disabled
 NUMA Support: Disabled
 Compressed Oops: Enabled (Zero based)
 Heap Region Size: 2M
 Heap Min Capacity: 8M
 Heap Initial Capacity: 126M
 Heap Max Capacity: 4G
 Pre-touch: Disabled
 Parallel Workers: 8
 Concurrent Workers: 2
 Concurrent Refinement Workers: 8
 Periodic GC: Disabled

Heap:
 garbage-first heap   total 915456K, used 558652K [0x0000000700000000, 0x0000000800000000)
  region size 2048K, 5 young (10240K), 5 survivors (10240K)
 Metaspace       used 184957K, committed 187200K, reserved 622592K
  class space    used 24010K, committed 25088K, reserved 425984K

Heap Regions: E=young(eden), S=young(survivor), O=old, HS=humongous(starts), HC=humongous(continues), CS=collection set, F=free, OA=open archive, CA=closed archive, TAMS=top-at-mark-start (previous, next)
|   0|0x0000000700000000, 0x0000000700200000, 0x0000000700200000|100%|HS|  |TAMS 0x0000000700200000, 0x0000000700000000| Complete 
|   1|0x0000000700200000, 0x0000000700400000, 0x0000000700400000|100%|HC|  |TAMS 0x0000000700400000, 0x0000000700200000| Complete 
|   2|0x0000000700400000, 0x0000000700600000, 0x0000000700600000|100%| O|  |TAMS 0x0000000700600000, 0x0000000700400000| Untracked 
|   3|0x0000000700600000, 0x0000000700800000, 0x0000000700800000|100%| O|  |TAMS 0x0000000700800000, 0x0000000700600000| Untracked 
|   4|0x0000000700800000, 0x0000000700a00000, 0x0000000700a00000|100%| O|  |TAMS 0x0000000700a00000, 0x0000000700800000| Untracked 
|   5|0x0000000700a00000, 0x0000000700c00000, 0x0000000700c00000|100%| O|  |TAMS 0x0000000700c00000, 0x0000000700a00000| Untracked 
|   6|0x0000000700c00000, 0x0000000700e00000, 0x0000000700e00000|100%| O|  |TAMS 0x0000000700e00000, 0x0000000700c00000| Untracked 
|   7|0x0000000700e00000, 0x0000000701000000, 0x0000000701000000|100%| O|  |TAMS 0x0000000701000000, 0x0000000700e00000| Untracked 
|   8|0x0000000701000000, 0x0000000701200000, 0x0000000701200000|100%| O|  |TAMS 0x0000000701200000, 0x0000000701000000| Untracked 
|   9|0x0000000701200000, 0x0000000701400000, 0x0000000701400000|100%| O|  |TAMS 0x0000000701400000, 0x0000000701200000| Untracked 
|  10|0x0000000701400000, 0x0000000701600000, 0x0000000701600000|100%| O|  |TAMS 0x0000000701600000, 0x0000000701400000| Untracked 
|  11|0x0000000701600000, 0x0000000701800000, 0x0000000701800000|100%| O|  |TAMS 0x0000000701800000, 0x0000000701600000| Untracked 
|  12|0x0000000701800000, 0x0000000701a00000, 0x0000000701a00000|100%| O|  |TAMS 0x0000000701a00000, 0x0000000701800000| Untracked 
|  13|0x0000000701a00000, 0x0000000701c00000, 0x0000000701c00000|100%| O|  |TAMS 0x0000000701c00000, 0x0000000701a00000| Untracked 
|  14|0x0000000701c00000, 0x0000000701e00000, 0x0000000701e00000|100%| O|  |TAMS 0x0000000701e00000, 0x0000000701c00000| Untracked 
|  15|0x0000000701e00000, 0x0000000702000000, 0x0000000702000000|100%| O|  |TAMS 0x0000000702000000, 0x0000000701e00000| Untracked 
|  16|0x0000000702000000, 0x0000000702200000, 0x0000000702200000|100%| O|  |TAMS 0x0000000702200000, 0x0000000702000000| Untracked 
|  17|0x0000000702200000, 0x0000000702400000, 0x0000000702400000|100%|HS|  |TAMS 0x0000000702400000, 0x0000000702200000| Complete 
|  18|0x0000000702400000, 0x0000000702600000, 0x0000000702600000|100%|HC|  |TAMS 0x0000000702600000, 0x0000000702400000| Complete 
|  19|0x0000000702600000, 0x0000000702800000, 0x0000000702800000|100%|HS|  |TAMS 0x0000000702800000, 0x0000000702600000| Complete 
|  20|0x0000000702800000, 0x0000000702a00000, 0x0000000702a00000|100%|HC|  |TAMS 0x0000000702a00000, 0x0000000702800000| Complete 
|  21|0x0000000702a00000, 0x0000000702c00000, 0x0000000702c00000|100%| O|  |TAMS 0x0000000702a00000, 0x0000000702a00000| Untracked 
|  22|0x0000000702c00000, 0x0000000702e00000, 0x0000000702e00000|100%| O|  |TAMS 0x0000000702e00000, 0x0000000702c00000| Untracked 
|  23|0x0000000702e00000, 0x0000000703000000, 0x0000000703000000|100%| O|  |TAMS 0x0000000703000000, 0x0000000702e00000| Untracked 
|  24|0x0000000703000000, 0x0000000703200000, 0x0000000703200000|100%| O|  |TAMS 0x0000000703200000, 0x0000000703000000| Untracked 
|  25|0x0000000703200000, 0x0000000703400000, 0x0000000703400000|100%| O|  |TAMS 0x0000000703400000, 0x0000000703200000| Untracked 
|  26|0x0000000703400000, 0x0000000703600000, 0x0000000703600000|100%| O|  |TAMS 0x0000000703600000, 0x0000000703400000| Untracked 
|  27|0x0000000703600000, 0x0000000703800000, 0x0000000703800000|100%| O|  |TAMS 0x0000000703800000, 0x0000000703600000| Untracked 
|  28|0x0000000703800000, 0x0000000703a00000, 0x0000000703a00000|100%| O|  |TAMS 0x0000000703800000, 0x0000000703800000| Untracked 
|  29|0x0000000703a00000, 0x0000000703c00000, 0x0000000703c00000|100%|HS|  |TAMS 0x0000000703a00000, 0x0000000703a00000| Complete 
|  30|0x0000000703c00000, 0x0000000703e00000, 0x0000000703e00000|100%|HS|  |TAMS 0x0000000703e00000, 0x0000000703c00000| Complete 
|  31|0x0000000703e00000, 0x0000000704000000, 0x0000000704000000|100%|HC|  |TAMS 0x0000000704000000, 0x0000000703e00000| Complete 
|  32|0x0000000704000000, 0x0000000704200000, 0x0000000704200000|100%| O|  |TAMS 0x0000000704200000, 0x0000000704000000| Untracked 
|  33|0x0000000704200000, 0x0000000704400000, 0x0000000704400000|100%| O|  |TAMS 0x0000000704400000, 0x0000000704200000| Untracked 
|  34|0x0000000704400000, 0x0000000704600000, 0x0000000704600000|100%| O|  |TAMS 0x0000000704400000, 0x0000000704400000| Untracked 
|  35|0x0000000704600000, 0x0000000704800000, 0x0000000704800000|100%| O|  |TAMS 0x0000000704600000, 0x0000000704600000| Untracked 
|  36|0x0000000704800000, 0x0000000704a00000, 0x0000000704a00000|100%| O|  |TAMS 0x0000000704800000, 0x0000000704800000| Untracked 
|  37|0x0000000704a00000, 0x0000000704c00000, 0x0000000704c00000|100%| O|  |TAMS 0x0000000704a00000, 0x0000000704a00000| Untracked 
|  38|0x0000000704c00000, 0x0000000704e00000, 0x0000000704e00000|100%| O|  |TAMS 0x0000000704c00000, 0x0000000704c00000| Untracked 
|  39|0x0000000704e00000, 0x0000000705000000, 0x0000000705000000|100%| O|  |TAMS 0x0000000704e00000, 0x0000000704e00000| Untracked 
|  40|0x0000000705000000, 0x0000000705200000, 0x0000000705200000|100%| O|  |TAMS 0x0000000705000000, 0x0000000705000000| Untracked 
|  41|0x0000000705200000, 0x0000000705400000, 0x0000000705400000|100%| O|  |TAMS 0x0000000705400000, 0x0000000705200000| Untracked 
|  42|0x0000000705400000, 0x0000000705600000, 0x0000000705600000|100%| O|  |TAMS 0x0000000705600000, 0x0000000705400000| Untracked 
|  43|0x0000000705600000, 0x0000000705800000, 0x0000000705800000|100%| O|  |TAMS 0x0000000705600000, 0x0000000705600000| Untracked 
|  44|0x0000000705800000, 0x0000000705a00000, 0x0000000705a00000|100%| O|  |TAMS 0x0000000705a00000, 0x0000000705800000| Untracked 
|  45|0x0000000705a00000, 0x0000000705c00000, 0x0000000705c00000|100%| O|  |TAMS 0x0000000705a00000, 0x0000000705a00000| Untracked 
|  46|0x0000000705c00000, 0x0000000705e00000, 0x0000000705e00000|100%| O|  |TAMS 0x0000000705e00000, 0x0000000705c00000| Untracked 
|  47|0x0000000705e00000, 0x0000000706000000, 0x0000000706000000|100%| O|  |TAMS 0x0000000706000000, 0x0000000705e00000| Untracked 
|  48|0x0000000706000000, 0x0000000706200000, 0x0000000706200000|100%| O|  |TAMS 0x0000000706000000, 0x0000000706000000| Untracked 
|  49|0x0000000706200000, 0x0000000706400000, 0x0000000706400000|100%| O|  |TAMS 0x0000000706400000, 0x0000000706200000| Untracked 
|  50|0x0000000706400000, 0x0000000706600000, 0x0000000706600000|100%| O|  |TAMS 0x0000000706600000, 0x0000000706400000| Untracked 
|  51|0x0000000706600000, 0x0000000706800000, 0x0000000706800000|100%| O|  |TAMS 0x0000000706800000, 0x0000000706600000| Untracked 
|  52|0x0000000706800000, 0x0000000706a00000, 0x0000000706a00000|100%| O|  |TAMS 0x0000000706a00000, 0x0000000706800000| Untracked 
|  53|0x0000000706a00000, 0x0000000706c00000, 0x0000000706c00000|100%| O|  |TAMS 0x0000000706c00000, 0x0000000706a00000| Untracked 
|  54|0x0000000706c00000, 0x0000000706e00000, 0x0000000706e00000|100%| O|  |TAMS 0x0000000706e00000, 0x0000000706c00000| Untracked 
|  55|0x0000000706e00000, 0x0000000707000000, 0x0000000707000000|100%| O|  |TAMS 0x0000000707000000, 0x0000000706e00000| Untracked 
|  56|0x0000000707000000, 0x0000000707200000, 0x0000000707200000|100%| O|  |TAMS 0x0000000707200000, 0x0000000707000000| Untracked 
|  57|0x0000000707200000, 0x0000000707400000, 0x0000000707400000|100%| O|  |TAMS 0x0000000707400000, 0x0000000707200000| Untracked 
|  58|0x0000000707400000, 0x0000000707600000, 0x0000000707600000|100%| O|  |TAMS 0x0000000707600000, 0x0000000707400000| Untracked 
|  59|0x0000000707600000, 0x0000000707800000, 0x0000000707800000|100%| O|  |TAMS 0x0000000707800000, 0x0000000707600000| Untracked 
|  60|0x0000000707800000, 0x0000000707a00000, 0x0000000707a00000|100%| O|  |TAMS 0x0000000707800000, 0x0000000707800000| Untracked 
|  61|0x0000000707a00000, 0x0000000707c00000, 0x0000000707c00000|100%| O|  |TAMS 0x0000000707a00000, 0x0000000707a00000| Untracked 
|  62|0x0000000707c00000, 0x0000000707e00000, 0x0000000707e00000|100%| O|  |TAMS 0x0000000707c00000, 0x0000000707c00000| Untracked 
|  63|0x0000000707e00000, 0x0000000708000000, 0x0000000708000000|100%| O|  |TAMS 0x0000000707e00000, 0x0000000707e00000| Untracked 
|  64|0x0000000708000000, 0x0000000708200000, 0x0000000708200000|100%| O|  |TAMS 0x0000000708000000, 0x0000000708000000| Untracked 
|  65|0x0000000708200000, 0x0000000708400000, 0x0000000708400000|100%|HS|  |TAMS 0x0000000708400000, 0x0000000708200000| Complete 
|  66|0x0000000708400000, 0x0000000708600000, 0x0000000708600000|100%| O|  |TAMS 0x0000000708600000, 0x0000000708400000| Untracked 
|  67|0x0000000708600000, 0x0000000708800000, 0x0000000708800000|100%| O|  |TAMS 0x0000000708600000, 0x0000000708600000| Untracked 
|  68|0x0000000708800000, 0x0000000708a00000, 0x0000000708a00000|100%| O|  |TAMS 0x0000000708800000, 0x0000000708800000| Untracked 
|  69|0x0000000708a00000, 0x0000000708c00000, 0x0000000708c00000|100%| O|  |TAMS 0x0000000708a00000, 0x0000000708a00000| Untracked 
|  70|0x0000000708c00000, 0x0000000708e00000, 0x0000000708e00000|100%| O|  |TAMS 0x0000000708c00000, 0x0000000708c00000| Untracked 
|  71|0x0000000708e00000, 0x0000000709000000, 0x0000000709000000|100%| O|  |TAMS 0x0000000708e00000, 0x0000000708e00000| Untracked 
|  72|0x0000000709000000, 0x0000000709200000, 0x0000000709200000|100%| O|  |TAMS 0x0000000709000000, 0x0000000709000000| Untracked 
|  73|0x0000000709200000, 0x0000000709400000, 0x0000000709400000|100%| O|  |TAMS 0x0000000709400000, 0x0000000709200000| Untracked 
|  74|0x0000000709400000, 0x0000000709600000, 0x0000000709600000|100%| O|  |TAMS 0x0000000709600000, 0x0000000709400000| Untracked 
|  75|0x0000000709600000, 0x0000000709800000, 0x0000000709800000|100%| O|  |TAMS 0x0000000709600000, 0x0000000709600000| Untracked 
|  76|0x0000000709800000, 0x0000000709a00000, 0x0000000709a00000|100%| O|  |TAMS 0x0000000709800000, 0x0000000709800000| Untracked 
|  77|0x0000000709a00000, 0x0000000709c00000, 0x0000000709c00000|100%| O|  |TAMS 0x0000000709a00000, 0x0000000709a00000| Untracked 
|  78|0x0000000709c00000, 0x0000000709e00000, 0x0000000709e00000|100%| O|  |TAMS 0x0000000709c00000, 0x0000000709c00000| Untracked 
|  79|0x0000000709e00000, 0x000000070a000000, 0x000000070a000000|100%| O|  |TAMS 0x000000070a000000, 0x0000000709e00000| Untracked 
|  80|0x000000070a000000, 0x000000070a200000, 0x000000070a200000|100%| O|  |TAMS 0x000000070a000000, 0x000000070a000000| Untracked 
|  81|0x000000070a200000, 0x000000070a400000, 0x000000070a400000|100%| O|  |TAMS 0x000000070a200000, 0x000000070a200000| Untracked 
|  82|0x000000070a400000, 0x000000070a600000, 0x000000070a600000|100%| O|  |TAMS 0x000000070a600000, 0x000000070a400000| Untracked 
|  83|0x000000070a600000, 0x000000070a800000, 0x000000070a800000|100%| O|  |TAMS 0x000000070a800000, 0x000000070a600000| Untracked 
|  84|0x000000070a800000, 0x000000070aa00000, 0x000000070aa00000|100%| O|  |TAMS 0x000000070aa00000, 0x000000070a800000| Untracked 
|  85|0x000000070aa00000, 0x000000070ac00000, 0x000000070ac00000|100%| O|  |TAMS 0x000000070ac00000, 0x000000070aa00000| Untracked 
|  86|0x000000070ac00000, 0x000000070ae00000, 0x000000070ae00000|100%| O|  |TAMS 0x000000070ac00000, 0x000000070ac00000| Untracked 
|  87|0x000000070ae00000, 0x000000070b000000, 0x000000070b000000|100%| O|  |TAMS 0x000000070b000000, 0x000000070ae00000| Untracked 
|  88|0x000000070b000000, 0x000000070b200000, 0x000000070b200000|100%| O|  |TAMS 0x000000070b200000, 0x000000070b000000| Untracked 
|  89|0x000000070b200000, 0x000000070b400000, 0x000000070b400000|100%| O|  |TAMS 0x000000070b400000, 0x000000070b200000| Untracked 
|  90|0x000000070b400000, 0x000000070b600000, 0x000000070b600000|100%| O|  |TAMS 0x000000070b600000, 0x000000070b400000| Untracked 
|  91|0x000000070b600000, 0x000000070b800000, 0x000000070b800000|100%| O|  |TAMS 0x000000070b800000, 0x000000070b600000| Untracked 
|  92|0x000000070b800000, 0x000000070ba00000, 0x000000070ba00000|100%| O|  |TAMS 0x000000070ba00000, 0x000000070b800000| Untracked 
|  93|0x000000070ba00000, 0x000000070bc00000, 0x000000070bc00000|100%| O|  |TAMS 0x000000070bc00000, 0x000000070ba00000| Untracked 
|  94|0x000000070bc00000, 0x000000070be00000, 0x000000070be00000|100%| O|  |TAMS 0x000000070be00000, 0x000000070bc00000| Untracked 
|  95|0x000000070be00000, 0x000000070c000000, 0x000000070c000000|100%| O|  |TAMS 0x000000070c000000, 0x000000070be00000| Untracked 
|  96|0x000000070c000000, 0x000000070c200000, 0x000000070c200000|100%| O|  |TAMS 0x000000070c200000, 0x000000070c000000| Untracked 
|  97|0x000000070c200000, 0x000000070c400000, 0x000000070c400000|100%| O|  |TAMS 0x000000070c400000, 0x000000070c200000| Untracked 
|  98|0x000000070c400000, 0x000000070c600000, 0x000000070c600000|100%| O|  |TAMS 0x000000070c600000, 0x000000070c400000| Untracked 
|  99|0x000000070c600000, 0x000000070c800000, 0x000000070c800000|100%| O|  |TAMS 0x000000070c800000, 0x000000070c600000| Untracked 
| 100|0x000000070c800000, 0x000000070ca00000, 0x000000070ca00000|100%| O|  |TAMS 0x000000070ca00000, 0x000000070c800000| Untracked 
| 101|0x000000070ca00000, 0x000000070cc00000, 0x000000070cc00000|100%| O|  |TAMS 0x000000070cc00000, 0x000000070ca00000| Untracked 
| 102|0x000000070cc00000, 0x000000070ce00000, 0x000000070ce00000|100%| O|  |TAMS 0x000000070cc00000, 0x000000070cc00000| Untracked 
| 103|0x000000070ce00000, 0x000000070d000000, 0x000000070d000000|100%| O|  |TAMS 0x000000070d000000, 0x000000070ce00000| Untracked 
| 104|0x000000070d000000, 0x000000070d200000, 0x000000070d200000|100%| O|  |TAMS 0x000000070d200000, 0x000000070d000000| Untracked 
| 105|0x000000070d200000, 0x000000070d400000, 0x000000070d400000|100%| O|  |TAMS 0x000000070d400000, 0x000000070d200000| Untracked 
| 106|0x000000070d400000, 0x000000070d600000, 0x000000070d600000|100%| O|  |TAMS 0x000000070d600000, 0x000000070d400000| Untracked 
| 107|0x000000070d600000, 0x000000070d800000, 0x000000070d800000|100%| O|  |TAMS 0x000000070d800000, 0x000000070d600000| Untracked 
| 108|0x000000070d800000, 0x000000070da00000, 0x000000070da00000|100%| O|  |TAMS 0x000000070da00000, 0x000000070d800000| Untracked 
| 109|0x000000070da00000, 0x000000070dc00000, 0x000000070dc00000|100%| O|  |TAMS 0x000000070dc00000, 0x000000070da00000| Untracked 
| 110|0x000000070dc00000, 0x000000070de00000, 0x000000070de00000|100%| O|  |TAMS 0x000000070de00000, 0x000000070dc00000| Untracked 
| 111|0x000000070de00000, 0x000000070e000000, 0x000000070e000000|100%| O|  |TAMS 0x000000070df21a00, 0x000000070de00000| Untracked 
| 112|0x000000070e000000, 0x000000070e200000, 0x000000070e200000|100%| O|  |TAMS 0x000000070e000000, 0x000000070e000000| Untracked 
| 113|0x000000070e200000, 0x000000070e400000, 0x000000070e400000|100%| O|  |TAMS 0x000000070e200000, 0x000000070e200000| Untracked 
| 114|0x000000070e400000, 0x000000070e600000, 0x000000070e600000|100%| O|  |TAMS 0x000000070e400000, 0x000000070e400000| Untracked 
| 115|0x000000070e600000, 0x000000070e800000, 0x000000070e800000|100%| O|  |TAMS 0x000000070e600000, 0x000000070e600000| Untracked 
| 116|0x000000070e800000, 0x000000070ea00000, 0x000000070ea00000|100%| O|  |TAMS 0x000000070e800000, 0x000000070e800000| Untracked 
| 117|0x000000070ea00000, 0x000000070ec00000, 0x000000070ec00000|100%| O|  |TAMS 0x000000070ea00000, 0x000000070ea00000| Untracked 
| 118|0x000000070ec00000, 0x000000070ee00000, 0x000000070ee00000|100%| O|  |TAMS 0x000000070ec00000, 0x000000070ec00000| Untracked 
| 119|0x000000070ee00000, 0x000000070f000000, 0x000000070f000000|100%| O|  |TAMS 0x000000070ee00000, 0x000000070ee00000| Untracked 
| 120|0x000000070f000000, 0x000000070f200000, 0x000000070f200000|100%| O|  |TAMS 0x000000070f000000, 0x000000070f000000| Untracked 
| 121|0x000000070f200000, 0x000000070f400000, 0x000000070f400000|100%| O|  |TAMS 0x000000070f200000, 0x000000070f200000| Untracked 
| 122|0x000000070f400000, 0x000000070f600000, 0x000000070f600000|100%| O|  |TAMS 0x000000070f400000, 0x000000070f400000| Untracked 
| 123|0x000000070f600000, 0x000000070f800000, 0x000000070f800000|100%| O|  |TAMS 0x000000070f600000, 0x000000070f600000| Untracked 
| 124|0x000000070f800000, 0x000000070fa00000, 0x000000070fa00000|100%| O|  |TAMS 0x000000070f800000, 0x000000070f800000| Untracked 
| 125|0x000000070fa00000, 0x000000070fc00000, 0x000000070fc00000|100%| O|  |TAMS 0x000000070fa00000, 0x000000070fa00000| Untracked 
| 126|0x000000070fc00000, 0x000000070fe00000, 0x000000070fe00000|100%|HS|  |TAMS 0x000000070fc00000, 0x000000070fc00000| Complete 
| 127|0x000000070fe00000, 0x0000000710000000, 0x0000000710000000|100%|HC|  |TAMS 0x000000070fe00000, 0x000000070fe00000| Complete 
| 128|0x0000000710000000, 0x0000000710200000, 0x0000000710200000|100%| O|  |TAMS 0x0000000710000000, 0x0000000710000000| Untracked 
| 129|0x0000000710200000, 0x0000000710400000, 0x0000000710400000|100%| O|  |TAMS 0x0000000710200000, 0x0000000710200000| Untracked 
| 130|0x0000000710400000, 0x0000000710600000, 0x0000000710600000|100%| O|  |TAMS 0x0000000710400000, 0x0000000710400000| Untracked 
| 131|0x0000000710600000, 0x0000000710800000, 0x0000000710800000|100%| O|  |TAMS 0x0000000710600000, 0x0000000710600000| Untracked 
| 132|0x0000000710800000, 0x0000000710a00000, 0x0000000710a00000|100%| O|  |TAMS 0x0000000710800000, 0x0000000710800000| Untracked 
| 133|0x0000000710a00000, 0x0000000710c00000, 0x0000000710c00000|100%| O|  |TAMS 0x0000000710a00000, 0x0000000710a00000| Untracked 
| 134|0x0000000710c00000, 0x0000000710e00000, 0x0000000710e00000|100%| O|  |TAMS 0x0000000710c00000, 0x0000000710c00000| Untracked 
| 135|0x0000000710e00000, 0x0000000711000000, 0x0000000711000000|100%| O|  |TAMS 0x0000000710e00000, 0x0000000710e00000| Untracked 
| 136|0x0000000711000000, 0x0000000711200000, 0x0000000711200000|100%|HS|  |TAMS 0x0000000711000000, 0x0000000711000000| Complete 
| 137|0x0000000711200000, 0x0000000711400000, 0x0000000711400000|100%| O|  |TAMS 0x0000000711200000, 0x0000000711200000| Untracked 
| 138|0x0000000711400000, 0x0000000711600000, 0x0000000711600000|100%| O|  |TAMS 0x0000000711400000, 0x0000000711400000| Untracked 
| 139|0x0000000711600000, 0x0000000711800000, 0x0000000711800000|100%| O|  |TAMS 0x0000000711600000, 0x0000000711600000| Untracked 
| 140|0x0000000711800000, 0x0000000711a00000, 0x0000000711a00000|100%| O|  |TAMS 0x0000000711800000, 0x0000000711800000| Untracked 
| 141|0x0000000711a00000, 0x0000000711c00000, 0x0000000711c00000|100%| O|  |TAMS 0x0000000711a00000, 0x0000000711a00000| Untracked 
| 142|0x0000000711c00000, 0x0000000711e00000, 0x0000000711e00000|100%| O|  |TAMS 0x0000000711c00000, 0x0000000711c00000| Untracked 
| 143|0x0000000711e00000, 0x0000000712000000, 0x0000000712000000|100%| O|  |TAMS 0x0000000711e00000, 0x0000000711e00000| Untracked 
| 144|0x0000000712000000, 0x0000000712200000, 0x0000000712200000|100%| O|  |TAMS 0x0000000712000000, 0x0000000712000000| Untracked 
| 145|0x0000000712200000, 0x0000000712400000, 0x0000000712400000|100%| O|  |TAMS 0x0000000712200000, 0x0000000712200000| Untracked 
| 146|0x0000000712400000, 0x0000000712600000, 0x0000000712600000|100%| O|  |TAMS 0x0000000712400000, 0x0000000712400000| Untracked 
| 147|0x0000000712600000, 0x0000000712800000, 0x0000000712800000|100%| O|  |TAMS 0x0000000712600000, 0x0000000712600000| Untracked 
| 148|0x0000000712800000, 0x0000000712a00000, 0x0000000712a00000|100%| O|  |TAMS 0x0000000712800000, 0x0000000712800000| Untracked 
| 149|0x0000000712a00000, 0x0000000712c00000, 0x0000000712c00000|100%| O|  |TAMS 0x0000000712a00000, 0x0000000712a00000| Untracked 
| 150|0x0000000712c00000, 0x0000000712e00000, 0x0000000712e00000|100%| O|  |TAMS 0x0000000712c00000, 0x0000000712c00000| Untracked 
| 151|0x0000000712e00000, 0x0000000713000000, 0x0000000713000000|100%| O|  |TAMS 0x0000000712e00000, 0x0000000712e00000| Untracked 
| 152|0x0000000713000000, 0x0000000713200000, 0x0000000713200000|100%| O|  |TAMS 0x0000000713000000, 0x0000000713000000| Untracked 
| 153|0x0000000713200000, 0x0000000713400000, 0x0000000713400000|100%| O|  |TAMS 0x0000000713200000, 0x0000000713200000| Untracked 
| 154|0x0000000713400000, 0x0000000713600000, 0x0000000713600000|100%| O|  |TAMS 0x0000000713400000, 0x0000000713400000| Untracked 
| 155|0x0000000713600000, 0x0000000713800000, 0x0000000713800000|100%| O|  |TAMS 0x0000000713600000, 0x0000000713600000| Untracked 
| 156|0x0000000713800000, 0x0000000713a00000, 0x0000000713a00000|100%| O|  |TAMS 0x0000000713800000, 0x0000000713800000| Untracked 
| 157|0x0000000713a00000, 0x0000000713c00000, 0x0000000713c00000|100%| O|  |TAMS 0x0000000713a00000, 0x0000000713a00000| Untracked 
| 158|0x0000000713c00000, 0x0000000713e00000, 0x0000000713e00000|100%| O|  |TAMS 0x0000000713c00000, 0x0000000713c00000| Untracked 
| 159|0x0000000713e00000, 0x0000000714000000, 0x0000000714000000|100%| O|  |TAMS 0x0000000713e00000, 0x0000000713e00000| Untracked 
| 160|0x0000000714000000, 0x0000000714200000, 0x0000000714200000|100%| O|  |TAMS 0x0000000714000000, 0x0000000714000000| Untracked 
| 161|0x0000000714200000, 0x0000000714400000, 0x0000000714400000|100%| O|  |TAMS 0x0000000714200000, 0x0000000714200000| Untracked 
| 162|0x0000000714400000, 0x0000000714600000, 0x0000000714600000|100%| O|  |TAMS 0x0000000714400000, 0x0000000714400000| Untracked 
| 163|0x0000000714600000, 0x0000000714800000, 0x0000000714800000|100%| O|  |TAMS 0x0000000714600000, 0x0000000714600000| Untracked 
| 164|0x0000000714800000, 0x0000000714a00000, 0x0000000714a00000|100%| O|  |TAMS 0x0000000714800000, 0x0000000714800000| Untracked 
| 165|0x0000000714a00000, 0x0000000714c00000, 0x0000000714c00000|100%| O|  |TAMS 0x0000000714a00000, 0x0000000714a00000| Untracked 
| 166|0x0000000714c00000, 0x0000000714e00000, 0x0000000714e00000|100%| O|  |TAMS 0x0000000714c00000, 0x0000000714c00000| Untracked 
| 167|0x0000000714e00000, 0x0000000715000000, 0x0000000715000000|100%| O|  |TAMS 0x0000000714e00000, 0x0000000714e00000| Untracked 
| 168|0x0000000715000000, 0x0000000715200000, 0x0000000715200000|100%| O|  |TAMS 0x0000000715000000, 0x0000000715000000| Untracked 
| 169|0x0000000715200000, 0x0000000715400000, 0x0000000715400000|100%| O|  |TAMS 0x0000000715200000, 0x0000000715200000| Untracked 
| 170|0x0000000715400000, 0x0000000715600000, 0x0000000715600000|100%| O|  |TAMS 0x0000000715400000, 0x0000000715400000| Untracked 
| 171|0x0000000715600000, 0x0000000715800000, 0x0000000715800000|100%| O|  |TAMS 0x0000000715600000, 0x0000000715600000| Untracked 
| 172|0x0000000715800000, 0x0000000715a00000, 0x0000000715a00000|100%| O|  |TAMS 0x0000000715800000, 0x0000000715800000| Untracked 
| 173|0x0000000715a00000, 0x0000000715c00000, 0x0000000715c00000|100%| O|  |TAMS 0x0000000715a00000, 0x0000000715a00000| Untracked 
| 174|0x0000000715c00000, 0x0000000715e00000, 0x0000000715e00000|100%| O|  |TAMS 0x0000000715c00000, 0x0000000715c00000| Untracked 
| 175|0x0000000715e00000, 0x0000000716000000, 0x0000000716000000|100%| O|  |TAMS 0x0000000715e00000, 0x0000000715e00000| Untracked 
| 176|0x0000000716000000, 0x0000000716200000, 0x0000000716200000|100%| O|  |TAMS 0x0000000716000000, 0x0000000716000000| Untracked 
| 177|0x0000000716200000, 0x0000000716400000, 0x0000000716400000|100%| O|  |TAMS 0x0000000716200000, 0x0000000716200000| Untracked 
| 178|0x0000000716400000, 0x0000000716600000, 0x0000000716600000|100%| O|  |TAMS 0x0000000716400000, 0x0000000716400000| Untracked 
| 179|0x0000000716600000, 0x0000000716800000, 0x0000000716800000|100%| O|  |TAMS 0x0000000716600000, 0x0000000716600000| Untracked 
| 180|0x0000000716800000, 0x0000000716a00000, 0x0000000716a00000|100%| O|  |TAMS 0x0000000716800000, 0x0000000716800000| Untracked 
| 181|0x0000000716a00000, 0x0000000716c00000, 0x0000000716c00000|100%| O|  |TAMS 0x0000000716a00000, 0x0000000716a00000| Untracked 
| 182|0x0000000716c00000, 0x0000000716e00000, 0x0000000716e00000|100%| O|  |TAMS 0x0000000716c00000, 0x0000000716c00000| Untracked 
| 183|0x0000000716e00000, 0x0000000717000000, 0x0000000717000000|100%| O|  |TAMS 0x0000000716e00000, 0x0000000716e00000| Untracked 
| 184|0x0000000717000000, 0x0000000717200000, 0x0000000717200000|100%| O|  |TAMS 0x0000000717000000, 0x0000000717000000| Untracked 
| 185|0x0000000717200000, 0x0000000717400000, 0x0000000717400000|100%| O|  |TAMS 0x0000000717200000, 0x0000000717200000| Untracked 
| 186|0x0000000717400000, 0x0000000717600000, 0x0000000717600000|100%| O|  |TAMS 0x0000000717400000, 0x0000000717400000| Untracked 
| 187|0x0000000717600000, 0x0000000717800000, 0x0000000717800000|100%| O|  |TAMS 0x0000000717600000, 0x0000000717600000| Untracked 
| 188|0x0000000717800000, 0x0000000717a00000, 0x0000000717a00000|100%| O|  |TAMS 0x0000000717800000, 0x0000000717800000| Untracked 
| 189|0x0000000717a00000, 0x0000000717c00000, 0x0000000717c00000|100%| O|  |TAMS 0x0000000717a00000, 0x0000000717a00000| Untracked 
| 190|0x0000000717c00000, 0x0000000717e00000, 0x0000000717e00000|100%| O|  |TAMS 0x0000000717c00000, 0x0000000717c00000| Untracked 
| 191|0x0000000717e00000, 0x0000000718000000, 0x0000000718000000|100%| O|  |TAMS 0x0000000717e00000, 0x0000000717e00000| Untracked 
| 192|0x0000000718000000, 0x0000000718200000, 0x0000000718200000|100%| O|  |TAMS 0x0000000718000000, 0x0000000718000000| Untracked 
| 193|0x0000000718200000, 0x0000000718400000, 0x0000000718400000|100%| O|  |TAMS 0x0000000718200000, 0x0000000718200000| Untracked 
| 194|0x0000000718400000, 0x0000000718600000, 0x0000000718600000|100%| O|  |TAMS 0x0000000718400000, 0x0000000718400000| Untracked 
| 195|0x0000000718600000, 0x0000000718800000, 0x0000000718800000|100%| O|  |TAMS 0x0000000718600000, 0x0000000718600000| Untracked 
| 196|0x0000000718800000, 0x0000000718a00000, 0x0000000718a00000|100%| O|  |TAMS 0x0000000718800000, 0x0000000718800000| Untracked 
| 197|0x0000000718a00000, 0x0000000718c00000, 0x0000000718c00000|100%| O|  |TAMS 0x0000000718a00000, 0x0000000718a00000| Untracked 
| 198|0x0000000718c00000, 0x0000000718e00000, 0x0000000718e00000|100%| O|  |TAMS 0x0000000718c00000, 0x0000000718c00000| Untracked 
| 199|0x0000000718e00000, 0x0000000719000000, 0x0000000719000000|100%| O|  |TAMS 0x0000000718e00000, 0x0000000718e00000| Untracked 
| 200|0x0000000719000000, 0x0000000719200000, 0x0000000719200000|100%| O|  |TAMS 0x0000000719000000, 0x0000000719000000| Untracked 
| 201|0x0000000719200000, 0x0000000719400000, 0x0000000719400000|100%| O|  |TAMS 0x0000000719200000, 0x0000000719200000| Untracked 
| 202|0x0000000719400000, 0x0000000719600000, 0x0000000719600000|100%| O|  |TAMS 0x0000000719400000, 0x0000000719400000| Untracked 
| 203|0x0000000719600000, 0x0000000719800000, 0x0000000719800000|100%| O|  |TAMS 0x0000000719600000, 0x0000000719600000| Untracked 
| 204|0x0000000719800000, 0x0000000719a00000, 0x0000000719a00000|100%| O|  |TAMS 0x0000000719800000, 0x0000000719800000| Untracked 
| 205|0x0000000719a00000, 0x0000000719c00000, 0x0000000719c00000|100%| O|  |TAMS 0x0000000719a00000, 0x0000000719a00000| Untracked 
| 206|0x0000000719c00000, 0x0000000719e00000, 0x0000000719e00000|100%| O|  |TAMS 0x0000000719c00000, 0x0000000719c00000| Untracked 
| 207|0x0000000719e00000, 0x000000071a000000, 0x000000071a000000|100%| O|  |TAMS 0x0000000719e00000, 0x0000000719e00000| Untracked 
| 208|0x000000071a000000, 0x000000071a200000, 0x000000071a200000|100%| O|  |TAMS 0x000000071a000000, 0x000000071a000000| Untracked 
| 209|0x000000071a200000, 0x000000071a400000, 0x000000071a400000|100%| O|  |TAMS 0x000000071a200000, 0x000000071a200000| Untracked 
| 210|0x000000071a400000, 0x000000071a600000, 0x000000071a600000|100%| O|  |TAMS 0x000000071a400000, 0x000000071a400000| Untracked 
| 211|0x000000071a600000, 0x000000071a800000, 0x000000071a800000|100%| O|  |TAMS 0x000000071a600000, 0x000000071a600000| Untracked 
| 212|0x000000071a800000, 0x000000071aa00000, 0x000000071aa00000|100%| O|  |TAMS 0x000000071a800000, 0x000000071a800000| Untracked 
| 213|0x000000071aa00000, 0x000000071ac00000, 0x000000071ac00000|100%| O|  |TAMS 0x000000071aa00000, 0x000000071aa00000| Untracked 
| 214|0x000000071ac00000, 0x000000071ae00000, 0x000000071ae00000|100%| O|  |TAMS 0x000000071ac00000, 0x000000071ac00000| Untracked 
| 215|0x000000071ae00000, 0x000000071b000000, 0x000000071b000000|100%| O|  |TAMS 0x000000071ae00000, 0x000000071ae00000| Untracked 
| 216|0x000000071b000000, 0x000000071b200000, 0x000000071b200000|100%| O|  |TAMS 0x000000071b000000, 0x000000071b000000| Untracked 
| 217|0x000000071b200000, 0x000000071b400000, 0x000000071b400000|100%| O|  |TAMS 0x000000071b200000, 0x000000071b200000| Untracked 
| 218|0x000000071b400000, 0x000000071b600000, 0x000000071b600000|100%| O|  |TAMS 0x000000071b400000, 0x000000071b400000| Untracked 
| 219|0x000000071b600000, 0x000000071b800000, 0x000000071b800000|100%| O|  |TAMS 0x000000071b600000, 0x000000071b600000| Untracked 
| 220|0x000000071b800000, 0x000000071ba00000, 0x000000071ba00000|100%| O|  |TAMS 0x000000071b800000, 0x000000071b800000| Untracked 
| 221|0x000000071ba00000, 0x000000071bc00000, 0x000000071bc00000|100%| O|  |TAMS 0x000000071ba00000, 0x000000071ba00000| Untracked 
| 222|0x000000071bc00000, 0x000000071be00000, 0x000000071be00000|100%| O|  |TAMS 0x000000071bc00000, 0x000000071bc00000| Untracked 
| 223|0x000000071be00000, 0x000000071c000000, 0x000000071c000000|100%| O|  |TAMS 0x000000071be00000, 0x000000071be00000| Untracked 
| 224|0x000000071c000000, 0x000000071c200000, 0x000000071c200000|100%| O|  |TAMS 0x000000071c000000, 0x000000071c000000| Untracked 
| 225|0x000000071c200000, 0x000000071c400000, 0x000000071c400000|100%| O|  |TAMS 0x000000071c200000, 0x000000071c200000| Untracked 
| 226|0x000000071c400000, 0x000000071c600000, 0x000000071c600000|100%| O|  |TAMS 0x000000071c400000, 0x000000071c400000| Untracked 
| 227|0x000000071c600000, 0x000000071c800000, 0x000000071c800000|100%| O|  |TAMS 0x000000071c600000, 0x000000071c600000| Untracked 
| 228|0x000000071c800000, 0x000000071ca00000, 0x000000071ca00000|100%| O|  |TAMS 0x000000071c800000, 0x000000071c800000| Untracked 
| 229|0x000000071ca00000, 0x000000071cc00000, 0x000000071cc00000|100%| O|  |TAMS 0x000000071ca00000, 0x000000071ca00000| Untracked 
| 230|0x000000071cc00000, 0x000000071ce00000, 0x000000071ce00000|100%| O|  |TAMS 0x000000071cc00000, 0x000000071cc00000| Untracked 
| 231|0x000000071ce00000, 0x000000071d000000, 0x000000071d000000|100%| O|  |TAMS 0x000000071ce00000, 0x000000071ce00000| Untracked 
| 232|0x000000071d000000, 0x000000071d200000, 0x000000071d200000|100%| O|  |TAMS 0x000000071d000000, 0x000000071d000000| Untracked 
| 233|0x000000071d200000, 0x000000071d400000, 0x000000071d400000|100%| O|  |TAMS 0x000000071d200000, 0x000000071d200000| Untracked 
| 234|0x000000071d400000, 0x000000071d600000, 0x000000071d600000|100%| O|  |TAMS 0x000000071d400000, 0x000000071d400000| Untracked 
| 235|0x000000071d600000, 0x000000071d800000, 0x000000071d800000|100%| O|  |TAMS 0x000000071d600000, 0x000000071d600000| Untracked 
| 236|0x000000071d800000, 0x000000071da00000, 0x000000071da00000|100%| O|  |TAMS 0x000000071d800000, 0x000000071d800000| Untracked 
| 237|0x000000071da00000, 0x000000071dc00000, 0x000000071dc00000|100%| O|  |TAMS 0x000000071da00000, 0x000000071da00000| Untracked 
| 238|0x000000071dc00000, 0x000000071de00000, 0x000000071de00000|100%| O|  |TAMS 0x000000071dc00000, 0x000000071dc00000| Untracked 
| 239|0x000000071de00000, 0x000000071e000000, 0x000000071e000000|100%| O|  |TAMS 0x000000071de00000, 0x000000071de00000| Untracked 
| 240|0x000000071e000000, 0x000000071e200000, 0x000000071e200000|100%| O|  |TAMS 0x000000071e000000, 0x000000071e000000| Untracked 
| 241|0x000000071e200000, 0x000000071e400000, 0x000000071e400000|100%| O|  |TAMS 0x000000071e200000, 0x000000071e200000| Untracked 
| 242|0x000000071e400000, 0x000000071e600000, 0x000000071e600000|100%| O|  |TAMS 0x000000071e400000, 0x000000071e400000| Untracked 
| 243|0x000000071e600000, 0x000000071e800000, 0x000000071e800000|100%| O|  |TAMS 0x000000071e600000, 0x000000071e600000| Untracked 
| 244|0x000000071e800000, 0x000000071ea00000, 0x000000071ea00000|100%| O|  |TAMS 0x000000071e800000, 0x000000071e800000| Untracked 
| 245|0x000000071ea00000, 0x000000071ec00000, 0x000000071ec00000|100%| O|  |TAMS 0x000000071ea00000, 0x000000071ea00000| Untracked 
| 246|0x000000071ec00000, 0x000000071ee00000, 0x000000071ee00000|100%| O|  |TAMS 0x000000071ec00000, 0x000000071ec00000| Untracked 
| 247|0x000000071ee00000, 0x000000071f000000, 0x000000071f000000|100%| O|  |TAMS 0x000000071ee00000, 0x000000071ee00000| Untracked 
| 248|0x000000071f000000, 0x000000071f200000, 0x000000071f200000|100%| O|  |TAMS 0x000000071f000000, 0x000000071f000000| Untracked 
| 249|0x000000071f200000, 0x000000071f400000, 0x000000071f400000|100%| O|  |TAMS 0x000000071f200000, 0x000000071f200000| Untracked 
| 250|0x000000071f400000, 0x000000071f600000, 0x000000071f600000|100%| O|  |TAMS 0x000000071f400000, 0x000000071f400000| Untracked 
| 251|0x000000071f600000, 0x000000071f800000, 0x000000071f800000|100%| O|  |TAMS 0x000000071f600000, 0x000000071f600000| Untracked 
| 252|0x000000071f800000, 0x000000071fa00000, 0x000000071fa00000|100%| O|  |TAMS 0x000000071f800000, 0x000000071f800000| Untracked 
| 253|0x000000071fa00000, 0x000000071fc00000, 0x000000071fc00000|100%| O|  |TAMS 0x000000071fa00000, 0x000000071fa00000| Untracked 
| 254|0x000000071fc00000, 0x000000071fe00000, 0x000000071fe00000|100%| O|  |TAMS 0x000000071fc00000, 0x000000071fc00000| Untracked 
| 255|0x000000071fe00000, 0x0000000720000000, 0x0000000720000000|100%| O|  |TAMS 0x000000071fe00000, 0x000000071fe00000| Untracked 
| 256|0x0000000720000000, 0x0000000720200000, 0x0000000720200000|100%| O|  |TAMS 0x0000000720000000, 0x0000000720000000| Untracked 
| 257|0x0000000720200000, 0x0000000720400000, 0x0000000720400000|100%| O|  |TAMS 0x0000000720200000, 0x0000000720200000| Untracked 
| 258|0x0000000720400000, 0x0000000720600000, 0x0000000720600000|100%| O|  |TAMS 0x0000000720400000, 0x0000000720400000| Untracked 
| 259|0x0000000720600000, 0x0000000720800000, 0x0000000720800000|100%| O|  |TAMS 0x0000000720600000, 0x0000000720600000| Untracked 
| 260|0x0000000720800000, 0x0000000720a00000, 0x0000000720a00000|100%| O|  |TAMS 0x0000000720800000, 0x0000000720800000| Untracked 
| 261|0x0000000720a00000, 0x0000000720c00000, 0x0000000720c00000|100%| O|  |TAMS 0x0000000720a00000, 0x0000000720a00000| Untracked 
| 262|0x0000000720c00000, 0x0000000720e00000, 0x0000000720e00000|100%| O|  |TAMS 0x0000000720c00000, 0x0000000720c00000| Untracked 
| 263|0x0000000720e00000, 0x0000000721000000, 0x0000000721000000|100%| O|  |TAMS 0x0000000720e00000, 0x0000000720e00000| Untracked 
| 264|0x0000000721000000, 0x0000000721200000, 0x0000000721200000|100%| O|  |TAMS 0x0000000721000000, 0x0000000721000000| Untracked 
| 265|0x0000000721200000, 0x0000000721400000, 0x0000000721400000|100%| O|  |TAMS 0x0000000721200000, 0x0000000721200000| Untracked 
| 266|0x0000000721400000, 0x0000000721600000, 0x0000000721600000|100%| O|  |TAMS 0x0000000721400000, 0x0000000721400000| Untracked 
| 267|0x0000000721600000, 0x0000000721800000, 0x0000000721800000|100%| O|  |TAMS 0x0000000721600000, 0x0000000721600000| Untracked 
| 268|0x0000000721800000, 0x0000000721927800, 0x0000000721a00000| 57%| O|  |TAMS 0x0000000721800000, 0x0000000721800000| Untracked 
| 269|0x0000000721a00000, 0x0000000721a00000, 0x0000000721c00000|  0%| F|  |TAMS 0x0000000721a00000, 0x0000000721a00000| Untracked 
| 270|0x0000000721c00000, 0x0000000721c00000, 0x0000000721e00000|  0%| F|  |TAMS 0x0000000721c00000, 0x0000000721c00000| Untracked 
| 271|0x0000000721e00000, 0x0000000721e00000, 0x0000000722000000|  0%| F|  |TAMS 0x0000000721e00000, 0x0000000721e00000| Untracked 
| 272|0x0000000722000000, 0x0000000722000000, 0x0000000722200000|  0%| F|  |TAMS 0x0000000722000000, 0x0000000722000000| Untracked 
| 273|0x0000000722200000, 0x0000000722200000, 0x0000000722400000|  0%| F|  |TAMS 0x0000000722200000, 0x0000000722200000| Untracked 
| 274|0x0000000722400000, 0x0000000722400000, 0x0000000722600000|  0%| F|  |TAMS 0x0000000722400000, 0x0000000722400000| Untracked 
| 275|0x0000000722600000, 0x0000000722600000, 0x0000000722800000|  0%| F|  |TAMS 0x0000000722600000, 0x0000000722600000| Untracked 
| 276|0x0000000722800000, 0x0000000722800000, 0x0000000722a00000|  0%| F|  |TAMS 0x0000000722800000, 0x0000000722800000| Untracked 
| 277|0x0000000722a00000, 0x0000000722a00000, 0x0000000722c00000|  0%| F|  |TAMS 0x0000000722a00000, 0x0000000722a00000| Untracked 
| 278|0x0000000722c00000, 0x0000000722c00000, 0x0000000722e00000|  0%| F|  |TAMS 0x0000000722c00000, 0x0000000722c00000| Untracked 
| 279|0x0000000722e00000, 0x0000000722e00000, 0x0000000723000000|  0%| F|  |TAMS 0x0000000722e00000, 0x0000000722e00000| Untracked 
| 280|0x0000000723000000, 0x0000000723000000, 0x0000000723200000|  0%| F|  |TAMS 0x0000000723000000, 0x0000000723000000| Untracked 
| 281|0x0000000723200000, 0x0000000723200000, 0x0000000723400000|  0%| F|  |TAMS 0x0000000723200000, 0x0000000723200000| Untracked 
| 282|0x0000000723400000, 0x0000000723400000, 0x0000000723600000|  0%| F|  |TAMS 0x0000000723400000, 0x0000000723400000| Untracked 
| 283|0x0000000723600000, 0x0000000723600000, 0x0000000723800000|  0%| F|  |TAMS 0x0000000723600000, 0x0000000723600000| Untracked 
| 284|0x0000000723800000, 0x0000000723800000, 0x0000000723a00000|  0%| F|  |TAMS 0x0000000723800000, 0x0000000723800000| Untracked 
| 285|0x0000000723a00000, 0x0000000723a00000, 0x0000000723c00000|  0%| F|  |TAMS 0x0000000723a00000, 0x0000000723a00000| Untracked 
| 286|0x0000000723c00000, 0x0000000723c00000, 0x0000000723e00000|  0%| F|  |TAMS 0x0000000723c00000, 0x0000000723c00000| Untracked 
| 287|0x0000000723e00000, 0x0000000723e00000, 0x0000000724000000|  0%| F|  |TAMS 0x0000000723e00000, 0x0000000723e00000| Untracked 
| 288|0x0000000724000000, 0x0000000724000000, 0x0000000724200000|  0%| F|  |TAMS 0x0000000724000000, 0x0000000724000000| Untracked 
| 289|0x0000000724200000, 0x0000000724200000, 0x0000000724400000|  0%| F|  |TAMS 0x0000000724200000, 0x0000000724200000| Untracked 
| 290|0x0000000724400000, 0x0000000724400000, 0x0000000724600000|  0%| F|  |TAMS 0x0000000724400000, 0x0000000724400000| Untracked 
| 291|0x0000000724600000, 0x0000000724600000, 0x0000000724800000|  0%| F|  |TAMS 0x0000000724600000, 0x0000000724600000| Untracked 
| 292|0x0000000724800000, 0x0000000724800000, 0x0000000724a00000|  0%| F|  |TAMS 0x0000000724800000, 0x0000000724800000| Untracked 
| 293|0x0000000724a00000, 0x0000000724a00000, 0x0000000724c00000|  0%| F|  |TAMS 0x0000000724a00000, 0x0000000724a00000| Untracked 
| 294|0x0000000724c00000, 0x0000000724c00000, 0x0000000724e00000|  0%| F|  |TAMS 0x0000000724c00000, 0x0000000724c00000| Untracked 
| 295|0x0000000724e00000, 0x0000000724e00000, 0x0000000725000000|  0%| F|  |TAMS 0x0000000724e00000, 0x0000000724e00000| Untracked 
| 296|0x0000000725000000, 0x0000000725000000, 0x0000000725200000|  0%| F|  |TAMS 0x0000000725000000, 0x0000000725000000| Untracked 
| 297|0x0000000725200000, 0x0000000725200000, 0x0000000725400000|  0%| F|  |TAMS 0x0000000725200000, 0x0000000725200000| Untracked 
| 298|0x0000000725400000, 0x0000000725400000, 0x0000000725600000|  0%| F|  |TAMS 0x0000000725400000, 0x0000000725400000| Untracked 
| 299|0x0000000725600000, 0x0000000725600000, 0x0000000725800000|  0%| F|  |TAMS 0x0000000725600000, 0x0000000725600000| Untracked 
| 300|0x0000000725800000, 0x0000000725800000, 0x0000000725a00000|  0%| F|  |TAMS 0x0000000725800000, 0x0000000725800000| Untracked 
| 301|0x0000000725a00000, 0x0000000725a00000, 0x0000000725c00000|  0%| F|  |TAMS 0x0000000725a00000, 0x0000000725a00000| Untracked 
| 302|0x0000000725c00000, 0x0000000725c00000, 0x0000000725e00000|  0%| F|  |TAMS 0x0000000725c00000, 0x0000000725c00000| Untracked 
| 303|0x0000000725e00000, 0x0000000725e00000, 0x0000000726000000|  0%| F|  |TAMS 0x0000000725e00000, 0x0000000725e00000| Untracked 
| 304|0x0000000726000000, 0x0000000726000000, 0x0000000726200000|  0%| F|  |TAMS 0x0000000726000000, 0x0000000726000000| Untracked 
| 305|0x0000000726200000, 0x0000000726200000, 0x0000000726400000|  0%| F|  |TAMS 0x0000000726200000, 0x0000000726200000| Untracked 
| 306|0x0000000726400000, 0x0000000726400000, 0x0000000726600000|  0%| F|  |TAMS 0x0000000726400000, 0x0000000726400000| Untracked 
| 307|0x0000000726600000, 0x0000000726600000, 0x0000000726800000|  0%| F|  |TAMS 0x0000000726600000, 0x0000000726600000| Untracked 
| 308|0x0000000726800000, 0x0000000726800000, 0x0000000726a00000|  0%| F|  |TAMS 0x0000000726800000, 0x0000000726800000| Untracked 
| 309|0x0000000726a00000, 0x0000000726a00000, 0x0000000726c00000|  0%| F|  |TAMS 0x0000000726a00000, 0x0000000726a00000| Untracked 
| 310|0x0000000726c00000, 0x0000000726c00000, 0x0000000726e00000|  0%| F|  |TAMS 0x0000000726c00000, 0x0000000726c00000| Untracked 
| 311|0x0000000726e00000, 0x0000000726e00000, 0x0000000727000000|  0%| F|  |TAMS 0x0000000726e00000, 0x0000000726e00000| Untracked 
| 312|0x0000000727000000, 0x0000000727000000, 0x0000000727200000|  0%| F|  |TAMS 0x0000000727000000, 0x0000000727000000| Untracked 
| 313|0x0000000727200000, 0x0000000727200000, 0x0000000727400000|  0%| F|  |TAMS 0x0000000727200000, 0x0000000727200000| Untracked 
| 314|0x0000000727400000, 0x0000000727400000, 0x0000000727600000|  0%| F|  |TAMS 0x0000000727400000, 0x0000000727400000| Untracked 
| 315|0x0000000727600000, 0x0000000727600000, 0x0000000727800000|  0%| F|  |TAMS 0x0000000727600000, 0x0000000727600000| Untracked 
| 316|0x0000000727800000, 0x0000000727800000, 0x0000000727a00000|  0%| F|  |TAMS 0x0000000727800000, 0x0000000727800000| Untracked 
| 317|0x0000000727a00000, 0x0000000727a00000, 0x0000000727c00000|  0%| F|  |TAMS 0x0000000727a00000, 0x0000000727a00000| Untracked 
| 318|0x0000000727c00000, 0x0000000727c00000, 0x0000000727e00000|  0%| F|  |TAMS 0x0000000727c00000, 0x0000000727c00000| Untracked 
| 319|0x0000000727e00000, 0x0000000727e00000, 0x0000000728000000|  0%| F|  |TAMS 0x0000000727e00000, 0x0000000727e00000| Untracked 
| 320|0x0000000728000000, 0x0000000728000000, 0x0000000728200000|  0%| F|  |TAMS 0x0000000728000000, 0x0000000728000000| Untracked 
| 321|0x0000000728200000, 0x0000000728267b78, 0x0000000728400000| 20%| S|CS|TAMS 0x0000000728200000, 0x0000000728200000| Complete 
| 322|0x0000000728400000, 0x0000000728600000, 0x0000000728600000|100%| S|CS|TAMS 0x0000000728400000, 0x0000000728400000| Complete 
| 323|0x0000000728600000, 0x0000000728600000, 0x0000000728800000|  0%| F|  |TAMS 0x0000000728600000, 0x0000000728600000| Untracked 
| 324|0x0000000728800000, 0x0000000728800000, 0x0000000728a00000|  0%| F|  |TAMS 0x0000000728800000, 0x0000000728800000| Untracked 
| 325|0x0000000728a00000, 0x0000000728a00000, 0x0000000728c00000|  0%| F|  |TAMS 0x0000000728a00000, 0x0000000728a00000| Untracked 
| 326|0x0000000728c00000, 0x0000000728c00000, 0x0000000728e00000|  0%| F|  |TAMS 0x0000000728c00000, 0x0000000728c00000| Untracked 
| 327|0x0000000728e00000, 0x0000000729000000, 0x0000000729000000|100%| S|CS|TAMS 0x0000000728e00000, 0x0000000728e00000| Complete 
| 328|0x0000000729000000, 0x0000000729200000, 0x0000000729200000|100%| S|CS|TAMS 0x0000000729000000, 0x0000000729000000| Complete 
| 329|0x0000000729200000, 0x0000000729400000, 0x0000000729400000|100%| S|CS|TAMS 0x0000000729200000, 0x0000000729200000| Complete 
| 330|0x0000000729400000, 0x0000000729400000, 0x0000000729600000|  0%| F|  |TAMS 0x0000000729400000, 0x0000000729400000| Untracked 
| 331|0x0000000729600000, 0x0000000729600000, 0x0000000729800000|  0%| F|  |TAMS 0x0000000729600000, 0x0000000729600000| Untracked 
| 332|0x0000000729800000, 0x0000000729800000, 0x0000000729a00000|  0%| F|  |TAMS 0x0000000729800000, 0x0000000729800000| Untracked 
| 333|0x0000000729a00000, 0x0000000729a00000, 0x0000000729c00000|  0%| F|  |TAMS 0x0000000729a00000, 0x0000000729a00000| Untracked 
| 334|0x0000000729c00000, 0x0000000729c00000, 0x0000000729e00000|  0%| F|  |TAMS 0x0000000729c00000, 0x0000000729c00000| Untracked 
| 335|0x0000000729e00000, 0x0000000729e00000, 0x000000072a000000|  0%| F|  |TAMS 0x0000000729e00000, 0x0000000729e00000| Untracked 
| 336|0x000000072a000000, 0x000000072a000000, 0x000000072a200000|  0%| F|  |TAMS 0x000000072a000000, 0x000000072a000000| Untracked 
| 337|0x000000072a200000, 0x000000072a200000, 0x000000072a400000|  0%| F|  |TAMS 0x000000072a200000, 0x000000072a200000| Untracked 
| 338|0x000000072a400000, 0x000000072a400000, 0x000000072a600000|  0%| F|  |TAMS 0x000000072a400000, 0x000000072a400000| Untracked 
| 339|0x000000072a600000, 0x000000072a600000, 0x000000072a800000|  0%| F|  |TAMS 0x000000072a600000, 0x000000072a600000| Untracked 
| 340|0x000000072a800000, 0x000000072a800000, 0x000000072aa00000|  0%| F|  |TAMS 0x000000072a800000, 0x000000072a800000| Untracked 
| 341|0x000000072aa00000, 0x000000072aa00000, 0x000000072ac00000|  0%| F|  |TAMS 0x000000072aa00000, 0x000000072aa00000| Untracked 
| 342|0x000000072ac00000, 0x000000072ac00000, 0x000000072ae00000|  0%| F|  |TAMS 0x000000072ac00000, 0x000000072ac00000| Untracked 
| 343|0x000000072ae00000, 0x000000072ae00000, 0x000000072b000000|  0%| F|  |TAMS 0x000000072ae00000, 0x000000072ae00000| Untracked 
| 344|0x000000072b000000, 0x000000072b000000, 0x000000072b200000|  0%| F|  |TAMS 0x000000072b000000, 0x000000072b000000| Untracked 
| 345|0x000000072b200000, 0x000000072b200000, 0x000000072b400000|  0%| F|  |TAMS 0x000000072b200000, 0x000000072b200000| Untracked 
| 346|0x000000072b400000, 0x000000072b400000, 0x000000072b600000|  0%| F|  |TAMS 0x000000072b400000, 0x000000072b400000| Untracked 
| 347|0x000000072b600000, 0x000000072b600000, 0x000000072b800000|  0%| F|  |TAMS 0x000000072b600000, 0x000000072b600000| Untracked 
| 348|0x000000072b800000, 0x000000072b800000, 0x000000072ba00000|  0%| F|  |TAMS 0x000000072b800000, 0x000000072b800000| Untracked 
| 349|0x000000072ba00000, 0x000000072ba00000, 0x000000072bc00000|  0%| F|  |TAMS 0x000000072ba00000, 0x000000072ba00000| Untracked 
| 350|0x000000072bc00000, 0x000000072bc00000, 0x000000072be00000|  0%| F|  |TAMS 0x000000072bc00000, 0x000000072bc00000| Untracked 
| 351|0x000000072be00000, 0x000000072be00000, 0x000000072c000000|  0%| F|  |TAMS 0x000000072be00000, 0x000000072be00000| Untracked 
| 352|0x000000072c000000, 0x000000072c000000, 0x000000072c200000|  0%| F|  |TAMS 0x000000072c000000, 0x000000072c000000| Untracked 
| 353|0x000000072c200000, 0x000000072c200000, 0x000000072c400000|  0%| F|  |TAMS 0x000000072c200000, 0x000000072c200000| Untracked 
| 354|0x000000072c400000, 0x000000072c400000, 0x000000072c600000|  0%| F|  |TAMS 0x000000072c400000, 0x000000072c400000| Untracked 
| 355|0x000000072c600000, 0x000000072c600000, 0x000000072c800000|  0%| F|  |TAMS 0x000000072c600000, 0x000000072c600000| Untracked 
| 356|0x000000072c800000, 0x000000072c800000, 0x000000072ca00000|  0%| F|  |TAMS 0x000000072c800000, 0x000000072c800000| Untracked 
| 357|0x000000072ca00000, 0x000000072ca00000, 0x000000072cc00000|  0%| F|  |TAMS 0x000000072ca00000, 0x000000072ca00000| Untracked 
| 358|0x000000072cc00000, 0x000000072cc00000, 0x000000072ce00000|  0%| F|  |TAMS 0x000000072cc00000, 0x000000072cc00000| Untracked 
| 359|0x000000072ce00000, 0x000000072ce00000, 0x000000072d000000|  0%| F|  |TAMS 0x000000072ce00000, 0x000000072ce00000| Untracked 
| 360|0x000000072d000000, 0x000000072d000000, 0x000000072d200000|  0%| F|  |TAMS 0x000000072d000000, 0x000000072d000000| Untracked 
| 361|0x000000072d200000, 0x000000072d200000, 0x000000072d400000|  0%| F|  |TAMS 0x000000072d200000, 0x000000072d200000| Untracked 
| 362|0x000000072d400000, 0x000000072d400000, 0x000000072d600000|  0%| F|  |TAMS 0x000000072d400000, 0x000000072d400000| Untracked 
| 363|0x000000072d600000, 0x000000072d600000, 0x000000072d800000|  0%| F|  |TAMS 0x000000072d600000, 0x000000072d600000| Untracked 
| 364|0x000000072d800000, 0x000000072d800000, 0x000000072da00000|  0%| F|  |TAMS 0x000000072d800000, 0x000000072d800000| Untracked 
| 365|0x000000072da00000, 0x000000072da00000, 0x000000072dc00000|  0%| F|  |TAMS 0x000000072da00000, 0x000000072da00000| Untracked 
| 366|0x000000072dc00000, 0x000000072dc00000, 0x000000072de00000|  0%| F|  |TAMS 0x000000072dc00000, 0x000000072dc00000| Untracked 
| 367|0x000000072de00000, 0x000000072de00000, 0x000000072e000000|  0%| F|  |TAMS 0x000000072de00000, 0x000000072de00000| Untracked 
| 368|0x000000072e000000, 0x000000072e000000, 0x000000072e200000|  0%| F|  |TAMS 0x000000072e000000, 0x000000072e000000| Untracked 
| 369|0x000000072e200000, 0x000000072e200000, 0x000000072e400000|  0%| F|  |TAMS 0x000000072e200000, 0x000000072e200000| Untracked 
| 370|0x000000072e400000, 0x000000072e400000, 0x000000072e600000|  0%| F|  |TAMS 0x000000072e400000, 0x000000072e400000| Untracked 
| 371|0x000000072e600000, 0x000000072e600000, 0x000000072e800000|  0%| F|  |TAMS 0x000000072e600000, 0x000000072e600000| Untracked 
| 372|0x000000072e800000, 0x000000072e800000, 0x000000072ea00000|  0%| F|  |TAMS 0x000000072e800000, 0x000000072e800000| Untracked 
| 373|0x000000072ea00000, 0x000000072ea00000, 0x000000072ec00000|  0%| F|  |TAMS 0x000000072ea00000, 0x000000072ea00000| Untracked 
| 374|0x000000072ec00000, 0x000000072ec00000, 0x000000072ee00000|  0%| F|  |TAMS 0x000000072ec00000, 0x000000072ec00000| Untracked 
| 375|0x000000072ee00000, 0x000000072ee00000, 0x000000072f000000|  0%| F|  |TAMS 0x000000072ee00000, 0x000000072ee00000| Untracked 
| 376|0x000000072f000000, 0x000000072f000000, 0x000000072f200000|  0%| F|  |TAMS 0x000000072f000000, 0x000000072f000000| Untracked 
| 377|0x000000072f200000, 0x000000072f200000, 0x000000072f400000|  0%| F|  |TAMS 0x000000072f200000, 0x000000072f200000| Untracked 
| 378|0x000000072f400000, 0x000000072f400000, 0x000000072f600000|  0%| F|  |TAMS 0x000000072f400000, 0x000000072f400000| Untracked 
| 379|0x000000072f600000, 0x000000072f600000, 0x000000072f800000|  0%| F|  |TAMS 0x000000072f600000, 0x000000072f600000| Untracked 
| 380|0x000000072f800000, 0x000000072f800000, 0x000000072fa00000|  0%| F|  |TAMS 0x000000072f800000, 0x000000072f800000| Untracked 
| 381|0x000000072fa00000, 0x000000072fa00000, 0x000000072fc00000|  0%| F|  |TAMS 0x000000072fa00000, 0x000000072fa00000| Untracked 
| 382|0x000000072fc00000, 0x000000072fc00000, 0x000000072fe00000|  0%| F|  |TAMS 0x000000072fc00000, 0x000000072fc00000| Untracked 
| 383|0x000000072fe00000, 0x000000072fe00000, 0x0000000730000000|  0%| F|  |TAMS 0x000000072fe00000, 0x000000072fe00000| Untracked 
| 384|0x0000000730000000, 0x0000000730000000, 0x0000000730200000|  0%| F|  |TAMS 0x0000000730000000, 0x0000000730000000| Untracked 
| 385|0x0000000730200000, 0x0000000730200000, 0x0000000730400000|  0%| F|  |TAMS 0x0000000730200000, 0x0000000730200000| Untracked 
| 386|0x0000000730400000, 0x0000000730400000, 0x0000000730600000|  0%| F|  |TAMS 0x0000000730400000, 0x0000000730400000| Untracked 
| 387|0x0000000730600000, 0x0000000730600000, 0x0000000730800000|  0%| F|  |TAMS 0x0000000730600000, 0x0000000730600000| Untracked 
| 388|0x0000000730800000, 0x0000000730800000, 0x0000000730a00000|  0%| F|  |TAMS 0x0000000730800000, 0x0000000730800000| Untracked 
| 389|0x0000000730a00000, 0x0000000730a00000, 0x0000000730c00000|  0%| F|  |TAMS 0x0000000730a00000, 0x0000000730a00000| Untracked 
| 390|0x0000000730c00000, 0x0000000730c00000, 0x0000000730e00000|  0%| F|  |TAMS 0x0000000730c00000, 0x0000000730c00000| Untracked 
| 391|0x0000000730e00000, 0x0000000730e00000, 0x0000000731000000|  0%| F|  |TAMS 0x0000000730e00000, 0x0000000730e00000| Untracked 
| 392|0x0000000731000000, 0x0000000731000000, 0x0000000731200000|  0%| F|  |TAMS 0x0000000731000000, 0x0000000731000000| Untracked 
| 393|0x0000000731200000, 0x0000000731200000, 0x0000000731400000|  0%| F|  |TAMS 0x0000000731200000, 0x0000000731200000| Untracked 
| 394|0x0000000731400000, 0x0000000731400000, 0x0000000731600000|  0%| F|  |TAMS 0x0000000731400000, 0x0000000731400000| Untracked 
| 395|0x0000000731600000, 0x0000000731600000, 0x0000000731800000|  0%| F|  |TAMS 0x0000000731600000, 0x0000000731600000| Untracked 
| 396|0x0000000731800000, 0x0000000731800000, 0x0000000731a00000|  0%| F|  |TAMS 0x0000000731800000, 0x0000000731800000| Untracked 
| 397|0x0000000731a00000, 0x0000000731a00000, 0x0000000731c00000|  0%| F|  |TAMS 0x0000000731a00000, 0x0000000731a00000| Untracked 
| 398|0x0000000731c00000, 0x0000000731c00000, 0x0000000731e00000|  0%| F|  |TAMS 0x0000000731c00000, 0x0000000731c00000| Untracked 
| 399|0x0000000731e00000, 0x0000000731e00000, 0x0000000732000000|  0%| F|  |TAMS 0x0000000731e00000, 0x0000000731e00000| Untracked 
| 400|0x0000000732000000, 0x0000000732000000, 0x0000000732200000|  0%| F|  |TAMS 0x0000000732000000, 0x0000000732000000| Untracked 
| 401|0x0000000732200000, 0x0000000732200000, 0x0000000732400000|  0%| F|  |TAMS 0x0000000732200000, 0x0000000732200000| Untracked 
| 402|0x0000000732400000, 0x0000000732400000, 0x0000000732600000|  0%| F|  |TAMS 0x0000000732400000, 0x0000000732400000| Untracked 
| 403|0x0000000732600000, 0x0000000732600000, 0x0000000732800000|  0%| F|  |TAMS 0x0000000732600000, 0x0000000732600000| Untracked 
| 404|0x0000000732800000, 0x0000000732800000, 0x0000000732a00000|  0%| F|  |TAMS 0x0000000732800000, 0x0000000732800000| Untracked 
| 405|0x0000000732a00000, 0x0000000732a00000, 0x0000000732c00000|  0%| F|  |TAMS 0x0000000732a00000, 0x0000000732a00000| Untracked 
| 406|0x0000000732c00000, 0x0000000732c00000, 0x0000000732e00000|  0%| F|  |TAMS 0x0000000732c00000, 0x0000000732c00000| Untracked 
| 407|0x0000000732e00000, 0x0000000732e00000, 0x0000000733000000|  0%| F|  |TAMS 0x0000000732e00000, 0x0000000732e00000| Untracked 
| 408|0x0000000733000000, 0x0000000733000000, 0x0000000733200000|  0%| F|  |TAMS 0x0000000733000000, 0x0000000733000000| Untracked 
| 409|0x0000000733200000, 0x0000000733200000, 0x0000000733400000|  0%| F|  |TAMS 0x0000000733200000, 0x0000000733200000| Untracked 
| 410|0x0000000733400000, 0x0000000733400000, 0x0000000733600000|  0%| F|  |TAMS 0x0000000733400000, 0x0000000733400000| Untracked 
| 411|0x0000000733600000, 0x0000000733600000, 0x0000000733800000|  0%| F|  |TAMS 0x0000000733600000, 0x0000000733600000| Untracked 
| 412|0x0000000733800000, 0x0000000733800000, 0x0000000733a00000|  0%| F|  |TAMS 0x0000000733800000, 0x0000000733800000| Untracked 
| 413|0x0000000733a00000, 0x0000000733a00000, 0x0000000733c00000|  0%| F|  |TAMS 0x0000000733a00000, 0x0000000733a00000| Untracked 
| 414|0x0000000733c00000, 0x0000000733c00000, 0x0000000733e00000|  0%| F|  |TAMS 0x0000000733c00000, 0x0000000733c00000| Untracked 
| 415|0x0000000733e00000, 0x0000000733e00000, 0x0000000734000000|  0%| F|  |TAMS 0x0000000733e00000, 0x0000000733e00000| Untracked 
| 416|0x0000000734000000, 0x0000000734000000, 0x0000000734200000|  0%| F|  |TAMS 0x0000000734000000, 0x0000000734000000| Untracked 
| 417|0x0000000734200000, 0x0000000734200000, 0x0000000734400000|  0%| F|  |TAMS 0x0000000734200000, 0x0000000734200000| Untracked 
| 418|0x0000000734400000, 0x0000000734400000, 0x0000000734600000|  0%| F|  |TAMS 0x0000000734400000, 0x0000000734400000| Untracked 
| 419|0x0000000734600000, 0x0000000734600000, 0x0000000734800000|  0%| F|  |TAMS 0x0000000734600000, 0x0000000734600000| Untracked 
| 420|0x0000000734800000, 0x0000000734800000, 0x0000000734a00000|  0%| F|  |TAMS 0x0000000734800000, 0x0000000734800000| Untracked 
| 421|0x0000000734a00000, 0x0000000734a00000, 0x0000000734c00000|  0%| F|  |TAMS 0x0000000734a00000, 0x0000000734a00000| Untracked 
| 422|0x0000000734c00000, 0x0000000734c00000, 0x0000000734e00000|  0%| F|  |TAMS 0x0000000734c00000, 0x0000000734c00000| Untracked 
| 423|0x0000000734e00000, 0x0000000734e00000, 0x0000000735000000|  0%| F|  |TAMS 0x0000000734e00000, 0x0000000734e00000| Untracked 
| 424|0x0000000735000000, 0x0000000735000000, 0x0000000735200000|  0%| F|  |TAMS 0x0000000735000000, 0x0000000735000000| Untracked 
| 425|0x0000000735200000, 0x0000000735200000, 0x0000000735400000|  0%| F|  |TAMS 0x0000000735200000, 0x0000000735200000| Untracked 
| 426|0x0000000735400000, 0x0000000735400000, 0x0000000735600000|  0%| F|  |TAMS 0x0000000735400000, 0x0000000735400000| Untracked 
| 427|0x0000000735600000, 0x0000000735600000, 0x0000000735800000|  0%| F|  |TAMS 0x0000000735600000, 0x0000000735600000| Untracked 
| 428|0x0000000735800000, 0x0000000735800000, 0x0000000735a00000|  0%| F|  |TAMS 0x0000000735800000, 0x0000000735800000| Untracked 
| 429|0x0000000735a00000, 0x0000000735a00000, 0x0000000735c00000|  0%| F|  |TAMS 0x0000000735a00000, 0x0000000735a00000| Untracked 
| 430|0x0000000735c00000, 0x0000000735c00000, 0x0000000735e00000|  0%| F|  |TAMS 0x0000000735c00000, 0x0000000735c00000| Untracked 
| 431|0x0000000735e00000, 0x0000000735e00000, 0x0000000736000000|  0%| F|  |TAMS 0x0000000735e00000, 0x0000000735e00000| Untracked 
| 432|0x0000000736000000, 0x0000000736000000, 0x0000000736200000|  0%| F|  |TAMS 0x0000000736000000, 0x0000000736000000| Untracked 
| 433|0x0000000736200000, 0x0000000736200000, 0x0000000736400000|  0%| F|  |TAMS 0x0000000736200000, 0x0000000736200000| Untracked 
| 434|0x0000000736400000, 0x0000000736400000, 0x0000000736600000|  0%| F|  |TAMS 0x0000000736400000, 0x0000000736400000| Untracked 
| 435|0x0000000736600000, 0x0000000736600000, 0x0000000736800000|  0%| F|  |TAMS 0x0000000736600000, 0x0000000736600000| Untracked 
| 436|0x0000000736800000, 0x0000000736800000, 0x0000000736a00000|  0%| F|  |TAMS 0x0000000736800000, 0x0000000736800000| Untracked 
| 437|0x0000000736a00000, 0x0000000736a00000, 0x0000000736c00000|  0%| F|  |TAMS 0x0000000736a00000, 0x0000000736a00000| Untracked 
| 438|0x0000000736c00000, 0x0000000736c00000, 0x0000000736e00000|  0%| F|  |TAMS 0x0000000736c00000, 0x0000000736c00000| Untracked 
| 439|0x0000000736e00000, 0x0000000736e00000, 0x0000000737000000|  0%| F|  |TAMS 0x0000000736e00000, 0x0000000736e00000| Untracked 
| 440|0x0000000737000000, 0x0000000737000000, 0x0000000737200000|  0%| F|  |TAMS 0x0000000737000000, 0x0000000737000000| Untracked 
| 441|0x0000000737200000, 0x0000000737200000, 0x0000000737400000|  0%| F|  |TAMS 0x0000000737200000, 0x0000000737200000| Untracked 
| 442|0x0000000737400000, 0x0000000737400000, 0x0000000737600000|  0%| F|  |TAMS 0x0000000737400000, 0x0000000737400000| Untracked 
| 443|0x0000000737600000, 0x0000000737600000, 0x0000000737800000|  0%| F|  |TAMS 0x0000000737600000, 0x0000000737600000| Untracked 
| 444|0x0000000737800000, 0x0000000737800000, 0x0000000737a00000|  0%| F|  |TAMS 0x0000000737800000, 0x0000000737800000| Untracked 
| 445|0x0000000737a00000, 0x0000000737a00000, 0x0000000737c00000|  0%| F|  |TAMS 0x0000000737a00000, 0x0000000737a00000| Untracked 
| 446|0x0000000737c00000, 0x0000000737c00000, 0x0000000737e00000|  0%| F|  |TAMS 0x0000000737c00000, 0x0000000737c00000| Untracked 

Card table byte_map: [0x00000206aa690000,0x00000206aae90000] _byte_map_base: 0x00000206a6e90000

Marking Bits (Prev, Next): (CMBitMap*) 0x0000020693311da0, (CMBitMap*) 0x0000020693311de0
 Prev Bits: [0x00000206ab690000, 0x00000206af690000)
 Next Bits: [0x00000206af690000, 0x00000206b3690000)

Polling page: 0x00000206911e0000

Metaspace:

Usage:
  Non-class:    157.17 MB used.
      Class:     23.45 MB used.
       Both:    180.62 MB used.

Virtual space:
  Non-class space:      192.00 MB reserved,     158.31 MB ( 82%) committed,  3 nodes.
      Class space:      416.00 MB reserved,      24.50 MB (  6%) committed,  1 nodes.
             Both:      608.00 MB reserved,     182.81 MB ( 30%) committed. 

Chunk freelists:
   Non-Class:  1.52 MB
       Class:  7.32 MB
        Both:  8.83 MB

MaxMetaspaceSize: 512.00 MB
CompressedClassSpaceSize: 416.00 MB
Initial GC threshold: 21.00 MB
Current GC threshold: 197.12 MB
CDS: on
MetaspaceReclaimPolicy: balanced
 - commit_granule_bytes: 65536.
 - commit_granule_words: 8192.
 - virtual_space_node_default_size: 8388608.
 - enlarge_chunks_in_place: 1.
 - new_chunks_are_fully_committed: 0.
 - uncommit_free_chunks: 1.
 - use_allocation_guard: 0.
 - handle_deallocations: 1.


Internal statistics:

num_allocs_failed_limit: 12.
num_arena_births: 3632.
num_arena_deaths: 0.
num_vsnodes_births: 4.
num_vsnodes_deaths: 0.
num_space_committed: 2923.
num_space_uncommitted: 0.
num_chunks_returned_to_freelist: 12.
num_chunks_taken_from_freelist: 12209.
num_chunk_merges: 12.
num_chunk_splits: 7779.
num_chunks_enlarged: 4747.
num_inconsistent_stats: 0.

CodeHeap 'non-profiled nmethods': size=120000Kb used=38279Kb max_used=38279Kb free=81720Kb
 bounds [0x00000206a2630000, 0x00000206a4ba0000, 0x00000206a9b60000]
CodeHeap 'profiled nmethods': size=120000Kb used=64894Kb max_used=70364Kb free=55105Kb
 bounds [0x000002069ab60000, 0x000002069f050000, 0x00000206a2090000]
CodeHeap 'non-nmethods': size=5760Kb used=2608Kb max_used=2761Kb free=3151Kb
 bounds [0x00000206a2090000, 0x00000206a2360000, 0x00000206a2630000]
 total_blobs=34552 nmethods=33379 adapters=1083
 compilation: enabled
              stopped_count=0, restarted_count=0
 full_count=0

Compilation events (20 events):
Event: 373.340 Thread 0x00000206dc724060 nmethod 46644 0x00000206a4b8de10 code [0x00000206a4b8e0a0, 0x00000206a4b8f600]
Event: 373.341 Thread 0x00000206dc724060 46615       4       com.android.tools.r8.internal.X8::<init> (57 bytes)
Event: 373.343 Thread 0x00000206b5dee2d0 46702       3       com.android.tools.r8.internal.Fb::B (18 bytes)
Event: 373.343 Thread 0x00000206b5dee2d0 nmethod 46702 0x000002069e8c8a90 code [0x000002069e8c8c20, 0x000002069e8c8db8]
Event: 373.345 Thread 0x00000206dc724060 nmethod 46615 0x00000206a4b90810 code [0x00000206a4b90980, 0x00000206a4b90bd8]
Event: 373.345 Thread 0x00000206dc724060 46624       4       com.android.tools.r8.internal.Z5$$Lambda$4354/0x00000206b9777d40::iterator (12 bytes)
Event: 373.352 Thread 0x00000206dc724060 nmethod 46624 0x00000206a4b90c90 code [0x00000206a4b90e20, 0x00000206a4b911f8]
Event: 373.352 Thread 0x00000206b5dee2d0 46703       1       com.android.tools.r8.internal.z20::D (2 bytes)
Event: 373.352 Thread 0x00000206dc724060 46604       4       com.android.tools.r8.graph.s4::b (142 bytes)
Event: 373.352 Thread 0x00000206b5dee2d0 nmethod 46703 0x00000206a4b91390 code [0x00000206a4b91520, 0x00000206a4b915f8]
Event: 373.354 Thread 0x00000206dc724060 nmethod 46604 0x00000206a4b91690 code [0x00000206a4b91820, 0x00000206a4b919b8]
Event: 373.355 Thread 0x00000206dc724060 46621       4       com.android.tools.r8.internal.PY::a (18 bytes)
Event: 373.355 Thread 0x00000206dc724060 nmethod 46621 0x00000206a4b91a90 code [0x00000206a4b91c00, 0x00000206a4b91c98]
Event: 373.356 Thread 0x00000206dc724060 46625       4       com.android.tools.r8.graph.F0$$Lambda$4554/0x00000206b97d5730::accept (20 bytes)
Event: 373.382 Thread 0x00000206b5dee2d0 46704       3       com.android.tools.r8.internal.wB::a (629 bytes)
Event: 373.389 Thread 0x00000206b5dee2d0 nmethod 46704 0x000002069e798610 code [0x000002069e798ba0, 0x000002069e79bbf8]
Event: 373.412 Thread 0x00000206b5dee2d0 46706       3       com.android.tools.r8.internal.xH::contains (201 bytes)
Event: 373.413 Thread 0x00000206b5dee2d0 nmethod 46706 0x000002069b8fee10 code [0x000002069b8ff0a0, 0x000002069b8fff98]
Event: 373.427 Thread 0x00000206b5dee2d0 46707       3       com.android.tools.r8.internal.by0::e (34 bytes)
Event: 373.429 Thread 0x00000206b5dee2d0 nmethod 46707 0x000002069bdb0290 code [0x000002069bdb0480, 0x000002069bdb0978]

GC Heap History (20 events):
Event: 360.430 GC heap after
{Heap after GC invocations=135 (full 0):
 garbage-first heap   total 915456K, used 504832K [0x0000000700000000, 0x0000000800000000)
  region size 2048K, 5 young (10240K), 5 survivors (10240K)
 Metaspace       used 184896K, committed 187136K, reserved 622592K
  class space    used 24004K, committed 25088K, reserved 425984K
}
Event: 362.585 GC heap before
{Heap before GC invocations=135 (full 0):
 garbage-first heap   total 915456K, used 805888K [0x0000000700000000, 0x0000000800000000)
  region size 2048K, 152 young (311296K), 5 survivors (10240K)
 Metaspace       used 184896K, committed 187136K, reserved 622592K
  class space    used 24004K, committed 25088K, reserved 425984K
}
Event: 362.609 GC heap after
{Heap after GC invocations=136 (full 0):
 garbage-first heap   total 915456K, used 506049K [0x0000000700000000, 0x0000000800000000)
  region size 2048K, 6 young (12288K), 6 survivors (12288K)
 Metaspace       used 184896K, committed 187136K, reserved 622592K
  class space    used 24004K, committed 25088K, reserved 425984K
}
Event: 364.257 GC heap before
{Heap before GC invocations=136 (full 0):
 garbage-first heap   total 915456K, used 807105K [0x0000000700000000, 0x0000000800000000)
  region size 2048K, 153 young (313344K), 6 survivors (12288K)
 Metaspace       used 184899K, committed 187136K, reserved 622592K
  class space    used 24005K, committed 25088K, reserved 425984K
}
Event: 364.277 GC heap after
{Heap after GC invocations=137 (full 0):
 garbage-first heap   total 915456K, used 507225K [0x0000000700000000, 0x0000000800000000)
  region size 2048K, 6 young (12288K), 6 survivors (12288K)
 Metaspace       used 184899K, committed 187136K, reserved 622592K
  class space    used 24005K, committed 25088K, reserved 425984K
}
Event: 367.035 GC heap before
{Heap before GC invocations=137 (full 0):
 garbage-first heap   total 915456K, used 812377K [0x0000000700000000, 0x0000000800000000)
  region size 2048K, 154 young (315392K), 6 survivors (12288K)
 Metaspace       used 184924K, committed 187200K, reserved 622592K
  class space    used 24008K, committed 25088K, reserved 425984K
}
Event: 367.057 GC heap after
{Heap after GC invocations=138 (full 0):
 garbage-first heap   total 915456K, used 508637K [0x0000000700000000, 0x0000000800000000)
  region size 2048K, 7 young (14336K), 7 survivors (14336K)
 Metaspace       used 184924K, committed 187200K, reserved 622592K
  class space    used 24008K, committed 25088K, reserved 425984K
}
Event: 369.034 GC heap before
{Heap before GC invocations=138 (full 0):
 garbage-first heap   total 915456K, used 805597K [0x0000000700000000, 0x0000000800000000)
  region size 2048K, 153 young (313344K), 7 survivors (14336K)
 Metaspace       used 184936K, committed 187200K, reserved 622592K
  class space    used 24009K, committed 25088K, reserved 425984K
}
Event: 369.074 GC heap after
{Heap after GC invocations=139 (full 0):
 garbage-first heap   total 915456K, used 526038K [0x0000000700000000, 0x0000000800000000)
  region size 2048K, 15 young (30720K), 15 survivors (30720K)
 Metaspace       used 184936K, committed 187200K, reserved 622592K
  class space    used 24009K, committed 25088K, reserved 425984K
}
Event: 369.768 GC heap before
{Heap before GC invocations=139 (full 0):
 garbage-first heap   total 915456K, used 790230K [0x0000000700000000, 0x0000000800000000)
  region size 2048K, 145 young (296960K), 15 survivors (30720K)
 Metaspace       used 184940K, committed 187200K, reserved 622592K
  class space    used 24009K, committed 25088K, reserved 425984K
}
Event: 369.936 GC heap after
{Heap after GC invocations=140 (full 0):
 garbage-first heap   total 915456K, used 546870K [0x0000000700000000, 0x0000000800000000)
  region size 2048K, 19 young (38912K), 19 survivors (38912K)
 Metaspace       used 184940K, committed 187200K, reserved 622592K
  class space    used 24009K, committed 25088K, reserved 425984K
}
Event: 370.800 GC heap before
{Heap before GC invocations=140 (full 0):
 garbage-first heap   total 915456K, used 778294K [0x0000000700000000, 0x0000000800000000)
  region size 2048K, 132 young (270336K), 19 survivors (38912K)
 Metaspace       used 184945K, committed 187200K, reserved 622592K
  class space    used 24010K, committed 25088K, reserved 425984K
}
Event: 370.894 GC heap after
{Heap after GC invocations=141 (full 0):
 garbage-first heap   total 915456K, used 554576K [0x0000000700000000, 0x0000000800000000)
  region size 2048K, 7 young (14336K), 7 survivors (14336K)
 Metaspace       used 184945K, committed 187200K, reserved 622592K
  class space    used 24010K, committed 25088K, reserved 425984K
}
Event: 371.562 GC heap before
{Heap before GC invocations=141 (full 0):
 garbage-first heap   total 915456K, used 781904K [0x0000000700000000, 0x0000000800000000)
  region size 2048K, 118 young (241664K), 7 survivors (14336K)
 Metaspace       used 184952K, committed 187200K, reserved 622592K
  class space    used 24010K, committed 25088K, reserved 425984K
}
Event: 371.583 GC heap after
{Heap after GC invocations=142 (full 0):
 garbage-first heap   total 915456K, used 553639K [0x0000000700000000, 0x0000000800000000)
  region size 2048K, 6 young (12288K), 6 survivors (12288K)
 Metaspace       used 184952K, committed 187200K, reserved 622592K
  class space    used 24010K, committed 25088K, reserved 425984K
}
Event: 372.142 GC heap before
{Heap before GC invocations=142 (full 0):
 garbage-first heap   total 915456K, used 789159K [0x0000000700000000, 0x0000000800000000)
  region size 2048K, 121 young (247808K), 6 survivors (12288K)
 Metaspace       used 184955K, committed 187200K, reserved 622592K
  class space    used 24010K, committed 25088K, reserved 425984K
}
Event: 372.163 GC heap after
{Heap after GC invocations=143 (full 0):
 garbage-first heap   total 915456K, used 557203K [0x0000000700000000, 0x0000000800000000)
  region size 2048K, 8 young (16384K), 8 survivors (16384K)
 Metaspace       used 184955K, committed 187200K, reserved 622592K
  class space    used 24010K, committed 25088K, reserved 425984K
}
Event: 372.749 GC heap before
{Heap before GC invocations=143 (full 0):
 garbage-first heap   total 915456K, used 792723K [0x0000000700000000, 0x0000000800000000)
  region size 2048K, 123 young (251904K), 8 survivors (16384K)
 Metaspace       used 184956K, committed 187200K, reserved 622592K
  class space    used 24010K, committed 25088K, reserved 425984K
}
Event: 372.770 GC heap after
{Heap after GC invocations=144 (full 0):
 garbage-first heap   total 915456K, used 560190K [0x0000000700000000, 0x0000000800000000)
  region size 2048K, 10 young (20480K), 10 survivors (20480K)
 Metaspace       used 184956K, committed 187200K, reserved 622592K
  class space    used 24010K, committed 25088K, reserved 425984K
}
Event: 373.444 GC heap before
{Heap before GC invocations=144 (full 0):
 garbage-first heap   total 915456K, used 795710K [0x0000000700000000, 0x0000000800000000)
  region size 2048K, 125 young (256000K), 10 survivors (20480K)
 Metaspace       used 184957K, committed 187200K, reserved 622592K
  class space    used 24010K, committed 25088K, reserved 425984K
}

Deoptimization events (20 events):
Event: 372.663 Thread 0x00000206dbc91090 DEOPT PACKING pc=0x000002069ef4001b sp=0x0000000c5e0f7b30
Event: 372.663 Thread 0x00000206dbc91090 DEOPT UNPACKING pc=0x00000206a20e2b43 sp=0x0000000c5e0f7098 mode 0
Event: 373.092 Thread 0x00000206dbc91090 DEOPT PACKING pc=0x000002069eb081f9 sp=0x0000000c5e0f8110
Event: 373.092 Thread 0x00000206dbc91090 DEOPT UNPACKING pc=0x00000206a20e2b43 sp=0x0000000c5e0f7880 mode 0
Event: 373.124 Thread 0x00000206dba19140 DEOPT PACKING pc=0x000002069e1cb10c sp=0x0000000c60cfb0d0
Event: 373.124 Thread 0x00000206dba19140 DEOPT UNPACKING pc=0x00000206a20e2b43 sp=0x0000000c60cfa5d8 mode 0
Event: 373.172 Thread 0x00000206dbc91090 Uncommon trap: trap_request=0xffffffbe fr.pc=0x00000206a47a75b8 relative=0x0000000000001158
Event: 373.172 Thread 0x00000206dbc91090 Uncommon trap: reason=profile_predicate action=maybe_recompile pc=0x00000206a47a75b8 method=com.android.tools.r8.internal.Ag.a(Lcom/android/tools/r8/internal/Qw0;Lcom/android/tools/r8/graph/K2;)Lcom/android/tools/r8/internal/J9; @ 196 c2
Event: 373.172 Thread 0x00000206dbc91090 DEOPT PACKING pc=0x00000206a47a75b8 sp=0x0000000c5e0f8350
Event: 373.210 Thread 0x00000206dbc91090 DEOPT UNPACKING pc=0x00000206a20e23a3 sp=0x0000000c5e0f8330 mode 2
Event: 373.359 Thread 0x00000206dba19140 Uncommon trap: trap_request=0xffffffc6 fr.pc=0x00000206a497c06c relative=0x0000000000000c2c
Event: 373.359 Thread 0x00000206dba19140 Uncommon trap: reason=bimorphic_or_optimized_type_check action=maybe_recompile pc=0x00000206a497c06c method=com.android.tools.r8.internal.Wn.a(Lcom/android/tools/r8/internal/ao;Ljava/util/ArrayList;)V @ 356 c2
Event: 373.359 Thread 0x00000206dba19140 DEOPT PACKING pc=0x00000206a497c06c sp=0x0000000c60cfb140
Event: 373.359 Thread 0x00000206dba19140 DEOPT UNPACKING pc=0x00000206a20e23a3 sp=0x0000000c60cfb118 mode 2
Event: 373.412 Thread 0x00000206dba19140 Uncommon trap: trap_request=0xffffff45 fr.pc=0x00000206a49094f4 relative=0x00000000000001b4
Event: 373.412 Thread 0x00000206dba19140 Uncommon trap: reason=unstable_if action=reinterpret pc=0x00000206a49094f4 method=com.android.tools.r8.internal.xH.contains(Ljava/lang/Object;)Z @ 192 c2
Event: 373.412 Thread 0x00000206dba19140 DEOPT PACKING pc=0x00000206a49094f4 sp=0x0000000c60cfafd0
Event: 373.412 Thread 0x00000206dba19140 DEOPT UNPACKING pc=0x00000206a20e23a3 sp=0x0000000c60cfaf40 mode 2
Event: 373.427 Thread 0x00000206dbc91090 DEOPT PACKING pc=0x000002069eb081f9 sp=0x0000000c5e0f8110
Event: 373.427 Thread 0x00000206dbc91090 DEOPT UNPACKING pc=0x00000206a20e2b43 sp=0x0000000c5e0f7880 mode 0

Classes unloaded (0 events):
No events

Classes redefined (0 events):
No events

Internal exceptions (20 events):
Event: 368.804 Thread 0x00000206d85fa1c0 Exception <a 'sun/nio/fs/WindowsException'{0x00000007289a5bd0}> (0x00000007289a5bd0) 
thrown [s\open\src\hotspot\share\prims\jni.cpp, line 516]
Event: 368.920 Thread 0x00000206dbc91090 Exception <a 'sun/nio/fs/WindowsException'{0x00000007278ec090}> (0x00000007278ec090) 
thrown [s\open\src\hotspot\share\prims\jni.cpp, line 516]
Event: 369.171 Thread 0x00000206dba1a580 Exception <a 'sun/nio/fs/WindowsException'{0x00000007364d6ac8}> (0x00000007364d6ac8) 
thrown [s\open\src\hotspot\share\prims\jni.cpp, line 516]
Event: 369.186 Thread 0x00000206dba1c3e0 Exception <a 'sun/nio/fs/WindowsException'{0x0000000735934208}> (0x0000000735934208) 
thrown [s\open\src\hotspot\share\prims\jni.cpp, line 516]
Event: 369.237 Thread 0x00000206dba19140 Exception <a 'sun/nio/fs/WindowsException'{0x000000073475ae68}> (0x000000073475ae68) 
thrown [s\open\src\hotspot\share\prims\jni.cpp, line 516]
Event: 369.239 Thread 0x00000206dbc91090 Exception <a 'sun/nio/fs/WindowsException'{0x0000000734ae7c28}> (0x0000000734ae7c28) 
thrown [s\open\src\hotspot\share\prims\jni.cpp, line 516]
Event: 369.339 Thread 0x00000206dbc91090 Exception <a 'sun/nio/fs/WindowsException'{0x0000000732fe9e90}> (0x0000000732fe9e90) 
thrown [s\open\src\hotspot\share\prims\jni.cpp, line 516]
Event: 369.350 Thread 0x00000206dba1a580 Exception <a 'sun/nio/fs/WindowsException'{0x0000000733735e20}> (0x0000000733735e20) 
thrown [s\open\src\hotspot\share\prims\jni.cpp, line 516]
Event: 369.523 Thread 0x00000206dba1c3e0 Exception <a 'sun/nio/fs/WindowsException'{0x000000072ee18ff8}> (0x000000072ee18ff8) 
thrown [s\open\src\hotspot\share\prims\jni.cpp, line 516]
Event: 369.712 Thread 0x00000206dba1a580 Exception <a 'sun/nio/fs/WindowsException'{0x0000000729bc6308}> (0x0000000729bc6308) 
thrown [s\open\src\hotspot\share\prims\jni.cpp, line 516]
Event: 369.738 Thread 0x00000206dba1a580 Exception <a 'sun/nio/fs/WindowsException'{0x00000007286679a0}> (0x00000007286679a0) 
thrown [s\open\src\hotspot\share\prims\jni.cpp, line 516]
Event: 370.396 Thread 0x00000206dba1c3e0 Exception <a 'sun/nio/fs/WindowsException'{0x0000000733e1e1f8}> (0x0000000733e1e1f8) 
thrown [s\open\src\hotspot\share\prims\jni.cpp, line 516]
Event: 370.399 Thread 0x00000206d85f9cb0 Exception <a 'sun/nio/fs/WindowsException'{0x00000007323f6e30}> (0x00000007323f6e30) 
thrown [s\open\src\hotspot\share\prims\jni.cpp, line 516]
Event: 370.630 Thread 0x00000206dba1a580 Exception <a 'sun/nio/fs/WindowsException'{0x000000072c09f270}> (0x000000072c09f270) 
thrown [s\open\src\hotspot\share\prims\jni.cpp, line 516]
Event: 371.072 Thread 0x00000206dba1a580 Exception <a 'sun/nio/fs/WindowsException'{0x0000000734e94300}> (0x0000000734e94300) 
thrown [s\open\src\hotspot\share\prims\jni.cpp, line 516]
Event: 371.232 Thread 0x00000206d85f9cb0 Exception <a 'sun/nio/fs/WindowsException'{0x000000073262ab88}> (0x000000073262ab88) 
thrown [s\open\src\hotspot\share\prims\jni.cpp, line 516]
Event: 371.316 Thread 0x00000206dba1a580 Exception <a 'sun/nio/fs/WindowsException'{0x00000007307e6f80}> (0x00000007307e6f80) 
thrown [s\open\src\hotspot\share\prims\jni.cpp, line 516]
Event: 371.420 Thread 0x00000206d85f9cb0 Exception <a 'sun/nio/fs/WindowsException'{0x000000072cfe7050}> (0x000000072cfe7050) 
thrown [s\open\src\hotspot\share\prims\jni.cpp, line 516]
Event: 371.487 Thread 0x00000206dba1a580 Exception <a 'sun/nio/fs/WindowsException'{0x000000072b207b80}> (0x000000072b207b80) 
thrown [s\open\src\hotspot\share\prims\jni.cpp, line 516]
Event: 371.644 Thread 0x00000206dbc91090 Exception <a 'sun/nio/fs/WindowsException'{0x0000000736012360}> (0x0000000736012360) 
thrown [s\open\src\hotspot\share\prims\jni.cpp, line 516]

VM Operations (20 events):
Event: 367.110 Executing VM operation: HandshakeAllThreads done
Event: 367.131 Executing VM operation: HandshakeAllThreads
Event: 367.142 Executing VM operation: HandshakeAllThreads done
Event: 368.142 Executing VM operation: Cleanup
Event: 368.169 Executing VM operation: Cleanup done
Event: 368.427 Executing VM operation: HandshakeAllThreads
Event: 368.549 Executing VM operation: HandshakeAllThreads done
Event: 368.994 Executing VM operation: G1CollectForAllocation
Event: 369.078 Executing VM operation: G1CollectForAllocation done
Event: 369.762 Executing VM operation: G1CollectForAllocation
Event: 369.937 Executing VM operation: G1CollectForAllocation done
Event: 370.788 Executing VM operation: G1CollectForAllocation
Event: 370.904 Executing VM operation: G1CollectForAllocation done
Event: 371.558 Executing VM operation: G1CollectForAllocation
Event: 371.584 Executing VM operation: G1CollectForAllocation done
Event: 372.141 Executing VM operation: G1CollectForAllocation
Event: 372.163 Executing VM operation: G1CollectForAllocation done
Event: 372.744 Executing VM operation: G1CollectForAllocation
Event: 372.770 Executing VM operation: G1CollectForAllocation done
Event: 373.443 Executing VM operation: G1CollectForAllocation

Events (20 events):
Event: 368.675 Thread 0x00000206b5dee7f0 flushing nmethod 0x000002069eceab90
Event: 368.675 Thread 0x00000206b5dee7f0 flushing nmethod 0x000002069ed52610
Event: 368.676 Thread 0x00000206b5dee7f0 flushing nmethod 0x000002069ee2b610
Event: 368.676 Thread 0x00000206b5dee7f0 flushing nmethod 0x000002069ee42210
Event: 368.676 Thread 0x00000206b5dee7f0 flushing nmethod 0x000002069ee42790
Event: 368.676 Thread 0x00000206b5dee7f0 flushing nmethod 0x000002069ee42d90
Event: 368.676 Thread 0x00000206b5dee7f0 flushing nmethod 0x000002069ee71f90
Event: 368.676 Thread 0x00000206b5dee7f0 flushing nmethod 0x000002069ee7c490
Event: 368.677 Thread 0x00000206b5dee7f0 flushing nmethod 0x000002069eed4e10
Event: 368.677 Thread 0x00000206b5dee7f0 flushing nmethod 0x000002069eee6a90
Event: 368.677 Thread 0x00000206b5dee7f0 flushing nmethod 0x000002069eee7510
Event: 368.677 Thread 0x00000206b5dee7f0 flushing nmethod 0x000002069eef9190
Event: 368.677 Thread 0x00000206b5dee7f0 flushing nmethod 0x000002069ef1e390
Event: 368.677 Thread 0x00000206b5dee7f0 flushing nmethod 0x000002069ef20310
Event: 368.677 Thread 0x00000206b5dee7f0 flushing nmethod 0x000002069ef39f90
Event: 368.677 Thread 0x00000206b5dee7f0 flushing nmethod 0x000002069ef42b90
Event: 368.677 Thread 0x00000206b5dee7f0 flushing nmethod 0x000002069ef50f90
Event: 368.678 Thread 0x00000206b5dee7f0 flushing nmethod 0x000002069ef9f490
Event: 368.678 Thread 0x00000206b5dee7f0 flushing nmethod 0x000002069efb1690
Event: 369.487 Thread 0x00000206e4fa4f00 Thread exited: 0x00000206e4fa4f00


Dynamic libraries:
0x00007ff65d130000 - 0x00007ff65d140000 	C:\Program Files\Java\jdk-17\bin\java.exe
0x00007ffa909c0000 - 0x00007ffa90c28000 	C:\WINDOWS\SYSTEM32\ntdll.dll
0x00007ffa8f900000 - 0x00007ffa8f9c9000 	C:\WINDOWS\System32\KERNEL32.DLL
0x00007ffa8de50000 - 0x00007ffa8e242000 	C:\WINDOWS\System32\KERNELBASE.dll
0x00007ffa8dd00000 - 0x00007ffa8de4b000 	C:\WINDOWS\System32\ucrtbase.dll
0x00007ffa40120000 - 0x00007ffa40139000 	C:\Program Files\Java\jdk-17\bin\jli.dll
0x00007ffa4a190000 - 0x00007ffa4a1ab000 	C:\Program Files\Java\jdk-17\bin\VCRUNTIME140.dll
0x00007ffa90870000 - 0x00007ffa90924000 	C:\WINDOWS\System32\ADVAPI32.dll
0x00007ffa8e790000 - 0x00007ffa8e839000 	C:\WINDOWS\System32\msvcrt.dll
0x00007ffa8fa50000 - 0x00007ffa8faf6000 	C:\WINDOWS\System32\sechost.dll
0x00007ffa8ede0000 - 0x00007ffa8eef8000 	C:\WINDOWS\System32\RPCRT4.dll
0x00007ffa8f510000 - 0x00007ffa8f6d5000 	C:\WINDOWS\System32\USER32.dll
0x00007ffa7ab60000 - 0x00007ffa7adf3000 	C:\WINDOWS\WinSxS\amd64_microsoft.windows.common-controls_6595b64144ccf1df_6.0.26100.6899_none_3e0efeeae32e88c1\COMCTL32.dll
0x00007ffa8dcd0000 - 0x00007ffa8dcf7000 	C:\WINDOWS\System32\win32u.dll
0x00007ffa90930000 - 0x00007ffa9095b000 	C:\WINDOWS\System32\GDI32.dll
0x00007ffa8e430000 - 0x00007ffa8e55d000 	C:\WINDOWS\System32\gdi32full.dll
0x00007ffa8e380000 - 0x00007ffa8e423000 	C:\WINDOWS\System32\msvcp_win.dll
0x00007ffa86830000 - 0x00007ffa8683b000 	C:\WINDOWS\SYSTEM32\VERSION.dll
0x00007ffa90060000 - 0x00007ffa9008f000 	C:\WINDOWS\System32\IMM32.DLL
0x00007ffa65d80000 - 0x00007ffa65d8c000 	C:\Program Files\Java\jdk-17\bin\vcruntime140_1.dll
0x00007ffa0f8e0000 - 0x00007ffa0f96e000 	C:\Program Files\Java\jdk-17\bin\msvcp140.dll
0x00007ff9f2050000 - 0x00007ff9f2c30000 	C:\Program Files\Java\jdk-17\bin\server\jvm.dll
0x00007ffa8f750000 - 0x00007ffa8f758000 	C:\WINDOWS\System32\PSAPI.DLL
0x00007ffa640b0000 - 0x00007ffa640ba000 	C:\WINDOWS\SYSTEM32\WSOCK32.dll
0x00007ffa7a880000 - 0x00007ffa7a8b5000 	C:\WINDOWS\SYSTEM32\WINMM.dll
0x00007ffa8f9d0000 - 0x00007ffa8fa44000 	C:\WINDOWS\System32\WS2_32.dll
0x00007ffa8c8e0000 - 0x00007ffa8c8fb000 	C:\WINDOWS\SYSTEM32\kernel.appcore.dll
0x00007ffa63a30000 - 0x00007ffa63a3a000 	C:\Program Files\Java\jdk-17\bin\jimage.dll
0x00007ffa8b450000 - 0x00007ffa8b692000 	C:\WINDOWS\SYSTEM32\DBGHELP.DLL
0x00007ffa8e840000 - 0x00007ffa8ebbb000 	C:\WINDOWS\System32\combase.dll
0x00007ffa8ed00000 - 0x00007ffa8edd7000 	C:\WINDOWS\System32\OLEAUT32.dll
0x00007ffa77f20000 - 0x00007ffa77f5c000 	C:\WINDOWS\SYSTEM32\dbgcore.DLL
0x00007ffa8e250000 - 0x00007ffa8e2e8000 	C:\WINDOWS\System32\bcryptPrimitives.dll
0x00007ffa7fa50000 - 0x00007ffa7fa5e000 	C:\Program Files\Java\jdk-17\bin\instrument.dll
0x00007ffa24ad0000 - 0x00007ffa24af5000 	C:\Program Files\Java\jdk-17\bin\java.dll
0x00007ffa0f6b0000 - 0x00007ffa0f787000 	C:\Program Files\Java\jdk-17\bin\jsvml.dll
0x00007ffa900b0000 - 0x00007ffa907fd000 	C:\WINDOWS\System32\SHELL32.dll
0x00007ffa8e620000 - 0x00007ffa8e78b000 	C:\WINDOWS\System32\wintypes.dll
0x00007ffa8b780000 - 0x00007ffa8bfdd000 	C:\WINDOWS\SYSTEM32\windows.storage.dll
0x00007ffa8fb00000 - 0x00007ffa8fbf2000 	C:\WINDOWS\System32\SHCORE.dll
0x00007ffa90800000 - 0x00007ffa90862000 	C:\WINDOWS\System32\shlwapi.dll
0x00007ffa8da70000 - 0x00007ffa8da99000 	C:\WINDOWS\SYSTEM32\profapi.dll
0x00007ffa2b950000 - 0x00007ffa2b968000 	C:\Program Files\Java\jdk-17\bin\zip.dll
0x00007ffa400d0000 - 0x00007ffa400e9000 	C:\Program Files\Java\jdk-17\bin\net.dll
0x00007ffa87a40000 - 0x00007ffa87b5f000 	C:\WINDOWS\SYSTEM32\WINHTTP.dll
0x00007ffa8ce30000 - 0x00007ffa8ce9b000 	C:\WINDOWS\system32\mswsock.dll
0x00007ffa2bab0000 - 0x00007ffa2bac6000 	C:\Program Files\Java\jdk-17\bin\nio.dll
0x00007ffa7fc10000 - 0x00007ffa7fc20000 	C:\Program Files\Java\jdk-17\bin\verify.dll
0x00007ffa6df60000 - 0x00007ffa6df87000 	C:\Users\rudra\.gradle\native\1def1411415f61bf3af743bc5b6707747c0891f09f0c88961ee8f79bc544acac\windows-amd64\native-platform.dll
0x00007ffa24d90000 - 0x00007ffa24e07000 	C:\Users\rudra\.gradle\native\0.2.8\x86_64-windows-gnu\gradle-fileevents.dll
0x00007ffa62080000 - 0x00007ffa6208a000 	C:\Program Files\Java\jdk-17\bin\management.dll
0x00007ffa58c70000 - 0x00007ffa58c7b000 	C:\Program Files\Java\jdk-17\bin\management_ext.dll
0x00007ffa8c2e0000 - 0x00007ffa8c314000 	C:\WINDOWS\SYSTEM32\IPHLPAPI.DLL
0x00007ffa90970000 - 0x00007ffa9097a000 	C:\WINDOWS\System32\NSI.dll
0x00007ffa86340000 - 0x00007ffa8635e000 	C:\WINDOWS\SYSTEM32\dhcpcsvc6.DLL
0x00007ffa858e0000 - 0x00007ffa85903000 	C:\WINDOWS\SYSTEM32\dhcpcsvc.DLL
0x00007ffa8c370000 - 0x00007ffa8c496000 	C:\WINDOWS\SYSTEM32\DNSAPI.dll
0x00007ffa8d210000 - 0x00007ffa8d22b000 	C:\WINDOWS\SYSTEM32\CRYPTSP.dll
0x00007ffa8c840000 - 0x00007ffa8c87b000 	C:\WINDOWS\system32\rsaenh.dll
0x00007ffa8ced0000 - 0x00007ffa8cefb000 	C:\WINDOWS\SYSTEM32\USERENV.dll
0x00007ffa8da40000 - 0x00007ffa8da66000 	C:\WINDOWS\SYSTEM32\bcrypt.dll
0x00007ffa8d070000 - 0x00007ffa8d07c000 	C:\WINDOWS\SYSTEM32\CRYPTBASE.dll
0x00007ffa4a8d0000 - 0x00007ffa4a8de000 	C:\Program Files\Java\jdk-17\bin\sunmscapi.dll
0x00007ffa8db50000 - 0x00007ffa8dcc7000 	C:\WINDOWS\System32\CRYPT32.dll
0x00007ffa8d360000 - 0x00007ffa8d390000 	C:\WINDOWS\SYSTEM32\ncrypt.dll
0x00007ffa8d310000 - 0x00007ffa8d34f000 	C:\WINDOWS\SYSTEM32\NTASN1.dll
0x00007ffa22630000 - 0x00007ffa22638000 	C:\WINDOWS\system32\wshunix.dll
0x00007ffa8ca00000 - 0x00007ffa8ca36000 	C:\WINDOWS\SYSTEM32\ntmarta.dll
0x00007ffa7e260000 - 0x00007ffa7e26b000 	C:\Windows\System32\rasadhlp.dll
0x00007ffa80b40000 - 0x00007ffa80bc6000 	C:\WINDOWS\System32\fwpuclnt.dll
0x00007ffa89e70000 - 0x00007ffa89f0f000 	C:\WINDOWS\system32\apphelp.dll
0x00007ffa863f0000 - 0x00007ffa863f7000 	C:\Program Files\Java\jdk-17\bin\rmi.dll

dbghelp: loaded successfully - version: 4.0.5 - missing functions: none
symbol engine: initialized successfully - sym options: 0x614 - pdb path: .;C:\Program Files\Java\jdk-17\bin;C:\WINDOWS\SYSTEM32;C:\WINDOWS\WinSxS\amd64_microsoft.windows.common-controls_6595b64144ccf1df_6.0.26100.6899_none_3e0efeeae32e88c1;C:\Program Files\Java\jdk-17\bin\server;C:\Users\rudra\.gradle\native\1def1411415f61bf3af743bc5b6707747c0891f09f0c88961ee8f79bc544acac\windows-amd64;C:\Users\rudra\.gradle\native\0.2.8\x86_64-windows-gnu

VM Arguments:
jvm_args: --add-opens=java.base/java.lang=ALL-UNNAMED --add-opens=java.base/java.lang.invoke=ALL-UNNAMED --add-opens=java.base/java.util=ALL-UNNAMED --add-opens=java.prefs/java.util.prefs=ALL-UNNAMED --add-exports=jdk.compiler/com.sun.tools.javac.api=ALL-UNNAMED --add-exports=jdk.compiler/com.sun.tools.javac.util=ALL-UNNAMED --add-opens=java.base/java.util=ALL-UNNAMED --add-opens=java.prefs/java.util.prefs=ALL-UNNAMED --add-opens=java.base/java.nio.charset=ALL-UNNAMED --add-opens=java.base/java.net=ALL-UNNAMED --add-opens=java.base/java.util.concurrent=ALL-UNNAMED --add-opens=java.base/java.util.concurrent.atomic=ALL-UNNAMED --add-opens=java.xml/javax.xml.namespace=ALL-UNNAMED -XX:MaxMetaspaceSize=512m -Xmx4096m -Dfile.encoding=windows-1252 -Duser.country=IN -Duser.language=en -Duser.variant -javaagent:C:\Users\rudra\.gradle\wrapper\dists\gradle-9.0.0-bin\d6wjpkvcgsg3oed0qlfss3wgl\gradle-9.0.0\lib\agents\gradle-instrumentation-agent-9.0.0.jar 
java_command: org.gradle.launcher.daemon.bootstrap.GradleDaemon 9.0.0
java_class_path (initial): C:\Users\rudra\.gradle\wrapper\dists\gradle-9.0.0-bin\d6wjpkvcgsg3oed0qlfss3wgl\gradle-9.0.0\lib\gradle-daemon-main-9.0.0.jar
Launcher Type: SUN_STANDARD

[Global flags]
     intx CICompilerCount                          = 4                                         {product} {ergonomic}
   size_t CompressedClassSpaceSize                 = 436207616                                 {product} {ergonomic}
     uint ConcGCThreads                            = 2                                         {product} {ergonomic}
     uint G1ConcRefinementThreads                  = 8                                         {product} {ergonomic}
   size_t G1HeapRegionSize                         = 2097152                                   {product} {ergonomic}
    uintx GCDrainStackTargetSize                   = 64                                        {product} {ergonomic}
   size_t InitialHeapSize                          = 132120576                                 {product} {ergonomic}
   size_t MarkStackSize                            = 4194304                                   {product} {ergonomic}
   size_t MaxHeapSize                              = 4294967296                                {product} {command line}
   size_t MaxMetaspaceSize                         = 536870912                                 {product} {command line}
   size_t MaxNewSize                               = 2575302656                                {product} {ergonomic}
   size_t MinHeapDeltaBytes                        = 2097152                                   {product} {ergonomic}
   size_t MinHeapSize                              = 8388608                                   {product} {ergonomic}
    uintx NonNMethodCodeHeapSize                   = 5839372                                {pd product} {ergonomic}
    uintx NonProfiledCodeHeapSize                  = 122909434                              {pd product} {ergonomic}
    uintx ProfiledCodeHeapSize                     = 122909434                              {pd product} {ergonomic}
    uintx ReservedCodeCacheSize                    = 251658240                              {pd product} {ergonomic}
     bool SegmentedCodeCache                       = true                                      {product} {ergonomic}
   size_t SoftMaxHeapSize                          = 4294967296                             {manageable} {ergonomic}
     bool UseCompressedClassPointers               = true                           {product lp64_product} {ergonomic}
     bool UseCompressedOops                        = true                           {product lp64_product} {ergonomic}
     bool UseG1GC                                  = true                                      {product} {ergonomic}
     bool UseLargePagesIndividualAllocation        = false                                  {pd product} {ergonomic}

Logging:
Log output configuration:
 #0: stdout all=warning uptime,level,tags
 #1: stderr all=off uptime,level,tags

Environment Variables:
JAVA_HOME=C:\Program Files\Java\jdk-17
PATH=C:\Program Files\Common Files\Oracle\Java\javapath;C:\Program Files\Microsoft\jdk-17.0.15.6-hotspot\bin;c:\Users\rudra\AppData\Local\Programs\cursor\resources\app\bin;C:\Program Files (x86)\Microsoft\Edge\Application;C:\WINDOWS\system32;C:\WINDOWS;C:\WINDOWS\System32\Wbem;C:\WINDOWS\System32\WindowsPowerShell\v1.0\;C:\WINDOWS\System32\OpenSSH\;C:\Program Files\nodejs\;C:\ProgramData\chocolatey\bin;C:\Users\rudra\AppData\Local\Microsoft\WindowsApps;C:\Users\rudra\AppData\Roaming\npm;c:\Users\rudra\AppData\Local\Programs\cursor\resources\app\bin;D:\Android\SDK;D:\Android\SDK\platform-tools;D:\Android\SDK\emulator;D:\Android\SDK\build-tools;D:\Android\SDK\platforms;C:\Program Files\Java\jdk-17;C:\Program Files\Git\cmd;C:\Program Files\MongoDB\Server\8.0\bin;C:\Program Files\MongoDB\Tools\100\bin;C:\Program Files\Redis\;C:\Program Files\MySQL\MySQL Shell 8.0\bin\;C:\Users\rudra\AppData\Local\Microsoft\WindowsApps;C:\Users\rudra\AppData\Roaming\npm;C:\Program Files\Java\jdk-17\bin;D:\Android\SDK;D:\Android\SDK\platform-tools;D:\Android\SDK\emulator;D:\Android\SDK\build-tools;D:\Android\SDK\platforms;C:\Program Files\Java\jdk-17;C:\Users\rudra\AppData\Local\Programs\Ollama;C:\Users\rudra\AppData\Local\Programs\mongosh\;C:\Users\rudra\AppData\Local\Programs\Microsoft VS Code\bin;;c:\Users\rudra\AppData\Roaming\Code\User\globalStorage\github.copilot-chat\debugCommand
USERNAME=rudra
LANG=en_US.UTF-8
OS=Windows_NT
PROCESSOR_IDENTIFIER=Intel64 Family 6 Model 142 Stepping 10, GenuineIntel



---------------  S Y S T E M  ---------------

OS:
 Windows 11 , 64 bit Build 26100 (10.0.26100.6725)
OS uptime: 0 days 21:32 hours
Hyper-V role detected

CPU: total 8 (initial active 8) (4 cores per cpu, 2 threads per core) family 6 model 142 stepping 10 microcode 0xf6, cx8, cmov, fxsr, ht, mmx, 3dnowpref, sse, sse2, sse3, ssse3, sse4.1, sse4.2, popcnt, lzcnt, tsc, tscinvbit, avx, avx2, aes, erms, clmul, bmi1, bmi2, rtm, adx, fma, vzeroupper, clflush, clflushopt, hv

Memory: 4k page, system-wide physical 8030M (290M free)
TotalPageFile size 25882M (AvailPageFile size 372M)
current process WorkingSet (physical memory assigned to process): 532M, peak: 958M
current process commit charge ("private bytes"): 1542M, peak: 2021M

vm_info: Java HotSpot(TM) 64-Bit Server VM (17.0.12+8-LTS-286) for windows-amd64 JRE (17.0.12+8-LTS-286), built on Jun  5 2024 06:46:59 by "mach5one" with MS VC++ 17.6 (VS2022)

END.
