#
# There is insufficient memory for the Java Runtime Environment to continue.
# Native memory allocation (mmap) failed to map 962592768 bytes for G1 virtual space
# Possible reasons:
#   The system is out of physical RAM or swap space
#   The process is running with CompressedOops enabled, and the Java Heap may be blocking the growth of the native heap
# Possible solutions:
#   Reduce memory load on the system
#   Increase physical memory or swap space
#   Check if swap backing store is full
#   Decrease Java heap size (-Xmx/-Xms)
#   Decrease number of Java threads
#   Decrease Java thread stack sizes (-Xss)
#   Set larger code cache with -XX:ReservedCodeCacheSize=
#   JVM is running with Zero Based Compressed Oops mode in which the Java heap is
#     placed in the first 32GB address space. The Java Heap base address is the
#     maximum limit for the native heap growth. Please use -XX:HeapBaseMinAddress
#     to set the Java Heap base and to place the Java Heap above 32GB virtual address.
# This output file may be truncated or incomplete.
#
#  Out of Memory Error (os_windows.cpp:3548), pid=22556, tid=6220
#
# JRE version: Java(TM) SE Runtime Environment (17.0.12+8) (build 17.0.12+8-LTS-286)
# Java VM: Java HotSpot(TM) 64-Bit Server VM (17.0.12+8-LTS-286, mixed mode, sharing, tiered, compressed oops, compressed class ptrs, g1 gc, windows-amd64)
# No core dump will be written. Minidumps are not enabled by default on client versions of Windows
#

---------------  S U M M A R Y ------------

Command Line: --add-opens=java.base/java.lang=ALL-UNNAMED --add-opens=java.base/java.lang.invoke=ALL-UNNAMED --add-opens=java.base/java.util=ALL-UNNAMED --add-opens=java.prefs/java.util.prefs=ALL-UNNAMED --add-exports=jdk.compiler/com.sun.tools.javac.api=ALL-UNNAMED --add-exports=jdk.compiler/com.sun.tools.javac.util=ALL-UNNAMED --add-opens=java.base/java.util=ALL-UNNAMED --add-opens=java.prefs/java.util.prefs=ALL-UNNAMED --add-opens=java.base/java.nio.charset=ALL-UNNAMED --add-opens=java.base/java.net=ALL-UNNAMED --add-opens=java.base/java.util.concurrent=ALL-UNNAMED --add-opens=java.base/java.util.concurrent.atomic=ALL-UNNAMED --add-opens=java.xml/javax.xml.namespace=ALL-UNNAMED -XX:MaxMetaspaceSize=512m -Xmx4096m -Dfile.encoding=windows-1252 -Duser.country=IN -Duser.language=en -Duser.variant -javaagent:C:\Users\rudra\.gradle\wrapper\dists\gradle-9.0.0-bin\d6wjpkvcgsg3oed0qlfss3wgl\gradle-9.0.0\lib\agents\gradle-instrumentation-agent-9.0.0.jar org.gradle.launcher.daemon.bootstrap.GradleDaemon 9.0.0

Host: Intel(R) Core(TM) i5-8350U CPU @ 1.70GHz, 8 cores, 7G,  Windows 11 , 64 bit Build 26100 (10.0.26100.6725)
Time: Fri Oct 24 12:53:02 2025 India Standard Time elapsed time: 194.543707 seconds (0d 0h 3m 14s)

---------------  T H R E A D  ---------------

Current thread (0x0000022cb5d83350):  VMThread "VM Thread" [stack: 0x000000515ec00000,0x000000515ed00000] [id=6220]

Stack: [0x000000515ec00000,0x000000515ed00000]
Native frames: (J=compiled Java code, j=interpreted, Vv=VM code, C=native code)
V  [jvm.dll+0x67a04a]
V  [jvm.dll+0x7da4ed]
V  [jvm.dll+0x7dbe33]
V  [jvm.dll+0x7dc4a3]
V  [jvm.dll+0x24508f]
V  [jvm.dll+0x677089]
V  [jvm.dll+0x66bd32]
V  [jvm.dll+0x301fa6]
V  [jvm.dll+0x309546]
V  [jvm.dll+0x359d2e]
V  [jvm.dll+0x359f5f]
V  [jvm.dll+0x2d9078]
V  [jvm.dll+0x2d74ad]
V  [jvm.dll+0x2d6afc]
V  [jvm.dll+0x31a65b]
V  [jvm.dll+0x7e0d9b]
V  [jvm.dll+0x7e1ad4]
V  [jvm.dll+0x7e1fed]
V  [jvm.dll+0x7e23c4]
V  [jvm.dll+0x7e2490]
V  [jvm.dll+0x78abea]
V  [jvm.dll+0x678f35]
C  [ucrtbase.dll+0x37b0]
C  [KERNEL32.DLL+0x2e8d7]
C  [ntdll.dll+0x8c53c]

VM_Operation (0x00000051616feac0): G1CollectForAllocation, mode: safepoint, requested by thread 0x0000022cda5e4340


---------------  P R O C E S S  ---------------

Threads class SMR info:
_java_thread_list=0x0000022ce128ff10, length=155, elements={
0x0000022c92718ae0, 0x0000022cb5d87cb0, 0x0000022cb5d89a90, 0x0000022cb5da1e70,
0x0000022cb5da4750, 0x0000022cb5daa350, 0x0000022cb5dabf30, 0x0000022cb5db9f90,
0x0000022cb5dbb4c0, 0x0000022cb5dc0d50, 0x0000022cd50c9cd0, 0x0000022cd50ca1e0,
0x0000022cd50c8380, 0x0000022cd50c97c0, 0x0000022cd50c7e70, 0x0000022cd50cac00,
0x0000022cd50c92b0, 0x0000022cd69e7ea0, 0x0000022cd69e7480, 0x0000022cd69e6f70,
0x0000022cd69e6a60, 0x0000022cd69e5b30, 0x0000022cd69e5110, 0x0000022cd895a300,
0x0000022cda4e0490, 0x0000022cda4e13c0, 0x0000022cda5e4850, 0x0000022cda5e70d0,
0x0000022cda5e4d60, 0x0000022cda5e5270, 0x0000022cd820fb60, 0x0000022cd8210a90,
0x0000022cda996070, 0x0000022cda996a90, 0x0000022cda999820, 0x0000022cda99c0a0,
0x0000022cdb7d4900, 0x0000022cda4dd700, 0x0000022cda5e5780, 0x0000022cda5e75e0,
0x0000022cda5e3e30, 0x0000022cda5e5c90, 0x0000022cda5e61a0, 0x0000022cda5e7af0,
0x0000022cda5e4340, 0x0000022cda5e66b0, 0x0000022cda5e8a20, 0x0000022cda5e8000,
0x0000022cda5e8510, 0x0000022cda5e8f30, 0x0000022cda5e9950, 0x0000022cda5e9440,
0x0000022cda5e6bc0, 0x0000022cda5eb7b0, 0x0000022cda5e9e60, 0x0000022cda5ead90,
0x0000022cda5ea370, 0x0000022cda5ea880, 0x0000022cda5eb2a0, 0x0000022cd820b990,
0x0000022cd820a550, 0x0000022cd820cdd0, 0x0000022cd820af70, 0x0000022cd820dd00,
0x0000022cd820bea0, 0x0000022cd820d7f0, 0x0000022cd820e210, 0x0000022cd820c3b0,
0x0000022cd820c8c0, 0x0000022cd820ec30, 0x0000022cd820b480, 0x0000022cd8210070,
0x0000022cd820f650, 0x0000022cd820f140, 0x0000022cd8210fa0, 0x0000022cd82119c0,
0x0000022cd8211ed0, 0x0000022cda4dc2c0, 0x0000022cda4dae80, 0x0000022cda4db8a0,
0x0000022cda4dcce0, 0x0000022cda4dbdb0, 0x0000022cda4da970, 0x0000022cda4db390,
0x0000022cda4dc7d0, 0x0000022cda4dd1f0, 0x0000022cda4d9a40, 0x0000022cda4ddc10,
0x0000022cda4da460, 0x0000022cda4dfa70, 0x0000022cda4de120, 0x0000022cda4de630,
0x0000022cda4dff80, 0x0000022cda4deb40, 0x0000022cda4e09a0, 0x0000022cdb7d3ee0,
0x0000022cdb7d34c0, 0x0000022cdb7d7180, 0x0000022cdb7d5d40, 0x0000022cdb7d39d0,
0x0000022cdb7da930, 0x0000022cdb7d7690, 0x0000022cdb7d7ba0, 0x0000022cdb7d80b0,
0x0000022cdb7d85c0, 0x0000022cdb7d9a00, 0x0000022cdb7d94f0, 0x0000022cdb7d8ad0,
0x0000022cdb7d8fe0, 0x0000022cdb7da420, 0x0000022cd8957570, 0x0000022cd89598e0,
0x0000022cd8958ec0, 0x0000022cd8957a80, 0x0000022cd8957f90, 0x0000022cd89593d0,
0x0000022cd89584a0, 0x0000022cd895a810, 0x0000022cd8959df0, 0x0000022cd8957060,
0x0000022cd89589b0, 0x0000022cda99ac60, 0x0000022cda99a750, 0x0000022cda99a240,
0x0000022cda99b680, 0x0000022cda99c5b0, 0x0000022cd69e6040, 0x0000022cd69e5620,
0x0000022cd69e83b0, 0x0000022cd69e6550, 0x0000022cd50cb620, 0x0000022cd50c8890,
0x0000022cd50c8da0, 0x0000022cd820aa60, 0x0000022ce204f5a0, 0x0000022ce20504d0,
0x0000022ce204ffc0, 0x0000022ce20509e0, 0x0000022ce2051e20, 0x0000022ce2050ef0,
0x0000022ce2051400, 0x0000022ce2051910, 0x0000022ce204fab0, 0x0000022ce204eb80,
0x0000022ce2052330, 0x0000022ce2052d50, 0x0000022ce20550c0, 0x0000022ce20555d0,
0x0000022ce2053260, 0x0000022ce2053c80, 0x0000022ce2054190, 0x0000022ce2054bb0,
0x0000022ce2055ff0, 0x0000022cd76d2980, 0x0000022ce2055ae0
}

Java Threads: ( => current thread )
  0x0000022c92718ae0 JavaThread "main" [_thread_blocked, id=17744, stack(0x000000515e600000,0x000000515e700000)]
  0x0000022cb5d87cb0 JavaThread "Reference Handler" daemon [_thread_blocked, id=7344, stack(0x000000515ed00000,0x000000515ee00000)]
  0x0000022cb5d89a90 JavaThread "Finalizer" daemon [_thread_blocked, id=2136, stack(0x000000515ee00000,0x000000515ef00000)]
  0x0000022cb5da1e70 JavaThread "Signal Dispatcher" daemon [_thread_blocked, id=32036, stack(0x000000515ef00000,0x000000515f000000)]
  0x0000022cb5da4750 JavaThread "Attach Listener" daemon [_thread_blocked, id=15072, stack(0x000000515f000000,0x000000515f100000)]
  0x0000022cb5daa350 JavaThread "Service Thread" daemon [_thread_blocked, id=23592, stack(0x000000515f100000,0x000000515f200000)]
  0x0000022cb5dabf30 JavaThread "Monitor Deflation Thread" daemon [_thread_blocked, id=18108, stack(0x000000515f200000,0x000000515f300000)]
  0x0000022cb5db9f90 JavaThread "C2 CompilerThread0" daemon [_thread_blocked, id=35532, stack(0x000000515f300000,0x000000515f400000)]
  0x0000022cb5dbb4c0 JavaThread "C1 CompilerThread0" daemon [_thread_blocked, id=17980, stack(0x000000515f400000,0x000000515f500000)]
  0x0000022cb5dc0d50 JavaThread "Sweeper thread" daemon [_thread_blocked, id=16316, stack(0x000000515f500000,0x000000515f600000)]
  0x0000022cd50c9cd0 JavaThread "Common-Cleaner" daemon [_thread_blocked, id=26952, stack(0x000000515f600000,0x000000515f700000)]
  0x0000022cd50ca1e0 JavaThread "Notification Thread" daemon [_thread_blocked, id=30544, stack(0x000000515f700000,0x000000515f800000)]
  0x0000022cd50c8380 JavaThread "Daemon health stats" [_thread_blocked, id=29520, stack(0x000000515ff00000,0x0000005160000000)]
  0x0000022cd50c97c0 JavaThread "Incoming local TCP Connector on port 60669" [_thread_in_native, id=30228, stack(0x000000515f900000,0x000000515fa00000)]
  0x0000022cd50c7e70 JavaThread "Daemon periodic checks" [_thread_blocked, id=32608, stack(0x0000005160100000,0x0000005160200000)]
  0x0000022cd50cac00 JavaThread "Daemon" [_thread_blocked, id=29468, stack(0x0000005160200000,0x0000005160300000)]
  0x0000022cd50c92b0 JavaThread "Daemon worker" [_thread_blocked, id=35300, stack(0x0000005160500000,0x0000005160600000)]
  0x0000022cd69e7ea0 JavaThread "Cache worker for journal cache (C:\Users\rudra\.gradle\caches\journal-1)" [_thread_blocked, id=16536, stack(0x0000005160900000,0x0000005160a00000)]
  0x0000022cd69e7480 JavaThread "File lock request listener" [_thread_in_native, id=28840, stack(0x0000005160a00000,0x0000005160b00000)]
  0x0000022cd69e6f70 JavaThread "Cache worker for file hash cache (C:\Users\rudra\.gradle\caches\9.0.0\fileHashes)" [_thread_blocked, id=27692, stack(0x0000005160b00000,0x0000005160c00000)]
  0x0000022cd69e6a60 JavaThread "File watcher server" daemon [_thread_blocked, id=31380, stack(0x0000005161200000,0x0000005161300000)]
  0x0000022cd69e5b30 JavaThread "File watcher consumer" daemon [_thread_blocked, id=21432, stack(0x0000005161300000,0x0000005161400000)]
  0x0000022cd69e5110 JavaThread "Cache worker for file content cache (C:\Users\rudra\.gradle\caches\9.0.0\fileContent)" [_thread_blocked, id=22816, stack(0x0000005161400000,0x0000005161500000)]
  0x0000022cd895a300 JavaThread "jar transforms" [_thread_blocked, id=29436, stack(0x0000005161800000,0x0000005161900000)]
  0x0000022cda4e0490 JavaThread "Memory manager" [_thread_blocked, id=2644, stack(0x0000005161500000,0x0000005161600000)]
  0x0000022cda4e13c0 JavaThread "ForkJoinPool.commonPool-worker-1" daemon [_thread_blocked, id=16324, stack(0x0000005163800000,0x0000005163900000)]
  0x0000022cda5e4850 JavaThread "ForkJoinPool.commonPool-worker-2" daemon [_thread_blocked, id=512, stack(0x0000005163900000,0x0000005163a00000)]
  0x0000022cda5e70d0 JavaThread "ForkJoinPool.commonPool-worker-6" daemon [_thread_blocked, id=2380, stack(0x0000005163c00000,0x0000005163d00000)]
  0x0000022cda5e4d60 JavaThread "ForkJoinPool.commonPool-worker-5" daemon [_thread_blocked, id=8752, stack(0x0000005163d00000,0x0000005163e00000)]
  0x0000022cda5e5270 JavaThread "ForkJoinPool.commonPool-worker-7" daemon [_thread_blocked, id=22192, stack(0x0000005163e00000,0x0000005163f00000)]
  0x0000022cd820fb60 JavaThread "jar transforms Thread 2" [_thread_blocked, id=31960, stack(0x0000005167a00000,0x0000005167b00000)]
  0x0000022cd8210a90 JavaThread "jar transforms Thread 3" [_thread_blocked, id=29968, stack(0x0000005163700000,0x0000005163800000)]
  0x0000022cda996070 JavaThread "jar transforms Thread 4" [_thread_blocked, id=14720, stack(0x0000005167b00000,0x0000005167c00000)]
  0x0000022cda996a90 JavaThread "jar transforms Thread 5" [_thread_blocked, id=28804, stack(0x0000005168100000,0x0000005168200000)]
  0x0000022cda999820 JavaThread "jar transforms Thread 6" [_thread_blocked, id=4032, stack(0x0000005168200000,0x0000005168300000)]
  0x0000022cda99c0a0 JavaThread "jar transforms Thread 7" [_thread_blocked, id=12112, stack(0x0000005168800000,0x0000005168900000)]
  0x0000022cdb7d4900 JavaThread "jar transforms Thread 8" [_thread_blocked, id=4132, stack(0x0000005168900000,0x0000005168a00000)]
  0x0000022cda4dd700 JavaThread "ForkJoinPool.commonPool-worker-8" daemon [_thread_blocked, id=29132, stack(0x0000005163000000,0x0000005163100000)]
  0x0000022cda5e5780 JavaThread "Handler for socket connection from /127.0.0.1:60669 to /127.0.0.1:53988" [_thread_in_native, id=11368, stack(0x0000005160400000,0x0000005160500000)]
  0x0000022cda5e75e0 JavaThread "Cancel handler" [_thread_blocked, id=3216, stack(0x0000005160600000,0x0000005160700000)]
  0x0000022cda5e3e30 JavaThread "Asynchronous log dispatcher for DefaultDaemonConnection: socket connection from /127.0.0.1:60669 to /127.0.0.1:53988" [_thread_blocked, id=31836, stack(0x0000005160700000,0x0000005160800000)]
  0x0000022cda5e5c90 JavaThread "Stdin handler" [_thread_blocked, id=5804, stack(0x0000005160800000,0x0000005160900000)]
  0x0000022cda5e61a0 JavaThread "Daemon client event forwarder" [_thread_blocked, id=15128, stack(0x0000005161000000,0x0000005161100000)]
  0x0000022cda5e7af0 JavaThread "Cache worker for file hash cache (D:\MERN\React Native\FirebaseAuth\android\.gradle\9.0.0\fileHashes)" [_thread_blocked, id=21780, stack(0x0000005161100000,0x0000005161200000)]
  0x0000022cda5e4340 JavaThread "Cache worker for Build Output Cleanup Cache (D:\MERN\React Native\FirebaseAuth\android\.gradle\buildOutputCleanup)" [_thread_blocked, id=35196, stack(0x0000005161600000,0x0000005161700000)]
  0x0000022cda5e66b0 JavaThread "Cache worker for checksums cache (D:\MERN\React Native\FirebaseAuth\android\.gradle\9.0.0\checksums)" [_thread_blocked, id=22372, stack(0x0000005161700000,0x0000005161800000)]
  0x0000022cda5e8a20 JavaThread "Cache worker for cache directory md-supplier (C:\Users\rudra\.gradle\caches\9.0.0\md-supplier)" [_thread_blocked, id=31020, stack(0x0000005161a00000,0x0000005161b00000)]
  0x0000022cda5e8000 JavaThread "Cache worker for cache directory md-rule (C:\Users\rudra\.gradle\caches\9.0.0\md-rule)" [_thread_blocked, id=7488, stack(0x0000005161b00000,0x0000005161c00000)]
  0x0000022cda5e8510 JavaThread "Cache worker for Build Output Cleanup Cache (D:\MERN\React Native\FirebaseAuth\node_modules\@react-native\gradle-plugin\.gradle\buildOutputCleanup)" [_thread_blocked, id=8492, stack(0x0000005161c00000,0x0000005161d00000)]
  0x0000022cda5e8f30 JavaThread "Unconstrained build operations" [_thread_blocked, id=11460, stack(0x0000005161d00000,0x0000005161e00000)]
  0x0000022cda5e9950 JavaThread "Unconstrained build operations Thread 2" [_thread_blocked, id=8896, stack(0x0000005161e00000,0x0000005161f00000)]
  0x0000022cda5e9440 JavaThread "Unconstrained build operations Thread 3" [_thread_blocked, id=34344, stack(0x0000005161f00000,0x0000005162000000)]
  0x0000022cda5e6bc0 JavaThread "Unconstrained build operations Thread 4" [_thread_blocked, id=25672, stack(0x0000005162000000,0x0000005162100000)]
  0x0000022cda5eb7b0 JavaThread "Unconstrained build operations Thread 5" [_thread_blocked, id=14792, stack(0x0000005162200000,0x0000005162300000)]
  0x0000022cda5e9e60 JavaThread "Unconstrained build operations Thread 6" [_thread_blocked, id=22584, stack(0x0000005162300000,0x0000005162400000)]
  0x0000022cda5ead90 JavaThread "Unconstrained build operations Thread 7" [_thread_blocked, id=11984, stack(0x0000005162400000,0x0000005162500000)]
  0x0000022cda5ea370 JavaThread "Unconstrained build operations Thread 8" [_thread_blocked, id=31300, stack(0x0000005162500000,0x0000005162600000)]
  0x0000022cda5ea880 JavaThread "Unconstrained build operations Thread 9" [_thread_blocked, id=12340, stack(0x0000005162600000,0x0000005162700000)]
  0x0000022cda5eb2a0 JavaThread "Unconstrained build operations Thread 10" [_thread_blocked, id=34664, stack(0x0000005162700000,0x0000005162800000)]
  0x0000022cd820b990 JavaThread "Unconstrained build operations Thread 11" [_thread_blocked, id=35304, stack(0x0000005162800000,0x0000005162900000)]
  0x0000022cd820a550 JavaThread "Unconstrained build operations Thread 12" [_thread_blocked, id=23824, stack(0x0000005162900000,0x0000005162a00000)]
  0x0000022cd820cdd0 JavaThread "Unconstrained build operations Thread 13" [_thread_blocked, id=27800, stack(0x0000005162a00000,0x0000005162b00000)]
  0x0000022cd820af70 JavaThread "Unconstrained build operations Thread 14" [_thread_blocked, id=2244, stack(0x0000005162b00000,0x0000005162c00000)]
  0x0000022cd820dd00 JavaThread "Unconstrained build operations Thread 15" [_thread_blocked, id=11772, stack(0x0000005162c00000,0x0000005162d00000)]
  0x0000022cd820bea0 JavaThread "Unconstrained build operations Thread 16" [_thread_blocked, id=14400, stack(0x0000005162d00000,0x0000005162e00000)]
  0x0000022cd820d7f0 JavaThread "Unconstrained build operations Thread 17" [_thread_blocked, id=13100, stack(0x0000005162e00000,0x0000005162f00000)]
  0x0000022cd820e210 JavaThread "Unconstrained build operations Thread 18" [_thread_blocked, id=12240, stack(0x0000005163100000,0x0000005163200000)]
  0x0000022cd820c3b0 JavaThread "build event listener" [_thread_blocked, id=19248, stack(0x0000005163200000,0x0000005163300000)]
  0x0000022cd820c8c0 JavaThread "ForkJoinPool.commonPool-worker-9" daemon [_thread_blocked, id=10340, stack(0x000000515e300000,0x000000515e400000)]
  0x0000022cd820ec30 JavaThread "included builds" [_thread_blocked, id=12156, stack(0x000000515e400000,0x000000515e500000)]
  0x0000022cd820b480 JavaThread "Execution worker" [_thread_blocked, id=24724, stack(0x000000515e500000,0x000000515e600000)]
  0x0000022cd8210070 JavaThread "Execution worker Thread 2" [_thread_blocked, id=10620, stack(0x0000005162f00000,0x0000005163000000)]
  0x0000022cd820f650 JavaThread "Execution worker Thread 3" [_thread_blocked, id=23388, stack(0x0000005163300000,0x0000005163400000)]
  0x0000022cd820f140 JavaThread "Cache worker for execution history cache (D:\MERN\React Native\FirebaseAuth\node_modules\@react-native\gradle-plugin\.gradle\9.0.0\executionHistory)" [_thread_blocked, id=180, stack(0x0000005163400000,0x0000005163500000)]
  0x0000022cd8210fa0 JavaThread "Execution worker Thread 4" [_thread_blocked, id=520, stack(0x0000005163500000,0x0000005163600000)]
  0x0000022cd82119c0 JavaThread "Execution worker Thread 5" [_thread_blocked, id=29172, stack(0x0000005163600000,0x0000005163700000)]
  0x0000022cd8211ed0 JavaThread "Execution worker Thread 6" [_thread_blocked, id=2568, stack(0x0000005163a00000,0x0000005163b00000)]
  0x0000022cda4dc2c0 JavaThread "Execution worker Thread 7" [_thread_blocked, id=15416, stack(0x0000005163b00000,0x0000005163c00000)]
  0x0000022cda4dae80 JavaThread "Unconstrained build operations Thread 19" [_thread_blocked, id=23996, stack(0x0000005163f00000,0x0000005164000000)]
  0x0000022cda4db8a0 JavaThread "Unconstrained build operations Thread 20" [_thread_blocked, id=11932, stack(0x0000005164000000,0x0000005164100000)]
  0x0000022cda4dcce0 JavaThread "Unconstrained build operations Thread 21" [_thread_blocked, id=31308, stack(0x0000005164100000,0x0000005164200000)]
  0x0000022cda4dbdb0 JavaThread "Unconstrained build operations Thread 22" [_thread_blocked, id=7536, stack(0x0000005164200000,0x0000005164300000)]
  0x0000022cda4da970 JavaThread "Unconstrained build operations Thread 23" [_thread_blocked, id=15696, stack(0x0000005164300000,0x0000005164400000)]
  0x0000022cda4db390 JavaThread "Unconstrained build operations Thread 24" [_thread_blocked, id=28080, stack(0x0000005164400000,0x0000005164500000)]
  0x0000022cda4dc7d0 JavaThread "Unconstrained build operations Thread 25" [_thread_blocked, id=31248, stack(0x0000005164500000,0x0000005164600000)]
  0x0000022cda4dd1f0 JavaThread "Unconstrained build operations Thread 26" [_thread_blocked, id=26364, stack(0x0000005164600000,0x0000005164700000)]
  0x0000022cda4d9a40 JavaThread "Unconstrained build operations Thread 27" [_thread_blocked, id=1640, stack(0x0000005164700000,0x0000005164800000)]
  0x0000022cda4ddc10 JavaThread "Unconstrained build operations Thread 28" [_thread_blocked, id=20632, stack(0x0000005164800000,0x0000005164900000)]
  0x0000022cda4da460 JavaThread "Unconstrained build operations Thread 29" [_thread_blocked, id=3020, stack(0x0000005164900000,0x0000005164a00000)]
  0x0000022cda4dfa70 JavaThread "Unconstrained build operations Thread 30" [_thread_blocked, id=4544, stack(0x0000005164a00000,0x0000005164b00000)]
  0x0000022cda4de120 JavaThread "Unconstrained build operations Thread 31" [_thread_blocked, id=9412, stack(0x0000005164b00000,0x0000005164c00000)]
  0x0000022cda4de630 JavaThread "Unconstrained build operations Thread 32" [_thread_blocked, id=1932, stack(0x0000005164c00000,0x0000005164d00000)]
  0x0000022cda4dff80 JavaThread "Unconstrained build operations Thread 33" [_thread_blocked, id=1224, stack(0x0000005164d00000,0x0000005164e00000)]
  0x0000022cda4deb40 JavaThread "Unconstrained build operations Thread 34" [_thread_blocked, id=16756, stack(0x0000005164e00000,0x0000005164f00000)]
  0x0000022cda4e09a0 JavaThread "Unconstrained build operations Thread 35" [_thread_blocked, id=22040, stack(0x0000005164f00000,0x0000005165000000)]
  0x0000022cdb7d3ee0 JavaThread "Unconstrained build operations Thread 36" [_thread_blocked, id=8952, stack(0x0000005165000000,0x0000005165100000)]
  0x0000022cdb7d34c0 JavaThread "Unconstrained build operations Thread 37" [_thread_blocked, id=35780, stack(0x0000005165100000,0x0000005165200000)]
  0x0000022cdb7d7180 JavaThread "Unconstrained build operations Thread 38" [_thread_blocked, id=9228, stack(0x0000005165200000,0x0000005165300000)]
  0x0000022cdb7d5d40 JavaThread "Unconstrained build operations Thread 39" [_thread_blocked, id=13600, stack(0x0000005165300000,0x0000005165400000)]
  0x0000022cdb7d39d0 JavaThread "Unconstrained build operations Thread 40" [_thread_blocked, id=35052, stack(0x0000005165400000,0x0000005165500000)]
  0x0000022cdb7da930 JavaThread "Unconstrained build operations Thread 41" [_thread_blocked, id=19528, stack(0x0000005165500000,0x0000005165600000)]
  0x0000022cdb7d7690 JavaThread "Unconstrained build operations Thread 42" [_thread_blocked, id=13836, stack(0x0000005165600000,0x0000005165700000)]
  0x0000022cdb7d7ba0 JavaThread "Unconstrained build operations Thread 43" [_thread_blocked, id=20836, stack(0x0000005165700000,0x0000005165800000)]
  0x0000022cdb7d80b0 JavaThread "Unconstrained build operations Thread 44" [_thread_blocked, id=5644, stack(0x0000005165800000,0x0000005165900000)]
  0x0000022cdb7d85c0 JavaThread "Unconstrained build operations Thread 45" [_thread_blocked, id=21120, stack(0x0000005165900000,0x0000005165a00000)]
  0x0000022cdb7d9a00 JavaThread "Unconstrained build operations Thread 46" [_thread_blocked, id=13576, stack(0x0000005165a00000,0x0000005165b00000)]
  0x0000022cdb7d94f0 JavaThread "Unconstrained build operations Thread 47" [_thread_blocked, id=17084, stack(0x0000005165b00000,0x0000005165c00000)]
  0x0000022cdb7d8ad0 JavaThread "Unconstrained build operations Thread 48" [_thread_blocked, id=17080, stack(0x0000005165c00000,0x0000005165d00000)]
  0x0000022cdb7d8fe0 JavaThread "Unconstrained build operations Thread 49" [_thread_blocked, id=28252, stack(0x0000005165d00000,0x0000005165e00000)]
  0x0000022cdb7da420 JavaThread "Unconstrained build operations Thread 50" [_thread_blocked, id=19360, stack(0x0000005165e00000,0x0000005165f00000)]
  0x0000022cd8957570 JavaThread "Unconstrained build operations Thread 51" [_thread_blocked, id=5180, stack(0x0000005165f00000,0x0000005166000000)]
  0x0000022cd89598e0 JavaThread "Unconstrained build operations Thread 52" [_thread_blocked, id=23140, stack(0x0000005166000000,0x0000005166100000)]
  0x0000022cd8958ec0 JavaThread "Unconstrained build operations Thread 53" [_thread_blocked, id=30424, stack(0x0000005166100000,0x0000005166200000)]
  0x0000022cd8957a80 JavaThread "Unconstrained build operations Thread 54" [_thread_blocked, id=13072, stack(0x0000005166200000,0x0000005166300000)]
  0x0000022cd8957f90 JavaThread "Unconstrained build operations Thread 55" [_thread_blocked, id=34800, stack(0x0000005166300000,0x0000005166400000)]
  0x0000022cd89593d0 JavaThread "Unconstrained build operations Thread 56" [_thread_blocked, id=3552, stack(0x0000005166400000,0x0000005166500000)]
  0x0000022cd89584a0 JavaThread "Unconstrained build operations Thread 57" [_thread_blocked, id=17184, stack(0x0000005166500000,0x0000005166600000)]
  0x0000022cd895a810 JavaThread "Unconstrained build operations Thread 58" [_thread_blocked, id=21612, stack(0x0000005166600000,0x0000005166700000)]
  0x0000022cd8959df0 JavaThread "Unconstrained build operations Thread 59" [_thread_blocked, id=15460, stack(0x0000005166700000,0x0000005166800000)]
  0x0000022cd8957060 JavaThread "Unconstrained build operations Thread 60" [_thread_blocked, id=33476, stack(0x0000005166800000,0x0000005166900000)]
  0x0000022cd89589b0 JavaThread "Unconstrained build operations Thread 61" [_thread_blocked, id=15560, stack(0x0000005166900000,0x0000005166a00000)]
  0x0000022cda99ac60 JavaThread "Unconstrained build operations Thread 62" [_thread_blocked, id=34076, stack(0x0000005166a00000,0x0000005166b00000)]
  0x0000022cda99a750 JavaThread "Unconstrained build operations Thread 63" [_thread_blocked, id=7460, stack(0x0000005166b00000,0x0000005166c00000)]
  0x0000022cda99a240 JavaThread "Unconstrained build operations Thread 64" [_thread_blocked, id=34068, stack(0x0000005166c00000,0x0000005166d00000)]
  0x0000022cda99b680 JavaThread "Unconstrained build operations Thread 65" [_thread_blocked, id=30568, stack(0x0000005166d00000,0x0000005166e00000)]
  0x0000022cda99c5b0 JavaThread "Unconstrained build operations Thread 66" [_thread_blocked, id=4044, stack(0x0000005166e00000,0x0000005166f00000)]
  0x0000022cd69e6040 JavaThread "Unconstrained build operations Thread 67" [_thread_blocked, id=25824, stack(0x0000005166f00000,0x0000005167000000)]
  0x0000022cd69e5620 JavaThread "Unconstrained build operations Thread 68" [_thread_blocked, id=8672, stack(0x0000005167000000,0x0000005167100000)]
  0x0000022cd69e83b0 JavaThread "build event listener" [_thread_blocked, id=6232, stack(0x0000005167100000,0x0000005167200000)]
  0x0000022cd69e6550 JavaThread "Problems report writer" [_thread_blocked, id=8704, stack(0x0000005167200000,0x0000005167300000)]
  0x0000022cd50cb620 JavaThread "Unconstrained build operations Thread 69" [_thread_blocked, id=34616, stack(0x0000005160000000,0x0000005160100000)]
  0x0000022cd50c8890 JavaThread "Unconstrained build operations Thread 70" [_thread_blocked, id=8504, stack(0x0000005167300000,0x0000005167400000)]
  0x0000022cd50c8da0 JavaThread "Unconstrained build operations Thread 71" [_thread_blocked, id=21652, stack(0x0000005167400000,0x0000005167500000)]
  0x0000022cd820aa60 JavaThread "Unconstrained build operations Thread 72" [_thread_blocked, id=21512, stack(0x0000005167500000,0x0000005167600000)]
  0x0000022ce204f5a0 JavaThread "Unconstrained build operations Thread 73" [_thread_blocked, id=23580, stack(0x0000005167600000,0x0000005167700000)]
  0x0000022ce20504d0 JavaThread "Unconstrained build operations Thread 74" [_thread_blocked, id=30524, stack(0x0000005167700000,0x0000005167800000)]
  0x0000022ce204ffc0 JavaThread "Unconstrained build operations Thread 75" [_thread_blocked, id=21076, stack(0x0000005167800000,0x0000005167900000)]
  0x0000022ce20509e0 JavaThread "Unconstrained build operations Thread 76" [_thread_blocked, id=10072, stack(0x0000005167900000,0x0000005167a00000)]
  0x0000022ce2051e20 JavaThread "Unconstrained build operations Thread 77" [_thread_blocked, id=26180, stack(0x0000005167c00000,0x0000005167d00000)]
  0x0000022ce2050ef0 JavaThread "Unconstrained build operations Thread 78" [_thread_blocked, id=10588, stack(0x0000005167d00000,0x0000005167e00000)]
  0x0000022ce2051400 JavaThread "Unconstrained build operations Thread 79" [_thread_blocked, id=22644, stack(0x0000005167e00000,0x0000005167f00000)]
  0x0000022ce2051910 JavaThread "Unconstrained build operations Thread 80" [_thread_blocked, id=16532, stack(0x0000005167f00000,0x0000005168000000)]
  0x0000022ce204fab0 JavaThread "Exec process Thread 4" [_thread_blocked, id=27004, stack(0x0000005168300000,0x0000005168400000)]
  0x0000022ce204eb80 JavaThread "Exec process Thread 5" [_thread_blocked, id=17432, stack(0x0000005168500000,0x0000005168600000)]
  0x0000022ce2052330 JavaThread "Exec process Thread 6" [_thread_blocked, id=34172, stack(0x0000005168600000,0x0000005168700000)]
  0x0000022ce2052d50 JavaThread "Cache worker for execution history cache (D:\MERN\React Native\FirebaseAuth\android\.gradle\9.0.0\executionHistory)" [_thread_blocked, id=27484, stack(0x0000005168a00000,0x0000005168b00000)]
  0x0000022ce20550c0 JavaThread "WorkerExecutor Queue" [_thread_blocked, id=5308, stack(0x0000005162100000,0x0000005162200000)]
  0x0000022ce20555d0 JavaThread "WorkerExecutor Queue Thread 2" [_thread_blocked, id=28456, stack(0x0000005168400000,0x0000005168500000)]
  0x0000022ce2053260 JavaThread "WorkerExecutor Queue Thread 3" [_thread_blocked, id=17920, stack(0x0000005168700000,0x0000005168800000)]
  0x0000022ce2053c80 JavaThread "WorkerExecutor Queue Thread 4" [_thread_blocked, id=24880, stack(0x0000005168b00000,0x0000005168c00000)]
  0x0000022ce2054190 JavaThread "WorkerExecutor Queue Thread 5" [_thread_blocked, id=26016, stack(0x0000005168d00000,0x0000005168e00000)]
  0x0000022ce2054bb0 JavaThread "WorkerExecutor Queue Thread 6" [_thread_blocked, id=24056, stack(0x0000005168e00000,0x0000005168f00000)]
  0x0000022ce2055ff0 JavaThread "WorkerExecutor Queue Thread 7" [_thread_blocked, id=16764, stack(0x0000005168f00000,0x0000005169000000)]
  0x0000022cd76d2980 JavaThread "C2 CompilerThread1" daemon [_thread_blocked, id=30888, stack(0x0000005168c00000,0x0000005168d00000)]
  0x0000022ce2055ae0 JavaThread "WorkerExecutor Queue Thread 8" [_thread_blocked, id=8664, stack(0x0000005169000000,0x0000005169100000)]

Other Threads:
=>0x0000022cb5d83350 VMThread "VM Thread" [stack: 0x000000515ec00000,0x000000515ed00000] [id=6220]
  0x0000022c927a2830 WatcherThread [stack: 0x000000515f800000,0x000000515f900000] [id=15520]
  0x0000022c92785df0 GCTaskThread "GC Thread#0" [stack: 0x000000515e700000,0x000000515e800000] [id=35440]
  0x0000022cd544b460 GCTaskThread "GC Thread#1" [stack: 0x000000515fa00000,0x000000515fb00000] [id=7240]
  0x0000022cd53fdf30 GCTaskThread "GC Thread#2" [stack: 0x000000515fb00000,0x000000515fc00000] [id=16008]
  0x0000022cd5bfece0 GCTaskThread "GC Thread#3" [stack: 0x000000515fc00000,0x000000515fd00000] [id=9340]
  0x0000022cd5921600 GCTaskThread "GC Thread#4" [stack: 0x000000515fd00000,0x000000515fe00000] [id=35000]
  0x0000022cd6e3ffb0 GCTaskThread "GC Thread#5" [stack: 0x0000005160c00000,0x0000005160d00000] [id=28884]
  0x0000022cd8a1b6d0 GCTaskThread "GC Thread#6" [stack: 0x0000005160d00000,0x0000005160e00000] [id=29876]
  0x0000022cd8a1b990 GCTaskThread "GC Thread#7" [stack: 0x0000005160e00000,0x0000005160f00000] [id=33584]
  0x0000022c927980c0 ConcurrentGCThread "G1 Main Marker" [stack: 0x000000515e800000,0x000000515e900000] [id=19832]
  0x0000022c927989e0 ConcurrentGCThread "G1 Conc#0" [stack: 0x000000515e900000,0x000000515ea00000] [id=32864]
  0x0000022cd7af8390 ConcurrentGCThread "G1 Conc#1" [stack: 0x0000005160f00000,0x0000005161000000] [id=8584]
  0x0000022cb5c420c0 ConcurrentGCThread "G1 Refine#0" [stack: 0x000000515ea00000,0x000000515eb00000] [id=28864]
  0x0000022cd5844400 ConcurrentGCThread "G1 Refine#1" [stack: 0x000000515fe00000,0x000000515ff00000] [id=7712]
  0x0000022cd846bd00 ConcurrentGCThread "G1 Refine#2" [stack: 0x0000005161900000,0x0000005161a00000] [id=4652]
  0x0000022cb5c42a00 ConcurrentGCThread "G1 Service" [stack: 0x000000515eb00000,0x000000515ec00000] [id=28064]

Threads with active compile tasks:
C2 CompilerThread0   194669 23794   !   4       java.io.ObjectOutputStream::writeObject0 (620 bytes)
C1 CompilerThread0   194669 25184       2       com.android.aapt.Resources$Attribute::getSerializedSize (126 bytes)
C2 CompilerThread1   194669 24886       4       com.google.common.collect.ImmutableMultimap$Builder::put (52 bytes)

VM state: at safepoint (normal execution)

VM Mutex/Monitor currently owned by a thread:  ([mutex/lock_event])
[0x0000022c927135a0] Threads_lock - owner thread: 0x0000022cb5d83350
[0x0000022c92713990] Heap_lock - owner thread: 0x0000022cda5e4340

Heap address: 0x0000000700000000, size: 4096 MB, Compressed Oops mode: Zero based, Oop shift amount: 3

CDS archive(s) mapped at: [0x0000022cb6000000-0x0000022cb6bd0000-0x0000022cb6bd0000), size 12386304, SharedBaseAddress: 0x0000022cb6000000, ArchiveRelocationMode: 1.
Compressed class space mapped at: 0x0000022cb7000000-0x0000022cd1000000, reserved size: 436207616
Narrow klass base: 0x0000022cb6000000, Narrow klass shift: 0, Narrow klass range: 0x100000000

GC Precious Log:
 CPUs: 8 total, 8 available
 Memory: 8030M
 Large Page Support: Disabled
 NUMA Support: Disabled
 Compressed Oops: Enabled (Zero based)
 Heap Region Size: 2M
 Heap Min Capacity: 8M
 Heap Initial Capacity: 126M
 Heap Max Capacity: 4G
 Pre-touch: Disabled
 Parallel Workers: 8
 Concurrent Workers: 2
 Concurrent Refinement Workers: 8
 Periodic GC: Disabled

Heap:
 garbage-first heap   total 495616K, used 243753K [0x0000000700000000, 0x0000000800000000)
  region size 2048K, 6 young (12288K), 6 survivors (12288K)
 Metaspace       used 134153K, committed 136256K, reserved 557056K
  class space    used 18224K, committed 19264K, reserved 425984K

Heap Regions: E=young(eden), S=young(survivor), O=old, HS=humongous(starts), HC=humongous(continues), CS=collection set, F=free, OA=open archive, CA=closed archive, TAMS=top-at-mark-start (previous, next)
|   0|0x0000000700000000, 0x0000000700200000, 0x0000000700200000|100%|HS|  |TAMS 0x0000000700200000, 0x0000000700000000| Complete 
|   1|0x0000000700200000, 0x0000000700400000, 0x0000000700400000|100%|HC|  |TAMS 0x0000000700400000, 0x0000000700200000| Complete 
|   2|0x0000000700400000, 0x0000000700600000, 0x0000000700600000|100%| O|  |TAMS 0x0000000700600000, 0x0000000700400000| Untracked 
|   3|0x0000000700600000, 0x0000000700800000, 0x0000000700800000|100%| O|  |TAMS 0x0000000700800000, 0x0000000700600000| Untracked 
|   4|0x0000000700800000, 0x0000000700a00000, 0x0000000700a00000|100%| O|  |TAMS 0x0000000700a00000, 0x0000000700800000| Untracked 
|   5|0x0000000700a00000, 0x0000000700c00000, 0x0000000700c00000|100%| O|  |TAMS 0x0000000700c00000, 0x0000000700a00000| Untracked 
|   6|0x0000000700c00000, 0x0000000700e00000, 0x0000000700e00000|100%| O|  |TAMS 0x0000000700e00000, 0x0000000700c00000| Untracked 
|   7|0x0000000700e00000, 0x0000000700fbc800, 0x0000000701000000| 86%| O|  |TAMS 0x0000000700fbc800, 0x0000000700e00000| Untracked 
|   8|0x0000000701000000, 0x0000000701200000, 0x0000000701200000|100%| O|  |TAMS 0x0000000701200000, 0x0000000701000000| Untracked 
|   9|0x0000000701200000, 0x0000000701400000, 0x0000000701400000|100%| O|  |TAMS 0x0000000701400000, 0x0000000701200000| Untracked 
|  10|0x0000000701400000, 0x0000000701600000, 0x0000000701600000|100%| O|  |TAMS 0x0000000701600000, 0x0000000701400000| Untracked 
|  11|0x0000000701600000, 0x0000000701800000, 0x0000000701800000|100%| O|  |TAMS 0x0000000701800000, 0x0000000701600000| Untracked 
|  12|0x0000000701800000, 0x0000000701a00000, 0x0000000701a00000|100%| O|  |TAMS 0x0000000701a00000, 0x0000000701800000| Untracked 
|  13|0x0000000701a00000, 0x0000000701c00000, 0x0000000701c00000|100%| O|  |TAMS 0x0000000701c00000, 0x0000000701a00000| Untracked 
|  14|0x0000000701c00000, 0x0000000701e00000, 0x0000000701e00000|100%| O|  |TAMS 0x0000000701e00000, 0x0000000701c00000| Untracked 
|  15|0x0000000701e00000, 0x0000000702000000, 0x0000000702000000|100%| O|  |TAMS 0x0000000702000000, 0x0000000701e00000| Untracked 
|  16|0x0000000702000000, 0x0000000702200000, 0x0000000702200000|100%| O|  |TAMS 0x0000000702200000, 0x0000000702000000| Untracked 
|  17|0x0000000702200000, 0x0000000702400000, 0x0000000702400000|100%| O|  |TAMS 0x0000000702400000, 0x0000000702200000| Untracked 
|  18|0x0000000702400000, 0x0000000702600000, 0x0000000702600000|100%| O|  |TAMS 0x0000000702600000, 0x0000000702400000| Untracked 
|  19|0x0000000702600000, 0x0000000702800000, 0x0000000702800000|100%| O|  |TAMS 0x0000000702600000, 0x0000000702600000| Untracked 
|  20|0x0000000702800000, 0x0000000702a00000, 0x0000000702a00000|100%| O|  |TAMS 0x0000000702800000, 0x0000000702800000| Untracked 
|  21|0x0000000702a00000, 0x0000000702c00000, 0x0000000702c00000|100%|HS|  |TAMS 0x0000000702c00000, 0x0000000702a00000| Complete 
|  22|0x0000000702c00000, 0x0000000702e00000, 0x0000000702e00000|100%|HC|  |TAMS 0x0000000702e00000, 0x0000000702c00000| Complete 
|  23|0x0000000702e00000, 0x0000000703000000, 0x0000000703000000|100%|HS|  |TAMS 0x0000000703000000, 0x0000000702e00000| Complete 
|  24|0x0000000703000000, 0x0000000703200000, 0x0000000703200000|100%|HC|  |TAMS 0x0000000703200000, 0x0000000703000000| Complete 
|  25|0x0000000703200000, 0x0000000703200000, 0x0000000703400000|  0%| F|  |TAMS 0x0000000703200000, 0x0000000703200000| Untracked 
|  26|0x0000000703400000, 0x0000000703600000, 0x0000000703600000|100%| O|  |TAMS 0x0000000703600000, 0x0000000703400000| Untracked 
|  27|0x0000000703600000, 0x0000000703800000, 0x0000000703800000|100%| O|  |TAMS 0x0000000703800000, 0x0000000703600000| Untracked 
|  28|0x0000000703800000, 0x0000000703a00000, 0x0000000703a00000|100%| O|  |TAMS 0x0000000703a00000, 0x0000000703800000| Untracked 
|  29|0x0000000703a00000, 0x0000000703c00000, 0x0000000703c00000|100%| O|  |TAMS 0x0000000703c00000, 0x0000000703a00000| Untracked 
|  30|0x0000000703c00000, 0x0000000703e00000, 0x0000000703e00000|100%| O|  |TAMS 0x0000000703e00000, 0x0000000703c00000| Untracked 
|  31|0x0000000703e00000, 0x0000000704000000, 0x0000000704000000|100%|HS|  |TAMS 0x0000000703e00000, 0x0000000703e00000| Complete 
|  32|0x0000000704000000, 0x0000000704200000, 0x0000000704200000|100%| O|  |TAMS 0x0000000704200000, 0x0000000704000000| Untracked 
|  33|0x0000000704200000, 0x0000000704400000, 0x0000000704400000|100%| O|  |TAMS 0x0000000704200000, 0x0000000704200000| Untracked 
|  34|0x0000000704400000, 0x0000000704600000, 0x0000000704600000|100%| O|  |TAMS 0x0000000704400000, 0x0000000704400000| Untracked 
|  35|0x0000000704600000, 0x0000000704800000, 0x0000000704800000|100%| O|  |TAMS 0x0000000704600000, 0x0000000704600000| Untracked 
|  36|0x0000000704800000, 0x0000000704a00000, 0x0000000704a00000|100%| O|  |TAMS 0x0000000704a00000, 0x0000000704800000| Untracked 
|  37|0x0000000704a00000, 0x0000000704c00000, 0x0000000704c00000|100%| O|  |TAMS 0x0000000704c00000, 0x0000000704a00000| Untracked 
|  38|0x0000000704c00000, 0x0000000704e00000, 0x0000000704e00000|100%| O|  |TAMS 0x0000000704c00000, 0x0000000704c00000| Untracked 
|  39|0x0000000704e00000, 0x0000000705000000, 0x0000000705000000|100%| O|  |TAMS 0x0000000705000000, 0x0000000704e00000| Untracked 
|  40|0x0000000705000000, 0x0000000705200000, 0x0000000705200000|100%| O|  |TAMS 0x0000000705200000, 0x0000000705000000| Untracked 
|  41|0x0000000705200000, 0x0000000705400000, 0x0000000705400000|100%| O|  |TAMS 0x0000000705400000, 0x0000000705200000| Untracked 
|  42|0x0000000705400000, 0x0000000705600000, 0x0000000705600000|100%| O|  |TAMS 0x0000000705600000, 0x0000000705400000| Untracked 
|  43|0x0000000705600000, 0x0000000705800000, 0x0000000705800000|100%| O|  |TAMS 0x0000000705800000, 0x0000000705600000| Untracked 
|  44|0x0000000705800000, 0x0000000705a00000, 0x0000000705a00000|100%| O|  |TAMS 0x0000000705a00000, 0x0000000705800000| Untracked 
|  45|0x0000000705a00000, 0x0000000705c00000, 0x0000000705c00000|100%| O|  |TAMS 0x0000000705c00000, 0x0000000705a00000| Untracked 
|  46|0x0000000705c00000, 0x0000000705e00000, 0x0000000705e00000|100%| O|  |TAMS 0x0000000705e00000, 0x0000000705c00000| Untracked 
|  47|0x0000000705e00000, 0x0000000706000000, 0x0000000706000000|100%| O|  |TAMS 0x0000000706000000, 0x0000000705e00000| Untracked 
|  48|0x0000000706000000, 0x0000000706200000, 0x0000000706200000|100%| O|  |TAMS 0x0000000706200000, 0x0000000706000000| Untracked 
|  49|0x0000000706200000, 0x0000000706400000, 0x0000000706400000|100%| O|  |TAMS 0x0000000706400000, 0x0000000706200000| Untracked 
|  50|0x0000000706400000, 0x0000000706600000, 0x0000000706600000|100%|HS|  |TAMS 0x0000000706600000, 0x0000000706400000| Complete 
|  51|0x0000000706600000, 0x0000000706800000, 0x0000000706800000|100%|HC|  |TAMS 0x0000000706800000, 0x0000000706600000| Complete 
|  52|0x0000000706800000, 0x0000000706a00000, 0x0000000706a00000|100%| O|  |TAMS 0x0000000706a00000, 0x0000000706800000| Untracked 
|  53|0x0000000706a00000, 0x0000000706c00000, 0x0000000706c00000|100%| O|  |TAMS 0x0000000706c00000, 0x0000000706a00000| Untracked 
|  54|0x0000000706c00000, 0x0000000706e00000, 0x0000000706e00000|100%| O|  |TAMS 0x0000000706e00000, 0x0000000706c00000| Untracked 
|  55|0x0000000706e00000, 0x0000000707000000, 0x0000000707000000|100%| O|  |TAMS 0x0000000707000000, 0x0000000706e00000| Untracked 
|  56|0x0000000707000000, 0x0000000707200000, 0x0000000707200000|100%| O|  |TAMS 0x0000000707200000, 0x0000000707000000| Untracked 
|  57|0x0000000707200000, 0x0000000707400000, 0x0000000707400000|100%| O|  |TAMS 0x0000000707400000, 0x0000000707200000| Untracked 
|  58|0x0000000707400000, 0x0000000707600000, 0x0000000707600000|100%| O|  |TAMS 0x0000000707600000, 0x0000000707400000| Untracked 
|  59|0x0000000707600000, 0x0000000707800000, 0x0000000707800000|100%| O|  |TAMS 0x0000000707800000, 0x0000000707600000| Untracked 
|  60|0x0000000707800000, 0x0000000707800000, 0x0000000707a00000|  0%| F|  |TAMS 0x0000000707800000, 0x0000000707800000| Untracked 
|  61|0x0000000707a00000, 0x0000000707c00000, 0x0000000707c00000|100%| O|  |TAMS 0x0000000707c00000, 0x0000000707a00000| Untracked 
|  62|0x0000000707c00000, 0x0000000707e00000, 0x0000000707e00000|100%| O|  |TAMS 0x0000000707e00000, 0x0000000707c00000| Untracked 
|  63|0x0000000707e00000, 0x0000000708000000, 0x0000000708000000|100%| O|  |TAMS 0x0000000707e00000, 0x0000000707e00000| Untracked 
|  64|0x0000000708000000, 0x0000000708200000, 0x0000000708200000|100%| O|  |TAMS 0x0000000708000000, 0x0000000708000000| Untracked 
|  65|0x0000000708200000, 0x0000000708200000, 0x0000000708400000|  0%| F|  |TAMS 0x0000000708200000, 0x0000000708200000| Untracked 
|  66|0x0000000708400000, 0x0000000708600000, 0x0000000708600000|100%| O|  |TAMS 0x0000000708400000, 0x0000000708400000| Untracked 
|  67|0x0000000708600000, 0x0000000708800000, 0x0000000708800000|100%| O|  |TAMS 0x0000000708800000, 0x0000000708600000| Untracked 
|  68|0x0000000708800000, 0x0000000708a00000, 0x0000000708a00000|100%| O|  |TAMS 0x0000000708a00000, 0x0000000708800000| Untracked 
|  69|0x0000000708a00000, 0x0000000708c00000, 0x0000000708c00000|100%| O|  |TAMS 0x0000000708c00000, 0x0000000708a00000| Untracked 
|  70|0x0000000708c00000, 0x0000000708e00000, 0x0000000708e00000|100%| O|  |TAMS 0x0000000708e00000, 0x0000000708c00000| Untracked 
|  71|0x0000000708e00000, 0x0000000709000000, 0x0000000709000000|100%|HS|  |TAMS 0x0000000709000000, 0x0000000708e00000| Complete 
|  72|0x0000000709000000, 0x0000000709200000, 0x0000000709200000|100%| O|  |TAMS 0x0000000709200000, 0x0000000709000000| Untracked 
|  73|0x0000000709200000, 0x0000000709400000, 0x0000000709400000|100%| O|  |TAMS 0x0000000709400000, 0x0000000709200000| Untracked 
|  74|0x0000000709400000, 0x0000000709600000, 0x0000000709600000|100%| O|  |TAMS 0x0000000709400000, 0x0000000709400000| Untracked 
|  75|0x0000000709600000, 0x0000000709800000, 0x0000000709800000|100%| O|  |TAMS 0x0000000709800000, 0x0000000709600000| Untracked 
|  76|0x0000000709800000, 0x0000000709a00000, 0x0000000709a00000|100%| O|  |TAMS 0x0000000709800000, 0x0000000709800000| Untracked 
|  77|0x0000000709a00000, 0x0000000709c00000, 0x0000000709c00000|100%| O|  |TAMS 0x0000000709c00000, 0x0000000709a00000| Untracked 
|  78|0x0000000709c00000, 0x0000000709e00000, 0x0000000709e00000|100%| O|  |TAMS 0x0000000709e00000, 0x0000000709c00000| Untracked 
|  79|0x0000000709e00000, 0x000000070a000000, 0x000000070a000000|100%| O|  |TAMS 0x0000000709ebe400, 0x0000000709e00000| Untracked 
|  80|0x000000070a000000, 0x000000070a200000, 0x000000070a200000|100%| O|  |TAMS 0x000000070a000000, 0x000000070a000000| Untracked 
|  81|0x000000070a200000, 0x000000070a400000, 0x000000070a400000|100%| O|  |TAMS 0x000000070a200000, 0x000000070a200000| Untracked 
|  82|0x000000070a400000, 0x000000070a600000, 0x000000070a600000|100%| O|  |TAMS 0x000000070a400000, 0x000000070a400000| Untracked 
|  83|0x000000070a600000, 0x000000070a800000, 0x000000070a800000|100%| O|  |TAMS 0x000000070a800000, 0x000000070a600000| Untracked 
|  84|0x000000070a800000, 0x000000070aa00000, 0x000000070aa00000|100%| O|  |TAMS 0x000000070aa00000, 0x000000070a800000| Untracked 
|  85|0x000000070aa00000, 0x000000070ac00000, 0x000000070ac00000|100%| O|  |TAMS 0x000000070aa00000, 0x000000070aa00000| Untracked 
|  86|0x000000070ac00000, 0x000000070ac00000, 0x000000070ae00000|  0%| F|  |TAMS 0x000000070ac00000, 0x000000070ac00000| Untracked 
|  87|0x000000070ae00000, 0x000000070ae7c000, 0x000000070b000000| 24%| O|  |TAMS 0x000000070ae00000, 0x000000070ae00000| Untracked 
|  88|0x000000070b000000, 0x000000070b000000, 0x000000070b200000|  0%| F|  |TAMS 0x000000070b000000, 0x000000070b000000| Untracked 
|  89|0x000000070b200000, 0x000000070b200000, 0x000000070b400000|  0%| F|  |TAMS 0x000000070b200000, 0x000000070b200000| Untracked 
|  90|0x000000070b400000, 0x000000070b400000, 0x000000070b600000|  0%| F|  |TAMS 0x000000070b400000, 0x000000070b400000| Untracked 
|  91|0x000000070b600000, 0x000000070b600000, 0x000000070b800000|  0%| F|  |TAMS 0x000000070b600000, 0x000000070b600000| Untracked 
|  92|0x000000070b800000, 0x000000070b800000, 0x000000070ba00000|  0%| F|  |TAMS 0x000000070b800000, 0x000000070b800000| Untracked 
|  93|0x000000070ba00000, 0x000000070ba00000, 0x000000070bc00000|  0%| F|  |TAMS 0x000000070ba00000, 0x000000070ba00000| Untracked 
|  94|0x000000070bc00000, 0x000000070bc00000, 0x000000070be00000|  0%| F|  |TAMS 0x000000070bc00000, 0x000000070bc00000| Untracked 
|  95|0x000000070be00000, 0x000000070be00000, 0x000000070c000000|  0%| F|  |TAMS 0x000000070be00000, 0x000000070be00000| Untracked 
|  96|0x000000070c000000, 0x000000070c000000, 0x000000070c200000|  0%| F|  |TAMS 0x000000070c000000, 0x000000070c000000| Untracked 
|  97|0x000000070c200000, 0x000000070c200000, 0x000000070c400000|  0%| F|  |TAMS 0x000000070c200000, 0x000000070c200000| Untracked 
|  98|0x000000070c400000, 0x000000070c400000, 0x000000070c600000|  0%| F|  |TAMS 0x000000070c400000, 0x000000070c400000| Untracked 
|  99|0x000000070c600000, 0x000000070c600000, 0x000000070c800000|  0%| F|  |TAMS 0x000000070c600000, 0x000000070c600000| Untracked 
| 100|0x000000070c800000, 0x000000070c800000, 0x000000070ca00000|  0%| F|  |TAMS 0x000000070c800000, 0x000000070c800000| Untracked 
| 101|0x000000070ca00000, 0x000000070ca00000, 0x000000070cc00000|  0%| F|  |TAMS 0x000000070ca00000, 0x000000070ca00000| Untracked 
| 102|0x000000070cc00000, 0x000000070cc00000, 0x000000070ce00000|  0%| F|  |TAMS 0x000000070cc00000, 0x000000070cc00000| Untracked 
| 103|0x000000070ce00000, 0x000000070ce00000, 0x000000070d000000|  0%| F|  |TAMS 0x000000070ce00000, 0x000000070ce00000| Untracked 
| 104|0x000000070d000000, 0x000000070d200000, 0x000000070d200000|100%| O|  |TAMS 0x000000070d200000, 0x000000070d000000| Untracked 
| 105|0x000000070d200000, 0x000000070d200000, 0x000000070d400000|  0%| F|  |TAMS 0x000000070d200000, 0x000000070d200000| Untracked 
| 106|0x000000070d400000, 0x000000070d600000, 0x000000070d600000|100%| O|  |TAMS 0x000000070d600000, 0x000000070d400000| Untracked 
| 107|0x000000070d600000, 0x000000070d800000, 0x000000070d800000|100%| O|  |TAMS 0x000000070d800000, 0x000000070d600000| Untracked 
| 108|0x000000070d800000, 0x000000070da00000, 0x000000070da00000|100%| O|  |TAMS 0x000000070da00000, 0x000000070d800000| Untracked 
| 109|0x000000070da00000, 0x000000070dc00000, 0x000000070dc00000|100%| O|  |TAMS 0x000000070dc00000, 0x000000070da00000| Untracked 
| 110|0x000000070dc00000, 0x000000070de00000, 0x000000070de00000|100%| O|  |TAMS 0x000000070de00000, 0x000000070dc00000| Untracked 
| 111|0x000000070de00000, 0x000000070e000000, 0x000000070e000000|100%| O|  |TAMS 0x000000070e000000, 0x000000070de00000| Untracked 
| 112|0x000000070e000000, 0x000000070e200000, 0x000000070e200000|100%| O|  |TAMS 0x000000070e200000, 0x000000070e000000| Untracked 
| 113|0x000000070e200000, 0x000000070e400000, 0x000000070e400000|100%| O|  |TAMS 0x000000070e400000, 0x000000070e200000| Untracked 
| 114|0x000000070e400000, 0x000000070e600000, 0x000000070e600000|100%| O|  |TAMS 0x000000070e600000, 0x000000070e400000| Untracked 
| 115|0x000000070e600000, 0x000000070e800000, 0x000000070e800000|100%| O|  |TAMS 0x000000070e800000, 0x000000070e600000| Untracked 
| 116|0x000000070e800000, 0x000000070ea00000, 0x000000070ea00000|100%| O|  |TAMS 0x000000070ea00000, 0x000000070e800000| Untracked 
| 117|0x000000070ea00000, 0x000000070ec00000, 0x000000070ec00000|100%| O|  |TAMS 0x000000070ec00000, 0x000000070ea00000| Untracked 
| 118|0x000000070ec00000, 0x000000070ee00000, 0x000000070ee00000|100%| O|  |TAMS 0x000000070ee00000, 0x000000070ec00000| Untracked 
| 119|0x000000070ee00000, 0x000000070f000000, 0x000000070f000000|100%| O|  |TAMS 0x000000070f000000, 0x000000070ee00000| Untracked 
| 120|0x000000070f000000, 0x000000070f000000, 0x000000070f200000|  0%| F|  |TAMS 0x000000070f000000, 0x000000070f000000| Untracked 
| 121|0x000000070f200000, 0x000000070f200000, 0x000000070f400000|  0%| F|  |TAMS 0x000000070f200000, 0x000000070f200000| Untracked 
| 122|0x000000070f400000, 0x000000070f600000, 0x000000070f600000|100%| O|  |TAMS 0x000000070f600000, 0x000000070f400000| Untracked 
| 123|0x000000070f600000, 0x000000070f800000, 0x000000070f800000|100%| O|  |TAMS 0x000000070f800000, 0x000000070f600000| Untracked 
| 124|0x000000070f800000, 0x000000070fa00000, 0x000000070fa00000|100%| O|  |TAMS 0x000000070fa00000, 0x000000070f800000| Untracked 
| 125|0x000000070fa00000, 0x000000070fc00000, 0x000000070fc00000|100%| O|  |TAMS 0x000000070fc00000, 0x000000070fa00000| Untracked 
| 126|0x000000070fc00000, 0x000000070fe00000, 0x000000070fe00000|100%| O|  |TAMS 0x000000070fe00000, 0x000000070fc00000| Untracked 
| 127|0x000000070fe00000, 0x0000000710000000, 0x0000000710000000|100%| O|  |TAMS 0x0000000710000000, 0x000000070fe00000| Untracked 
| 128|0x0000000710000000, 0x0000000710200000, 0x0000000710200000|100%| O|  |TAMS 0x0000000710200000, 0x0000000710000000| Untracked 
| 129|0x0000000710200000, 0x0000000710400000, 0x0000000710400000|100%| O|  |TAMS 0x0000000710400000, 0x0000000710200000| Untracked 
| 130|0x0000000710400000, 0x0000000710600000, 0x0000000710600000|100%| O|  |TAMS 0x0000000710600000, 0x0000000710400000| Untracked 
| 131|0x0000000710600000, 0x0000000710800000, 0x0000000710800000|100%| O|  |TAMS 0x0000000710800000, 0x0000000710600000| Untracked 
| 132|0x0000000710800000, 0x0000000710a00000, 0x0000000710a00000|100%| O|  |TAMS 0x0000000710a00000, 0x0000000710800000| Untracked 
| 133|0x0000000710a00000, 0x0000000710c00000, 0x0000000710c00000|100%| O|  |TAMS 0x0000000710c00000, 0x0000000710a00000| Untracked 
| 134|0x0000000710c00000, 0x0000000710e00000, 0x0000000710e00000|100%| O|  |TAMS 0x0000000710e00000, 0x0000000710c00000| Untracked 
| 135|0x0000000710e00000, 0x0000000711000000, 0x0000000711000000|100%| O|  |TAMS 0x0000000711000000, 0x0000000710e00000| Untracked 
| 136|0x0000000711000000, 0x0000000711200000, 0x0000000711200000|100%| O|  |TAMS 0x0000000711200000, 0x0000000711000000| Untracked 
| 137|0x0000000711200000, 0x0000000711200000, 0x0000000711400000|  0%| F|  |TAMS 0x0000000711200000, 0x0000000711200000| Untracked 
| 138|0x0000000711400000, 0x0000000711400000, 0x0000000711600000|  0%| F|  |TAMS 0x0000000711400000, 0x0000000711400000| Untracked 
| 139|0x0000000711600000, 0x0000000711600000, 0x0000000711800000|  0%| F|  |TAMS 0x0000000711600000, 0x0000000711600000| Untracked 
| 140|0x0000000711800000, 0x0000000711800000, 0x0000000711a00000|  0%| F|  |TAMS 0x0000000711800000, 0x0000000711800000| Untracked 
| 141|0x0000000711a00000, 0x0000000711a00000, 0x0000000711c00000|  0%| F|  |TAMS 0x0000000711a00000, 0x0000000711a00000| Untracked 
| 142|0x0000000711c00000, 0x0000000711c00000, 0x0000000711e00000|  0%| F|  |TAMS 0x0000000711c00000, 0x0000000711c00000| Untracked 
| 143|0x0000000711e00000, 0x0000000711e00000, 0x0000000712000000|  0%| F|  |TAMS 0x0000000711e00000, 0x0000000711e00000| Untracked 
| 144|0x0000000712000000, 0x0000000712000000, 0x0000000712200000|  0%| F|  |TAMS 0x0000000712000000, 0x0000000712000000| Untracked 
| 145|0x0000000712200000, 0x0000000712200000, 0x0000000712400000|  0%| F|  |TAMS 0x0000000712200000, 0x0000000712200000| Untracked 
| 146|0x0000000712400000, 0x0000000712400000, 0x0000000712600000|  0%| F|  |TAMS 0x0000000712400000, 0x0000000712400000| Untracked 
| 147|0x0000000712600000, 0x0000000712600000, 0x0000000712800000|  0%| F|  |TAMS 0x0000000712600000, 0x0000000712600000| Untracked 
| 148|0x0000000712800000, 0x0000000712800000, 0x0000000712a00000|  0%| F|  |TAMS 0x0000000712800000, 0x0000000712800000| Untracked 
| 149|0x0000000712a00000, 0x0000000712a00000, 0x0000000712c00000|  0%| F|  |TAMS 0x0000000712a00000, 0x0000000712a00000| Untracked 
| 150|0x0000000712c00000, 0x0000000712c00000, 0x0000000712e00000|  0%| F|  |TAMS 0x0000000712c00000, 0x0000000712c00000| Untracked 
| 151|0x0000000712e00000, 0x0000000712e00000, 0x0000000713000000|  0%| F|  |TAMS 0x0000000712e00000, 0x0000000712e00000| Untracked 
| 152|0x0000000713000000, 0x0000000713000000, 0x0000000713200000|  0%| F|  |TAMS 0x0000000713000000, 0x0000000713000000| Untracked 
| 153|0x0000000713200000, 0x00000007133d1d20, 0x0000000713400000| 90%| S|CS|TAMS 0x0000000713200000, 0x0000000713200000| Complete 
| 154|0x0000000713400000, 0x0000000713600000, 0x0000000713600000|100%| S|CS|TAMS 0x0000000713400000, 0x0000000713400000| Complete 
| 155|0x0000000713600000, 0x0000000713800000, 0x0000000713800000|100%| S|CS|TAMS 0x0000000713600000, 0x0000000713600000| Complete 
| 156|0x0000000713800000, 0x0000000713a00000, 0x0000000713a00000|100%| S|CS|TAMS 0x0000000713800000, 0x0000000713800000| Complete 
| 157|0x0000000713a00000, 0x0000000713c00000, 0x0000000713c00000|100%| S|CS|TAMS 0x0000000713a00000, 0x0000000713a00000| Complete 
| 158|0x0000000713c00000, 0x0000000713e00000, 0x0000000713e00000|100%| S|CS|TAMS 0x0000000713c00000, 0x0000000713c00000| Complete 
| 159|0x0000000713e00000, 0x0000000713e00000, 0x0000000714000000|  0%| F|  |TAMS 0x0000000713e00000, 0x0000000713e00000| Untracked 
| 160|0x0000000714000000, 0x0000000714000000, 0x0000000714200000|  0%| F|  |TAMS 0x0000000714000000, 0x0000000714000000| Untracked 
| 161|0x0000000714200000, 0x0000000714200000, 0x0000000714400000|  0%| F|  |TAMS 0x0000000714200000, 0x0000000714200000| Untracked 
| 162|0x0000000714400000, 0x0000000714400000, 0x0000000714600000|  0%| F|  |TAMS 0x0000000714400000, 0x0000000714400000| Untracked 
| 163|0x0000000714600000, 0x0000000714600000, 0x0000000714800000|  0%| F|  |TAMS 0x0000000714600000, 0x0000000714600000| Untracked 
| 164|0x0000000714800000, 0x0000000714800000, 0x0000000714a00000|  0%| F|  |TAMS 0x0000000714800000, 0x0000000714800000| Untracked 
| 165|0x0000000714a00000, 0x0000000714a00000, 0x0000000714c00000|  0%| F|  |TAMS 0x0000000714a00000, 0x0000000714a00000| Untracked 
| 166|0x0000000714c00000, 0x0000000714c00000, 0x0000000714e00000|  0%| F|  |TAMS 0x0000000714c00000, 0x0000000714c00000| Untracked 
| 167|0x0000000714e00000, 0x0000000714e00000, 0x0000000715000000|  0%| F|  |TAMS 0x0000000714e00000, 0x0000000714e00000| Untracked 
| 168|0x0000000715000000, 0x0000000715000000, 0x0000000715200000|  0%| F|  |TAMS 0x0000000715000000, 0x0000000715000000| Untracked 
| 169|0x0000000715200000, 0x0000000715200000, 0x0000000715400000|  0%| F|  |TAMS 0x0000000715200000, 0x0000000715200000| Untracked 
| 170|0x0000000715400000, 0x0000000715400000, 0x0000000715600000|  0%| F|  |TAMS 0x0000000715400000, 0x0000000715400000| Untracked 
| 171|0x0000000715600000, 0x0000000715600000, 0x0000000715800000|  0%| F|  |TAMS 0x0000000715600000, 0x0000000715600000| Untracked 
| 172|0x0000000715800000, 0x0000000715800000, 0x0000000715a00000|  0%| F|  |TAMS 0x0000000715800000, 0x0000000715800000| Untracked 
| 173|0x0000000715a00000, 0x0000000715a00000, 0x0000000715c00000|  0%| F|  |TAMS 0x0000000715a00000, 0x0000000715a00000| Untracked 
| 174|0x0000000715c00000, 0x0000000715c00000, 0x0000000715e00000|  0%| F|  |TAMS 0x0000000715c00000, 0x0000000715c00000| Untracked 
| 175|0x0000000715e00000, 0x0000000715e00000, 0x0000000716000000|  0%| F|  |TAMS 0x0000000715e00000, 0x0000000715e00000| Untracked 
| 176|0x0000000716000000, 0x0000000716000000, 0x0000000716200000|  0%| F|  |TAMS 0x0000000716000000, 0x0000000716000000| Untracked 
| 177|0x0000000716200000, 0x0000000716200000, 0x0000000716400000|  0%| F|  |TAMS 0x0000000716200000, 0x0000000716200000| Untracked 
| 178|0x0000000716400000, 0x0000000716400000, 0x0000000716600000|  0%| F|  |TAMS 0x0000000716400000, 0x0000000716400000| Untracked 
| 179|0x0000000716600000, 0x0000000716600000, 0x0000000716800000|  0%| F|  |TAMS 0x0000000716600000, 0x0000000716600000| Untracked 
| 180|0x0000000716800000, 0x0000000716800000, 0x0000000716a00000|  0%| F|  |TAMS 0x0000000716800000, 0x0000000716800000| Untracked 
| 181|0x0000000716a00000, 0x0000000716a00000, 0x0000000716c00000|  0%| F|  |TAMS 0x0000000716a00000, 0x0000000716a00000| Untracked 
| 182|0x0000000716c00000, 0x0000000716c00000, 0x0000000716e00000|  0%| F|  |TAMS 0x0000000716c00000, 0x0000000716c00000| Untracked 
| 183|0x0000000716e00000, 0x0000000716e00000, 0x0000000717000000|  0%| F|  |TAMS 0x0000000716e00000, 0x0000000716e00000| Untracked 
| 184|0x0000000717000000, 0x0000000717000000, 0x0000000717200000|  0%| F|  |TAMS 0x0000000717000000, 0x0000000717000000| Untracked 
| 185|0x0000000717200000, 0x0000000717200000, 0x0000000717400000|  0%| F|  |TAMS 0x0000000717200000, 0x0000000717200000| Untracked 
| 186|0x0000000717400000, 0x0000000717400000, 0x0000000717600000|  0%| F|  |TAMS 0x0000000717400000, 0x0000000717400000| Untracked 
| 187|0x0000000717600000, 0x0000000717600000, 0x0000000717800000|  0%| F|  |TAMS 0x0000000717600000, 0x0000000717600000| Untracked 
| 188|0x0000000717800000, 0x0000000717800000, 0x0000000717a00000|  0%| F|  |TAMS 0x0000000717800000, 0x0000000717800000| Untracked 
| 189|0x0000000717a00000, 0x0000000717a00000, 0x0000000717c00000|  0%| F|  |TAMS 0x0000000717a00000, 0x0000000717a00000| Untracked 
| 190|0x0000000717c00000, 0x0000000717c00000, 0x0000000717e00000|  0%| F|  |TAMS 0x0000000717c00000, 0x0000000717c00000| Untracked 
| 191|0x0000000717e00000, 0x0000000717e00000, 0x0000000718000000|  0%| F|  |TAMS 0x0000000717e00000, 0x0000000717e00000| Untracked 
| 192|0x0000000718000000, 0x0000000718000000, 0x0000000718200000|  0%| F|  |TAMS 0x0000000718000000, 0x0000000718000000| Untracked 
| 193|0x0000000718200000, 0x0000000718200000, 0x0000000718400000|  0%| F|  |TAMS 0x0000000718200000, 0x0000000718200000| Untracked 
| 194|0x0000000718400000, 0x0000000718400000, 0x0000000718600000|  0%| F|  |TAMS 0x0000000718400000, 0x0000000718400000| Untracked 
| 195|0x0000000718600000, 0x0000000718600000, 0x0000000718800000|  0%| F|  |TAMS 0x0000000718600000, 0x0000000718600000| Untracked 
| 196|0x0000000718800000, 0x0000000718800000, 0x0000000718a00000|  0%| F|  |TAMS 0x0000000718800000, 0x0000000718800000| Untracked 
| 197|0x0000000718a00000, 0x0000000718a00000, 0x0000000718c00000|  0%| F|  |TAMS 0x0000000718a00000, 0x0000000718a00000| Untracked 
| 198|0x0000000718c00000, 0x0000000718c00000, 0x0000000718e00000|  0%| F|  |TAMS 0x0000000718c00000, 0x0000000718c00000| Untracked 
| 199|0x0000000718e00000, 0x0000000718e00000, 0x0000000719000000|  0%| F|  |TAMS 0x0000000718e00000, 0x0000000718e00000| Untracked 
| 200|0x0000000719000000, 0x0000000719000000, 0x0000000719200000|  0%| F|  |TAMS 0x0000000719000000, 0x0000000719000000| Untracked 
| 201|0x0000000719200000, 0x0000000719200000, 0x0000000719400000|  0%| F|  |TAMS 0x0000000719200000, 0x0000000719200000| Untracked 
| 202|0x0000000719400000, 0x0000000719400000, 0x0000000719600000|  0%| F|  |TAMS 0x0000000719400000, 0x0000000719400000| Untracked 
| 203|0x0000000719600000, 0x0000000719600000, 0x0000000719800000|  0%| F|  |TAMS 0x0000000719600000, 0x0000000719600000| Untracked 
| 204|0x0000000719800000, 0x0000000719800000, 0x0000000719a00000|  0%| F|  |TAMS 0x0000000719800000, 0x0000000719800000| Untracked 
| 205|0x0000000719a00000, 0x0000000719a00000, 0x0000000719c00000|  0%| F|  |TAMS 0x0000000719a00000, 0x0000000719a00000| Untracked 
| 206|0x0000000719c00000, 0x0000000719c00000, 0x0000000719e00000|  0%| F|  |TAMS 0x0000000719c00000, 0x0000000719c00000| Untracked 
| 207|0x0000000719e00000, 0x0000000719e00000, 0x000000071a000000|  0%| F|  |TAMS 0x0000000719e00000, 0x0000000719e00000| Untracked 
| 208|0x000000071a000000, 0x000000071a000000, 0x000000071a200000|  0%| F|  |TAMS 0x000000071a000000, 0x000000071a000000| Untracked 
| 209|0x000000071a200000, 0x000000071a200000, 0x000000071a400000|  0%| F|  |TAMS 0x000000071a200000, 0x000000071a200000| Untracked 
| 210|0x000000071a400000, 0x000000071a400000, 0x000000071a600000|  0%| F|  |TAMS 0x000000071a400000, 0x000000071a400000| Untracked 
| 211|0x000000071a600000, 0x000000071a600000, 0x000000071a800000|  0%| F|  |TAMS 0x000000071a600000, 0x000000071a600000| Untracked 
| 212|0x000000071a800000, 0x000000071a800000, 0x000000071aa00000|  0%| F|  |TAMS 0x000000071a800000, 0x000000071a800000| Untracked 
| 213|0x000000071aa00000, 0x000000071aa00000, 0x000000071ac00000|  0%| F|  |TAMS 0x000000071aa00000, 0x000000071aa00000| Untracked 
| 214|0x000000071ac00000, 0x000000071ac00000, 0x000000071ae00000|  0%| F|  |TAMS 0x000000071ac00000, 0x000000071ac00000| Untracked 
| 215|0x000000071ae00000, 0x000000071ae00000, 0x000000071b000000|  0%| F|  |TAMS 0x000000071ae00000, 0x000000071ae00000| Untracked 
| 216|0x000000071b000000, 0x000000071b000000, 0x000000071b200000|  0%| F|  |TAMS 0x000000071b000000, 0x000000071b000000| Untracked 
| 217|0x000000071b200000, 0x000000071b200000, 0x000000071b400000|  0%| F|  |TAMS 0x000000071b200000, 0x000000071b200000| Untracked 
| 218|0x000000071b400000, 0x000000071b400000, 0x000000071b600000|  0%| F|  |TAMS 0x000000071b400000, 0x000000071b400000| Untracked 
| 219|0x000000071b600000, 0x000000071b600000, 0x000000071b800000|  0%| F|  |TAMS 0x000000071b600000, 0x000000071b600000| Untracked 
| 220|0x000000071b800000, 0x000000071b800000, 0x000000071ba00000|  0%| F|  |TAMS 0x000000071b800000, 0x000000071b800000| Untracked 
| 221|0x000000071ba00000, 0x000000071ba00000, 0x000000071bc00000|  0%| F|  |TAMS 0x000000071ba00000, 0x000000071ba00000| Untracked 
| 222|0x000000071bc00000, 0x000000071bc00000, 0x000000071be00000|  0%| F|  |TAMS 0x000000071bc00000, 0x000000071bc00000| Untracked 
| 223|0x000000071be00000, 0x000000071be00000, 0x000000071c000000|  0%| F|  |TAMS 0x000000071be00000, 0x000000071be00000| Untracked 
| 224|0x000000071c000000, 0x000000071c000000, 0x000000071c200000|  0%| F|  |TAMS 0x000000071c000000, 0x000000071c000000| Untracked 
| 225|0x000000071c200000, 0x000000071c200000, 0x000000071c400000|  0%| F|  |TAMS 0x000000071c200000, 0x000000071c200000| Untracked 
| 226|0x000000071c400000, 0x000000071c400000, 0x000000071c600000|  0%| F|  |TAMS 0x000000071c400000, 0x000000071c400000| Untracked 
| 227|0x000000071c600000, 0x000000071c600000, 0x000000071c800000|  0%| F|  |TAMS 0x000000071c600000, 0x000000071c600000| Untracked 
| 228|0x000000071c800000, 0x000000071c800000, 0x000000071ca00000|  0%| F|  |TAMS 0x000000071c800000, 0x000000071c800000| Untracked 
| 229|0x000000071ca00000, 0x000000071ca00000, 0x000000071cc00000|  0%| F|  |TAMS 0x000000071ca00000, 0x000000071ca00000| Untracked 
| 230|0x000000071cc00000, 0x000000071cc00000, 0x000000071ce00000|  0%| F|  |TAMS 0x000000071cc00000, 0x000000071cc00000| Untracked 
| 231|0x000000071ce00000, 0x000000071ce00000, 0x000000071d000000|  0%| F|  |TAMS 0x000000071ce00000, 0x000000071ce00000| Untracked 
| 232|0x000000071d000000, 0x000000071d000000, 0x000000071d200000|  0%| F|  |TAMS 0x000000071d000000, 0x000000071d000000| Untracked 
| 233|0x000000071d200000, 0x000000071d200000, 0x000000071d400000|  0%| F|  |TAMS 0x000000071d200000, 0x000000071d200000| Untracked 
| 234|0x000000071d400000, 0x000000071d400000, 0x000000071d600000|  0%| F|  |TAMS 0x000000071d400000, 0x000000071d400000| Untracked 
| 235|0x000000071d600000, 0x000000071d600000, 0x000000071d800000|  0%| F|  |TAMS 0x000000071d600000, 0x000000071d600000| Untracked 
| 236|0x000000071d800000, 0x000000071d800000, 0x000000071da00000|  0%| F|  |TAMS 0x000000071d800000, 0x000000071d800000| Untracked 
| 237|0x000000071da00000, 0x000000071da00000, 0x000000071dc00000|  0%| F|  |TAMS 0x000000071da00000, 0x000000071da00000| Untracked 
| 238|0x000000071dc00000, 0x000000071dc00000, 0x000000071de00000|  0%| F|  |TAMS 0x000000071dc00000, 0x000000071dc00000| Untracked 
| 239|0x000000071de00000, 0x000000071de00000, 0x000000071e000000|  0%| F|  |TAMS 0x000000071de00000, 0x000000071de00000| Untracked 
| 240|0x000000071e000000, 0x000000071e000000, 0x000000071e200000|  0%| F|  |TAMS 0x000000071e000000, 0x000000071e000000| Untracked 
| 241|0x000000071e200000, 0x000000071e200000, 0x000000071e400000|  0%| F|  |TAMS 0x000000071e200000, 0x000000071e200000| Untracked 

Card table byte_map: [0x0000022caa2e0000,0x0000022caaae0000] _byte_map_base: 0x0000022ca6ae0000

Marking Bits (Prev, Next): (CMBitMap*) 0x0000022c92786320, (CMBitMap*) 0x0000022c92786360
 Prev Bits: [0x0000022cab2e0000, 0x0000022caf2e0000)
 Next Bits: [0x0000022caf2e0000, 0x0000022cb32e0000)

Polling page: 0x0000022c927e0000

Metaspace:

Usage:
  Non-class:    113.21 MB used.
      Class:     17.80 MB used.
       Both:    131.01 MB used.

Virtual space:
  Non-class space:      128.00 MB reserved,     114.25 MB ( 89%) committed,  2 nodes.
      Class space:      416.00 MB reserved,      18.81 MB (  5%) committed,  1 nodes.
             Both:      544.00 MB reserved,     133.06 MB ( 24%) committed. 

Chunk freelists:
   Non-Class:  13.28 MB
       Class:  13.16 MB
        Both:  26.44 MB

MaxMetaspaceSize: 512.00 MB
CompressedClassSpaceSize: 416.00 MB
Initial GC threshold: 21.00 MB
Current GC threshold: 210.88 MB
CDS: on
MetaspaceReclaimPolicy: balanced
 - commit_granule_bytes: 65536.
 - commit_granule_words: 8192.
 - virtual_space_node_default_size: 8388608.
 - enlarge_chunks_in_place: 1.
 - new_chunks_are_fully_committed: 0.
 - uncommit_free_chunks: 1.
 - use_allocation_guard: 0.
 - handle_deallocations: 1.


Internal statistics:

num_allocs_failed_limit: 21.
num_arena_births: 3328.
num_arena_deaths: 4.
num_vsnodes_births: 3.
num_vsnodes_deaths: 0.
num_space_committed: 2127.
num_space_uncommitted: 0.
num_chunks_returned_to_freelist: 27.
num_chunks_taken_from_freelist: 9941.
num_chunk_merges: 18.
num_chunk_splits: 6138.
num_chunks_enlarged: 3434.
num_inconsistent_stats: 0.

CodeHeap 'non-profiled nmethods': size=120000Kb used=15295Kb max_used=15725Kb free=104704Kb
 bounds [0x0000022ca1b50000, 0x0000022ca2ab0000, 0x0000022ca9080000]
CodeHeap 'profiled nmethods': size=120000Kb used=40148Kb max_used=41774Kb free=79851Kb
 bounds [0x0000022c9a080000, 0x0000022c9c950000, 0x0000022ca15b0000]
CodeHeap 'non-nmethods': size=5760Kb used=2513Kb max_used=2612Kb free=3247Kb
 bounds [0x0000022ca15b0000, 0x0000022ca1850000, 0x0000022ca1b50000]
 total_blobs=21075 nmethods=20014 adapters=971
 compilation: enabled
              stopped_count=0, restarted_count=0
 full_count=0

Compilation events (20 events):
Event: 193.409 Thread 0x0000022cb5dbb4c0 nmethod 25168 0x0000022c9c3ae490 code [0x0000022c9c3ae640, 0x0000022c9c3ae878]
Event: 193.409 Thread 0x0000022cb5dbb4c0 25161       2       com.google.common.base.MoreObjects::firstNonNull (22 bytes)
Event: 193.409 Thread 0x0000022cb5dbb4c0 nmethod 25161 0x0000022c9ae32e90 code [0x0000022c9ae33040, 0x0000022c9ae33228]
Event: 193.409 Thread 0x0000022cb5dbb4c0 25127       2       com.google.common.collect.MapMakerInternalMap$Segment::copyEntry (19 bytes)
Event: 193.409 Thread 0x0000022cb5dbb4c0 nmethod 25127 0x0000022c9b135a90 code [0x0000022c9b135c40, 0x0000022c9b135eb8]
Event: 193.409 Thread 0x0000022cb5dbb4c0 25128       2       com.google.common.collect.MapMakerInternalMap$StrongKeyDummyValueEntry$Helper::copy (17 bytes)
Event: 193.409 Thread 0x0000022cb5dbb4c0 nmethod 25128 0x0000022c9c3af410 code [0x0000022c9c3af5c0, 0x0000022c9c3af7a8]
Event: 193.409 Thread 0x0000022cb5dbb4c0 25129       2       com.google.common.collect.MapMakerInternalMap$StrongKeyDummyValueEntry$Helper::copy (6 bytes)
Event: 193.410 Thread 0x0000022cb5dbb4c0 nmethod 25129 0x0000022c9b160a10 code [0x0000022c9b160ba0, 0x0000022c9b160cc8]
Event: 193.410 Thread 0x0000022cb5dbb4c0 25130       2       com.google.common.collect.MapMakerInternalMap$StrongKeyDummyValueEntry::copy (17 bytes)
Event: 193.410 Thread 0x0000022cb5dbb4c0 nmethod 25130 0x0000022c9b135410 code [0x0000022c9b1355a0, 0x0000022c9b1357d8]
Event: 193.410 Thread 0x0000022cb5dbb4c0 25165       1       org.gradle.api.internal.tasks.execution.ExecuteTaskBuildOperationResult::getUpToDateMessages (5 bytes)
Event: 193.410 Thread 0x0000022cb5dbb4c0 nmethod 25165 0x0000022ca2719510 code [0x0000022ca27196a0, 0x0000022ca2719778]
Event: 193.410 Thread 0x0000022cb5dbb4c0 25162       1       org.gradle.internal.execution.history.impl.SerializableFileCollectionFingerprint::getRootHashes (5 bytes)
Event: 193.410 Thread 0x0000022cb5dbb4c0 nmethod 25162 0x0000022ca2719110 code [0x0000022ca27192a0, 0x0000022ca2719378]
Event: 193.411 Thread 0x0000022cb5dbb4c0 25181       2       org.gradle.internal.reflect.JavaMethod::<init> (20 bytes)
Event: 193.412 Thread 0x0000022cb5dbb4c0 nmethod 25181 0x0000022c9b157390 code [0x0000022c9b157560, 0x0000022c9b1577e8]
Event: 193.412 Thread 0x0000022cb5dbb4c0 25182       2       com.google.protobuf.CodedOutputStream::computeInt32SizeNoTag (12 bytes)
Event: 193.416 Thread 0x0000022cb5dbb4c0 nmethod 25182 0x0000022c9b28af10 code [0x0000022c9b28b0c0, 0x0000022c9b28b1e8]
Event: 193.416 Thread 0x0000022cb5dbb4c0 25184       2       com.android.aapt.Resources$Attribute::getSerializedSize (126 bytes)

GC Heap History (20 events):
Event: 171.193 GC heap after
{Heap after GC invocations=74 (full 0):
 garbage-first heap   total 348160K, used 250275K [0x0000000700000000, 0x0000000800000000)
  region size 2048K, 2 young (4096K), 2 survivors (4096K)
 Metaspace       used 119259K, committed 121088K, reserved 557056K
  class space    used 16595K, committed 17472K, reserved 425984K
}
Event: 172.621 GC heap before
{Heap before GC invocations=74 (full 0):
 garbage-first heap   total 348160K, used 293283K [0x0000000700000000, 0x0000000800000000)
  region size 2048K, 23 young (47104K), 2 survivors (4096K)
 Metaspace       used 121035K, committed 122944K, reserved 557056K
  class space    used 16810K, committed 17728K, reserved 425984K
}
Event: 172.635 GC heap after
{Heap after GC invocations=75 (full 0):
 garbage-first heap   total 430080K, used 254574K [0x0000000700000000, 0x0000000800000000)
  region size 2048K, 3 young (6144K), 3 survivors (6144K)
 Metaspace       used 121035K, committed 122944K, reserved 557056K
  class space    used 16810K, committed 17728K, reserved 425984K
}
Event: 175.019 GC heap before
{Heap before GC invocations=75 (full 0):
 garbage-first heap   total 430080K, used 352878K [0x0000000700000000, 0x0000000800000000)
  region size 2048K, 51 young (104448K), 3 survivors (6144K)
 Metaspace       used 123632K, committed 125632K, reserved 557056K
  class space    used 17129K, committed 18112K, reserved 425984K
}
Event: 175.041 GC heap after
{Heap after GC invocations=76 (full 0):
 garbage-first heap   total 430080K, used 265478K [0x0000000700000000, 0x0000000800000000)
  region size 2048K, 7 young (14336K), 7 survivors (14336K)
 Metaspace       used 123632K, committed 125632K, reserved 557056K
  class space    used 17129K, committed 18112K, reserved 425984K
}
Event: 181.054 GC heap before
{Heap before GC invocations=76 (full 0):
 garbage-first heap   total 430080K, used 304390K [0x0000000700000000, 0x0000000800000000)
  region size 2048K, 28 young (57344K), 7 survivors (14336K)
 Metaspace       used 124640K, committed 126720K, reserved 557056K
  class space    used 17288K, committed 18304K, reserved 425984K
}
Event: 181.084 GC heap after
{Heap after GC invocations=77 (full 0):
 garbage-first heap   total 430080K, used 272438K [0x0000000700000000, 0x0000000800000000)
  region size 2048K, 4 young (8192K), 4 survivors (8192K)
 Metaspace       used 124640K, committed 126720K, reserved 557056K
  class space    used 17288K, committed 18304K, reserved 425984K
}
Event: 182.267 GC heap before
{Heap before GC invocations=78 (full 0):
 garbage-first heap   total 495616K, used 346166K [0x0000000700000000, 0x0000000800000000)
  region size 2048K, 41 young (83968K), 4 survivors (8192K)
 Metaspace       used 126068K, committed 128128K, reserved 557056K
  class space    used 17377K, committed 18368K, reserved 425984K
}
Event: 182.284 GC heap after
{Heap after GC invocations=79 (full 0):
 garbage-first heap   total 495616K, used 274771K [0x0000000700000000, 0x0000000800000000)
  region size 2048K, 5 young (10240K), 5 survivors (10240K)
 Metaspace       used 126068K, committed 128128K, reserved 557056K
  class space    used 17377K, committed 18368K, reserved 425984K
}
Event: 182.368 GC heap before
{Heap before GC invocations=79 (full 0):
 garbage-first heap   total 495616K, used 289107K [0x0000000700000000, 0x0000000800000000)
  region size 2048K, 12 young (24576K), 5 survivors (10240K)
 Metaspace       used 126068K, committed 128128K, reserved 557056K
  class space    used 17377K, committed 18368K, reserved 425984K
}
Event: 182.389 GC heap after
{Heap after GC invocations=80 (full 0):
 garbage-first heap   total 495616K, used 231557K [0x0000000700000000, 0x0000000800000000)
  region size 2048K, 2 young (4096K), 2 survivors (4096K)
 Metaspace       used 126068K, committed 128128K, reserved 557056K
  class space    used 17377K, committed 18368K, reserved 425984K
}
Event: 182.525 GC heap before
{Heap before GC invocations=80 (full 0):
 garbage-first heap   total 495616K, used 252037K [0x0000000700000000, 0x0000000800000000)
  region size 2048K, 12 young (24576K), 2 survivors (4096K)
 Metaspace       used 126068K, committed 128128K, reserved 557056K
  class space    used 17377K, committed 18368K, reserved 425984K
}
Event: 182.565 GC heap after
{Heap after GC invocations=81 (full 0):
 garbage-first heap   total 495616K, used 210443K [0x0000000700000000, 0x0000000800000000)
  region size 2048K, 2 young (4096K), 2 survivors (4096K)
 Metaspace       used 126068K, committed 128128K, reserved 557056K
  class space    used 17377K, committed 18368K, reserved 425984K
}
Event: 186.893 GC heap before
{Heap before GC invocations=81 (full 0):
 garbage-first heap   total 495616K, used 388619K [0x0000000700000000, 0x0000000800000000)
  region size 2048K, 90 young (184320K), 2 survivors (4096K)
 Metaspace       used 127395K, committed 129472K, reserved 557056K
  class space    used 17542K, committed 18560K, reserved 425984K
}
Event: 186.907 GC heap after
{Heap after GC invocations=82 (full 0):
 garbage-first heap   total 495616K, used 217650K [0x0000000700000000, 0x0000000800000000)
  region size 2048K, 6 young (12288K), 6 survivors (12288K)
 Metaspace       used 127395K, committed 129472K, reserved 557056K
  class space    used 17542K, committed 18560K, reserved 425984K
}
Event: 191.557 GC heap before
{Heap before GC invocations=83 (full 0):
 garbage-first heap   total 495616K, used 442930K [0x0000000700000000, 0x0000000800000000)
  region size 2048K, 96 young (196608K), 6 survivors (12288K)
 Metaspace       used 129296K, committed 131328K, reserved 557056K
  class space    used 17678K, committed 18688K, reserved 425984K
}
Event: 191.586 GC heap after
{Heap after GC invocations=84 (full 0):
 garbage-first heap   total 495616K, used 235342K [0x0000000700000000, 0x0000000800000000)
  region size 2048K, 12 young (24576K), 12 survivors (24576K)
 Metaspace       used 129296K, committed 131328K, reserved 557056K
  class space    used 17678K, committed 18688K, reserved 425984K
}
Event: 191.611 GC heap before
{Heap before GC invocations=84 (full 0):
 garbage-first heap   total 495616K, used 235342K [0x0000000700000000, 0x0000000800000000)
  region size 2048K, 13 young (26624K), 12 survivors (24576K)
 Metaspace       used 129429K, committed 131456K, reserved 557056K
  class space    used 17690K, committed 18688K, reserved 425984K
}
Event: 191.650 GC heap after
{Heap after GC invocations=85 (full 0):
 garbage-first heap   total 495616K, used 234663K [0x0000000700000000, 0x0000000800000000)
  region size 2048K, 2 young (4096K), 2 survivors (4096K)
 Metaspace       used 129429K, committed 131456K, reserved 557056K
  class space    used 17690K, committed 18688K, reserved 425984K
}
Event: 193.417 GC heap before
{Heap before GC invocations=85 (full 0):
 garbage-first heap   total 495616K, used 398503K [0x0000000700000000, 0x0000000800000000)
  region size 2048K, 83 young (169984K), 2 survivors (4096K)
 Metaspace       used 134153K, committed 136256K, reserved 557056K
  class space    used 18224K, committed 19264K, reserved 425984K
}

Deoptimization events (20 events):
Event: 193.267 Thread 0x0000022ce2053260 Uncommon trap: trap_request=0xffffff45 fr.pc=0x0000022ca2a37cf0 relative=0x00000000000009f0
Event: 193.267 Thread 0x0000022ce2053260 Uncommon trap: reason=unstable_if action=reinterpret pc=0x0000022ca2a37cf0 method=com.sun.org.apache.xerces.internal.dom.ParentNode.internalInsertBefore(Lorg/w3c/dom/Node;Lorg/w3c/dom/Node;Z)Lorg/w3c/dom/Node; @ 562 c2
Event: 193.267 Thread 0x0000022ce2053260 DEOPT PACKING pc=0x0000022ca2a37cf0 sp=0x00000051687fdc40
Event: 193.267 Thread 0x0000022ce2053260 DEOPT UNPACKING pc=0x0000022ca16023a3 sp=0x00000051687fdbe8 mode 2
Event: 193.312 Thread 0x0000022ce2053260 Uncommon trap: trap_request=0xffffffde fr.pc=0x0000022ca1fd3588 relative=0x0000000000000068
Event: 193.312 Thread 0x0000022ce2053260 Uncommon trap: reason=class_check action=maybe_recompile pc=0x0000022ca1fd3588 method=java.lang.invoke.Invokers$Holder.linkToTargetMethod(Ljava/lang/Object;Ljava/lang/Object;Ljava/lang/Object;Ljava/lang/Object;Ljava/lang/Object;)Ljava/lang/Object; @ 2 c2
Event: 193.312 Thread 0x0000022ce2053260 DEOPT PACKING pc=0x0000022ca1fd3588 sp=0x00000051687fdaa0
Event: 193.312 Thread 0x0000022ce2053260 DEOPT UNPACKING pc=0x0000022ca16023a3 sp=0x00000051687fda28 mode 2
Event: 193.315 Thread 0x0000022ce2053260 Uncommon trap: trap_request=0xffffff45 fr.pc=0x0000022ca2238ba0 relative=0x0000000000001060
Event: 193.315 Thread 0x0000022ce2053260 Uncommon trap: reason=unstable_if action=reinterpret pc=0x0000022ca2238ba0 method=com.sun.org.apache.xerces.internal.impl.XMLEntityManager.setFeature(Ljava/lang/String;Z)V @ 54 c2
Event: 193.315 Thread 0x0000022ce2053260 DEOPT PACKING pc=0x0000022ca2238ba0 sp=0x00000051687fd890
Event: 193.315 Thread 0x0000022ce2053260 DEOPT UNPACKING pc=0x0000022ca16023a3 sp=0x00000051687fd7e0 mode 2
Event: 193.356 Thread 0x0000022cd820ec30 Uncommon trap: trap_request=0xffffff45 fr.pc=0x0000022ca1fc32e8 relative=0x00000000000004a8
Event: 193.356 Thread 0x0000022cd820ec30 Uncommon trap: reason=unstable_if action=reinterpret pc=0x0000022ca1fc32e8 method=java.util.concurrent.ConcurrentLinkedQueue.offer(Ljava/lang/Object;)Z @ 42 c2
Event: 193.356 Thread 0x0000022cd820ec30 DEOPT PACKING pc=0x0000022ca1fc32e8 sp=0x000000515e4fad60
Event: 193.356 Thread 0x0000022cd820ec30 DEOPT UNPACKING pc=0x0000022ca16023a3 sp=0x000000515e4fac70 mode 2
Event: 193.359 Thread 0x0000022cda4dc2c0 Uncommon trap: trap_request=0xffffff45 fr.pc=0x0000022ca1e3e190 relative=0x0000000000000ab0
Event: 193.359 Thread 0x0000022cda4dc2c0 Uncommon trap: reason=unstable_if action=reinterpret pc=0x0000022ca1e3e190 method=java.util.concurrent.ConcurrentLinkedQueue.poll()Ljava/lang/Object; @ 24 c2
Event: 193.359 Thread 0x0000022cda4dc2c0 DEOPT PACKING pc=0x0000022ca1e3e190 sp=0x0000005163bfb260
Event: 193.359 Thread 0x0000022cda4dc2c0 DEOPT UNPACKING pc=0x0000022ca16023a3 sp=0x0000005163bfb1a8 mode 2

Classes unloaded (6 events):
Event: 181.603 Thread 0x0000022cb5d83350 Unloading class 0x0000022cb7b9d000 '_BuildScript_'
Event: 181.603 Thread 0x0000022cb5d83350 Unloading class 0x0000022cb7b7cbb8 '_BuildScript_$_run_closure1$_closure4'
Event: 181.603 Thread 0x0000022cb5d83350 Unloading class 0x0000022cb7b7c7d0 '_BuildScript_$_run_closure1$_closure3'
Event: 181.603 Thread 0x0000022cb5d83350 Unloading class 0x0000022cb7b7c3e8 '_BuildScript_$_run_closure1$_closure2'
Event: 181.603 Thread 0x0000022cb5d83350 Unloading class 0x0000022cb7b7c000 '_BuildScript_$_run_closure1'
Event: 181.603 Thread 0x0000022cb5d83350 Unloading class 0x0000022cb7b70800 '_BuildScript_'

Classes redefined (0 events):
No events

Internal exceptions (20 events):
Event: 193.249 Thread 0x0000022cd82119c0 Exception <a 'sun/nio/fs/WindowsException'{0x0000000715357aa8}> (0x0000000715357aa8) 
thrown [s\open\src\hotspot\share\prims\jni.cpp, line 516]
Event: 193.250 Thread 0x0000022cd82119c0 Exception <a 'sun/nio/fs/WindowsException'{0x0000000715358c38}> (0x0000000715358c38) 
thrown [s\open\src\hotspot\share\prims\jni.cpp, line 516]
Event: 193.250 Thread 0x0000022cd82119c0 Exception <a 'sun/nio/fs/WindowsException'{0x0000000715358cc8}> (0x0000000715358cc8) 
thrown [s\open\src\hotspot\share\prims\jni.cpp, line 516]
Event: 193.250 Thread 0x0000022cd82119c0 Exception <a 'sun/nio/fs/WindowsException'{0x0000000715359198}> (0x0000000715359198) 
thrown [s\open\src\hotspot\share\prims\jni.cpp, line 516]
Event: 193.252 Thread 0x0000022cd82119c0 Exception <a 'sun/nio/fs/WindowsException'{0x000000071535e928}> (0x000000071535e928) 
thrown [s\open\src\hotspot\share\prims\jni.cpp, line 516]
Event: 193.253 Thread 0x0000022cd82119c0 Exception <a 'sun/nio/fs/WindowsException'{0x000000071535f850}> (0x000000071535f850) 
thrown [s\open\src\hotspot\share\prims\jni.cpp, line 516]
Event: 193.253 Thread 0x0000022cd82119c0 Exception <a 'sun/nio/fs/WindowsException'{0x000000071535fb28}> (0x000000071535fb28) 
thrown [s\open\src\hotspot\share\prims\jni.cpp, line 516]
Event: 193.256 Thread 0x0000022cd82119c0 Exception <a 'sun/nio/fs/WindowsException'{0x00000007153600a8}> (0x00000007153600a8) 
thrown [s\open\src\hotspot\share\prims\jni.cpp, line 516]
Event: 193.256 Thread 0x0000022cd82119c0 Exception <a 'sun/nio/fs/WindowsException'{0x0000000715393d28}> (0x0000000715393d28) 
thrown [s\open\src\hotspot\share\prims\jni.cpp, line 516]
Event: 193.256 Thread 0x0000022cd82119c0 Exception <a 'sun/nio/fs/WindowsException'{0x0000000715394bd8}> (0x0000000715394bd8) 
thrown [s\open\src\hotspot\share\prims\jni.cpp, line 516]
Event: 193.256 Thread 0x0000022cd82119c0 Exception <a 'sun/nio/fs/WindowsException'{0x0000000715394c68}> (0x0000000715394c68) 
thrown [s\open\src\hotspot\share\prims\jni.cpp, line 516]
Event: 193.256 Thread 0x0000022cd82119c0 Exception <a 'sun/nio/fs/WindowsException'{0x0000000715395330}> (0x0000000715395330) 
thrown [s\open\src\hotspot\share\prims\jni.cpp, line 516]
Event: 193.355 Thread 0x0000022cd8211ed0 Exception <a 'sun/nio/fs/WindowsException'{0x000000071447e710}> (0x000000071447e710) 
thrown [s\open\src\hotspot\share\prims\jni.cpp, line 516]
Event: 193.355 Thread 0x0000022cd8211ed0 Exception <a 'sun/nio/fs/WindowsException'{0x0000000714481d58}> (0x0000000714481d58) 
thrown [s\open\src\hotspot\share\prims\jni.cpp, line 516]
Event: 193.355 Thread 0x0000022cd8211ed0 Exception <a 'sun/nio/fs/WindowsException'{0x0000000714481de8}> (0x0000000714481de8) 
thrown [s\open\src\hotspot\share\prims\jni.cpp, line 516]
Event: 193.355 Thread 0x0000022cd8211ed0 Exception <a 'sun/nio/fs/WindowsException'{0x00000007144822f8}> (0x00000007144822f8) 
thrown [s\open\src\hotspot\share\prims\jni.cpp, line 516]
Event: 193.412 Thread 0x0000022cda4dc2c0 Exception <a 'sun/nio/fs/WindowsException'{0x0000000713fead28}> (0x0000000713fead28) 
thrown [s\open\src\hotspot\share\prims\jni.cpp, line 516]
Event: 193.415 Thread 0x0000022cda4dc2c0 Exception <a 'sun/nio/fs/WindowsException'{0x0000000713febc10}> (0x0000000713febc10) 
thrown [s\open\src\hotspot\share\prims\jni.cpp, line 516]
Event: 193.416 Thread 0x0000022cda4dc2c0 Exception <a 'sun/nio/fs/WindowsException'{0x0000000713febca0}> (0x0000000713febca0) 
thrown [s\open\src\hotspot\share\prims\jni.cpp, line 516]
Event: 193.416 Thread 0x0000022cda4dc2c0 Exception <a 'sun/nio/fs/WindowsException'{0x0000000713fec168}> (0x0000000713fec168) 
thrown [s\open\src\hotspot\share\prims\jni.cpp, line 516]

VM Operations (20 events):
Event: 192.688 Executing VM operation: HandshakeAllThreads done
Event: 192.767 Executing VM operation: HandshakeAllThreads
Event: 192.790 Executing VM operation: HandshakeAllThreads done
Event: 192.871 Executing VM operation: HandshakeAllThreads
Event: 192.871 Executing VM operation: HandshakeAllThreads done
Event: 192.963 Executing VM operation: ICBufferFull
Event: 192.964 Executing VM operation: ICBufferFull done
Event: 193.173 Executing VM operation: HandshakeAllThreads
Event: 193.173 Executing VM operation: HandshakeAllThreads done
Event: 193.183 Executing VM operation: HandshakeAllThreads
Event: 193.184 Executing VM operation: HandshakeAllThreads done
Event: 193.187 Executing VM operation: HandshakeAllThreads
Event: 193.188 Executing VM operation: HandshakeAllThreads done
Event: 193.193 Executing VM operation: HandshakeAllThreads
Event: 193.193 Executing VM operation: HandshakeAllThreads done
Event: 193.235 Executing VM operation: HandshakeAllThreads
Event: 193.236 Executing VM operation: HandshakeAllThreads done
Event: 193.404 Executing VM operation: ICBufferFull
Event: 193.405 Executing VM operation: ICBufferFull done
Event: 193.417 Executing VM operation: G1CollectForAllocation

Events (20 events):
Event: 193.001 loading class java/util/stream/Streams$1
Event: 193.001 loading class java/util/stream/Streams$1 done
Event: 193.017 loading class java/nio/file/FileChannelLinesSpliterator$1
Event: 193.017 loading class java/nio/file/FileChannelLinesSpliterator$1 done
Event: 193.179 loading class com/sun/org/apache/xerces/internal/dom/DeferredCommentImpl
Event: 193.179 loading class com/sun/org/apache/xerces/internal/dom/DeferredCommentImpl done
Event: 193.188 loading class com/sun/org/apache/xerces/internal/dom/DeferredTextImpl
Event: 193.189 loading class com/sun/org/apache/xerces/internal/dom/DeferredTextImpl done
Event: 193.270 loading class java/util/TreeMap$DescendingSubMap
Event: 193.271 loading class java/util/TreeMap$NavigableSubMap
Event: 193.272 loading class java/util/TreeMap$NavigableSubMap done
Event: 193.272 loading class java/util/TreeMap$DescendingSubMap done
Event: 193.272 loading class java/util/TreeMap$DescendingSubMap$DescendingEntrySetView
Event: 193.272 loading class java/util/TreeMap$NavigableSubMap$EntrySetView
Event: 193.273 loading class java/util/TreeMap$NavigableSubMap$EntrySetView done
Event: 193.273 loading class java/util/TreeMap$DescendingSubMap$DescendingEntrySetView done
Event: 193.273 loading class java/util/TreeMap$NavigableSubMap$DescendingSubMapEntryIterator
Event: 193.273 loading class java/util/TreeMap$NavigableSubMap$SubMapIterator
Event: 193.274 loading class java/util/TreeMap$NavigableSubMap$SubMapIterator done
Event: 193.274 loading class java/util/TreeMap$NavigableSubMap$DescendingSubMapEntryIterator done


Dynamic libraries:
0x00007ff65d130000 - 0x00007ff65d140000 	C:\Program Files\Java\jdk-17\bin\java.exe
0x00007ffa909c0000 - 0x00007ffa90c28000 	C:\WINDOWS\SYSTEM32\ntdll.dll
0x00007ffa8f900000 - 0x00007ffa8f9c9000 	C:\WINDOWS\System32\KERNEL32.DLL
0x00007ffa8de50000 - 0x00007ffa8e242000 	C:\WINDOWS\System32\KERNELBASE.dll
0x00007ffa8dd00000 - 0x00007ffa8de4b000 	C:\WINDOWS\System32\ucrtbase.dll
0x00007ffa4a190000 - 0x00007ffa4a1ab000 	C:\Program Files\Java\jdk-17\bin\VCRUNTIME140.dll
0x00007ffa40120000 - 0x00007ffa40139000 	C:\Program Files\Java\jdk-17\bin\jli.dll
0x00007ffa90870000 - 0x00007ffa90924000 	C:\WINDOWS\System32\ADVAPI32.dll
0x00007ffa8e790000 - 0x00007ffa8e839000 	C:\WINDOWS\System32\msvcrt.dll
0x00007ffa8fa50000 - 0x00007ffa8faf6000 	C:\WINDOWS\System32\sechost.dll
0x00007ffa8ede0000 - 0x00007ffa8eef8000 	C:\WINDOWS\System32\RPCRT4.dll
0x00007ffa8f510000 - 0x00007ffa8f6d5000 	C:\WINDOWS\System32\USER32.dll
0x00007ffa7ab60000 - 0x00007ffa7adf3000 	C:\WINDOWS\WinSxS\amd64_microsoft.windows.common-controls_6595b64144ccf1df_6.0.26100.6899_none_3e0efeeae32e88c1\COMCTL32.dll
0x00007ffa8dcd0000 - 0x00007ffa8dcf7000 	C:\WINDOWS\System32\win32u.dll
0x00007ffa90930000 - 0x00007ffa9095b000 	C:\WINDOWS\System32\GDI32.dll
0x00007ffa8e430000 - 0x00007ffa8e55d000 	C:\WINDOWS\System32\gdi32full.dll
0x00007ffa8e380000 - 0x00007ffa8e423000 	C:\WINDOWS\System32\msvcp_win.dll
0x00007ffa86830000 - 0x00007ffa8683b000 	C:\WINDOWS\SYSTEM32\VERSION.dll
0x00007ffa90060000 - 0x00007ffa9008f000 	C:\WINDOWS\System32\IMM32.DLL
0x00007ffa65d80000 - 0x00007ffa65d8c000 	C:\Program Files\Java\jdk-17\bin\vcruntime140_1.dll
0x00007ffa0f8e0000 - 0x00007ffa0f96e000 	C:\Program Files\Java\jdk-17\bin\msvcp140.dll
0x00007ff9f2050000 - 0x00007ff9f2c30000 	C:\Program Files\Java\jdk-17\bin\server\jvm.dll
0x00007ffa8f750000 - 0x00007ffa8f758000 	C:\WINDOWS\System32\PSAPI.DLL
0x00007ffa640b0000 - 0x00007ffa640ba000 	C:\WINDOWS\SYSTEM32\WSOCK32.dll
0x00007ffa7a880000 - 0x00007ffa7a8b5000 	C:\WINDOWS\SYSTEM32\WINMM.dll
0x00007ffa8f9d0000 - 0x00007ffa8fa44000 	C:\WINDOWS\System32\WS2_32.dll
0x00007ffa8c8e0000 - 0x00007ffa8c8fb000 	C:\WINDOWS\SYSTEM32\kernel.appcore.dll
0x00007ffa63a30000 - 0x00007ffa63a3a000 	C:\Program Files\Java\jdk-17\bin\jimage.dll
0x00007ffa8b450000 - 0x00007ffa8b692000 	C:\WINDOWS\SYSTEM32\DBGHELP.DLL
0x00007ffa8e840000 - 0x00007ffa8ebbb000 	C:\WINDOWS\System32\combase.dll
0x00007ffa8ed00000 - 0x00007ffa8edd7000 	C:\WINDOWS\System32\OLEAUT32.dll
0x00007ffa77f20000 - 0x00007ffa77f5c000 	C:\WINDOWS\SYSTEM32\dbgcore.DLL
0x00007ffa8e250000 - 0x00007ffa8e2e8000 	C:\WINDOWS\System32\bcryptPrimitives.dll
0x00007ffa84bf0000 - 0x00007ffa84bfe000 	C:\Program Files\Java\jdk-17\bin\instrument.dll
0x00007ffa24ad0000 - 0x00007ffa24af5000 	C:\Program Files\Java\jdk-17\bin\java.dll
0x00007ffa0f6b0000 - 0x00007ffa0f787000 	C:\Program Files\Java\jdk-17\bin\jsvml.dll
0x00007ffa900b0000 - 0x00007ffa907fd000 	C:\WINDOWS\System32\SHELL32.dll
0x00007ffa8e620000 - 0x00007ffa8e78b000 	C:\WINDOWS\System32\wintypes.dll
0x00007ffa8b780000 - 0x00007ffa8bfdd000 	C:\WINDOWS\SYSTEM32\windows.storage.dll
0x00007ffa8fb00000 - 0x00007ffa8fbf2000 	C:\WINDOWS\System32\SHCORE.dll
0x00007ffa90800000 - 0x00007ffa90862000 	C:\WINDOWS\System32\shlwapi.dll
0x00007ffa8da70000 - 0x00007ffa8da99000 	C:\WINDOWS\SYSTEM32\profapi.dll
0x00007ffa2b950000 - 0x00007ffa2b968000 	C:\Program Files\Java\jdk-17\bin\zip.dll
0x00007ffa400d0000 - 0x00007ffa400e9000 	C:\Program Files\Java\jdk-17\bin\net.dll
0x00007ffa87a40000 - 0x00007ffa87b5f000 	C:\WINDOWS\SYSTEM32\WINHTTP.dll
0x00007ffa8ce30000 - 0x00007ffa8ce9b000 	C:\WINDOWS\system32\mswsock.dll
0x00007ffa2bab0000 - 0x00007ffa2bac6000 	C:\Program Files\Java\jdk-17\bin\nio.dll
0x00007ffa7fc10000 - 0x00007ffa7fc20000 	C:\Program Files\Java\jdk-17\bin\verify.dll
0x00007ffa6df60000 - 0x00007ffa6df87000 	C:\Users\rudra\.gradle\native\1def1411415f61bf3af743bc5b6707747c0891f09f0c88961ee8f79bc544acac\windows-amd64\native-platform.dll
0x00007ffa5d380000 - 0x00007ffa5d3f7000 	C:\Users\rudra\.gradle\native\0.2.8\x86_64-windows-gnu\gradle-fileevents.dll
0x00007ffa62080000 - 0x00007ffa6208a000 	C:\Program Files\Java\jdk-17\bin\management.dll
0x00007ffa58c70000 - 0x00007ffa58c7b000 	C:\Program Files\Java\jdk-17\bin\management_ext.dll
0x00007ffa8c2e0000 - 0x00007ffa8c314000 	C:\WINDOWS\SYSTEM32\IPHLPAPI.DLL
0x00007ffa90970000 - 0x00007ffa9097a000 	C:\WINDOWS\System32\NSI.dll
0x00007ffa86340000 - 0x00007ffa8635e000 	C:\WINDOWS\SYSTEM32\dhcpcsvc6.DLL
0x00007ffa858e0000 - 0x00007ffa85903000 	C:\WINDOWS\SYSTEM32\dhcpcsvc.DLL
0x00007ffa8c370000 - 0x00007ffa8c496000 	C:\WINDOWS\SYSTEM32\DNSAPI.dll
0x00007ffa8d210000 - 0x00007ffa8d22b000 	C:\WINDOWS\SYSTEM32\CRYPTSP.dll
0x00007ffa8c840000 - 0x00007ffa8c87b000 	C:\WINDOWS\system32\rsaenh.dll
0x00007ffa8ced0000 - 0x00007ffa8cefb000 	C:\WINDOWS\SYSTEM32\USERENV.dll
0x00007ffa8da40000 - 0x00007ffa8da66000 	C:\WINDOWS\SYSTEM32\bcrypt.dll
0x00007ffa8d070000 - 0x00007ffa8d07c000 	C:\WINDOWS\SYSTEM32\CRYPTBASE.dll
0x00007ffa4a8d0000 - 0x00007ffa4a8de000 	C:\Program Files\Java\jdk-17\bin\sunmscapi.dll
0x00007ffa8db50000 - 0x00007ffa8dcc7000 	C:\WINDOWS\System32\CRYPT32.dll
0x00007ffa8d360000 - 0x00007ffa8d390000 	C:\WINDOWS\SYSTEM32\ncrypt.dll
0x00007ffa8d310000 - 0x00007ffa8d34f000 	C:\WINDOWS\SYSTEM32\NTASN1.dll
0x00007ffa22630000 - 0x00007ffa22638000 	C:\WINDOWS\system32\wshunix.dll
0x00007ffa8ca00000 - 0x00007ffa8ca36000 	C:\WINDOWS\SYSTEM32\ntmarta.dll

dbghelp: loaded successfully - version: 4.0.5 - missing functions: none
symbol engine: initialized successfully - sym options: 0x614 - pdb path: .;C:\Program Files\Java\jdk-17\bin;C:\WINDOWS\SYSTEM32;C:\WINDOWS\WinSxS\amd64_microsoft.windows.common-controls_6595b64144ccf1df_6.0.26100.6899_none_3e0efeeae32e88c1;C:\Program Files\Java\jdk-17\bin\server;C:\Users\rudra\.gradle\native\1def1411415f61bf3af743bc5b6707747c0891f09f0c88961ee8f79bc544acac\windows-amd64;C:\Users\rudra\.gradle\native\0.2.8\x86_64-windows-gnu

VM Arguments:
jvm_args: --add-opens=java.base/java.lang=ALL-UNNAMED --add-opens=java.base/java.lang.invoke=ALL-UNNAMED --add-opens=java.base/java.util=ALL-UNNAMED --add-opens=java.prefs/java.util.prefs=ALL-UNNAMED --add-exports=jdk.compiler/com.sun.tools.javac.api=ALL-UNNAMED --add-exports=jdk.compiler/com.sun.tools.javac.util=ALL-UNNAMED --add-opens=java.base/java.util=ALL-UNNAMED --add-opens=java.prefs/java.util.prefs=ALL-UNNAMED --add-opens=java.base/java.nio.charset=ALL-UNNAMED --add-opens=java.base/java.net=ALL-UNNAMED --add-opens=java.base/java.util.concurrent=ALL-UNNAMED --add-opens=java.base/java.util.concurrent.atomic=ALL-UNNAMED --add-opens=java.xml/javax.xml.namespace=ALL-UNNAMED -XX:MaxMetaspaceSize=512m -Xmx4096m -Dfile.encoding=windows-1252 -Duser.country=IN -Duser.language=en -Duser.variant -javaagent:C:\Users\rudra\.gradle\wrapper\dists\gradle-9.0.0-bin\d6wjpkvcgsg3oed0qlfss3wgl\gradle-9.0.0\lib\agents\gradle-instrumentation-agent-9.0.0.jar 
java_command: org.gradle.launcher.daemon.bootstrap.GradleDaemon 9.0.0
java_class_path (initial): C:\Users\rudra\.gradle\wrapper\dists\gradle-9.0.0-bin\d6wjpkvcgsg3oed0qlfss3wgl\gradle-9.0.0\lib\gradle-daemon-main-9.0.0.jar
Launcher Type: SUN_STANDARD

[Global flags]
     intx CICompilerCount                          = 4                                         {product} {ergonomic}
   size_t CompressedClassSpaceSize                 = 436207616                                 {product} {ergonomic}
     uint ConcGCThreads                            = 2                                         {product} {ergonomic}
     uint G1ConcRefinementThreads                  = 8                                         {product} {ergonomic}
   size_t G1HeapRegionSize                         = 2097152                                   {product} {ergonomic}
    uintx GCDrainStackTargetSize                   = 64                                        {product} {ergonomic}
   size_t InitialHeapSize                          = 132120576                                 {product} {ergonomic}
   size_t MarkStackSize                            = 4194304                                   {product} {ergonomic}
   size_t MaxHeapSize                              = 4294967296                                {product} {command line}
   size_t MaxMetaspaceSize                         = 536870912                                 {product} {command line}
   size_t MaxNewSize                               = 2575302656                                {product} {ergonomic}
   size_t MinHeapDeltaBytes                        = 2097152                                   {product} {ergonomic}
   size_t MinHeapSize                              = 8388608                                   {product} {ergonomic}
    uintx NonNMethodCodeHeapSize                   = 5839372                                {pd product} {ergonomic}
    uintx NonProfiledCodeHeapSize                  = 122909434                              {pd product} {ergonomic}
    uintx ProfiledCodeHeapSize                     = 122909434                              {pd product} {ergonomic}
    uintx ReservedCodeCacheSize                    = 251658240                              {pd product} {ergonomic}
     bool SegmentedCodeCache                       = true                                      {product} {ergonomic}
   size_t SoftMaxHeapSize                          = 4294967296                             {manageable} {ergonomic}
     bool UseCompressedClassPointers               = true                           {product lp64_product} {ergonomic}
     bool UseCompressedOops                        = true                           {product lp64_product} {ergonomic}
     bool UseG1GC                                  = true                                      {product} {ergonomic}
     bool UseLargePagesIndividualAllocation        = false                                  {pd product} {ergonomic}

Logging:
Log output configuration:
 #0: stdout all=warning uptime,level,tags
 #1: stderr all=off uptime,level,tags

Environment Variables:
JAVA_HOME=C:\Program Files\Java\jdk-17
PATH=C:\Program Files\Common Files\Oracle\Java\javapath;C:\Program Files\Microsoft\jdk-17.0.15.6-hotspot\bin;c:\Users\rudra\AppData\Local\Programs\cursor\resources\app\bin;C:\Program Files (x86)\Microsoft\Edge\Application;C:\WINDOWS\system32;C:\WINDOWS;C:\WINDOWS\System32\Wbem;C:\WINDOWS\System32\WindowsPowerShell\v1.0\;C:\WINDOWS\System32\OpenSSH\;C:\Program Files\nodejs\;C:\ProgramData\chocolatey\bin;C:\Users\rudra\AppData\Local\Microsoft\WindowsApps;C:\Users\rudra\AppData\Roaming\npm;c:\Users\rudra\AppData\Local\Programs\cursor\resources\app\bin;D:\Android\SDK;D:\Android\SDK\platform-tools;D:\Android\SDK\emulator;D:\Android\SDK\build-tools;D:\Android\SDK\platforms;C:\Program Files\Java\jdk-17;C:\Program Files\Git\cmd;C:\Program Files\MongoDB\Server\8.0\bin;C:\Program Files\MongoDB\Tools\100\bin;C:\Program Files\Redis\;C:\Program Files\MySQL\MySQL Shell 8.0\bin\;C:\Users\rudra\AppData\Local\Microsoft\WindowsApps;C:\Users\rudra\AppData\Roaming\npm;C:\Program Files\Java\jdk-17\bin;D:\Android\SDK;D:\Android\SDK\platform-tools;D:\Android\SDK\emulator;D:\Android\SDK\build-tools;D:\Android\SDK\platforms;C:\Program Files\Java\jdk-17;C:\Users\rudra\AppData\Local\Programs\Ollama;C:\Users\rudra\AppData\Local\Programs\mongosh\;C:\Users\rudra\AppData\Local\Programs\Microsoft VS Code\bin;
USERNAME=rudra
OS=Windows_NT
PROCESSOR_IDENTIFIER=Intel64 Family 6 Model 142 Stepping 10, GenuineIntel



---------------  S Y S T E M  ---------------

OS:
 Windows 11 , 64 bit Build 26100 (10.0.26100.6725)
OS uptime: 0 days 21:49 hours
Hyper-V role detected

CPU: total 8 (initial active 8) (4 cores per cpu, 2 threads per core) family 6 model 142 stepping 10 microcode 0xf6, cx8, cmov, fxsr, ht, mmx, 3dnowpref, sse, sse2, sse3, ssse3, sse4.1, sse4.2, popcnt, lzcnt, tsc, tscinvbit, avx, avx2, aes, erms, clmul, bmi1, bmi2, rtm, adx, fma, vzeroupper, clflush, clflushopt, hv

Memory: 4k page, system-wide physical 8030M (503M free)
TotalPageFile size 25883M (AvailPageFile size 328M)
current process WorkingSet (physical memory assigned to process): 759M, peak: 761M
current process commit charge ("private bytes"): 919M, peak: 1837M

vm_info: Java HotSpot(TM) 64-Bit Server VM (17.0.12+8-LTS-286) for windows-amd64 JRE (17.0.12+8-LTS-286), built on Jun  5 2024 06:46:59 by "mach5one" with MS VC++ 17.6 (VS2022)

END.
